term	first_stage	exact_hit	lower_hit	is_illegible	dict_candidates	matcher_candidates	uuid_overlap	max_frequency
""""	unmatched	False	False	False	0	0	0	0
"""250 W. 6th St."""	unmatched	False	False	False	0	0	0	0
"""this island""]"	unmatched	False	False	False	0	0	0	0
0. Suody Ridge township	unmatched	False	False	False	0	0	0	0
005 Miller avenue	unmatched	False	False	False	0	0	0	0
011 Terrill street	unmatched	False	False	False	0	0	0	0
03 North 12th street	unmatched	False	False	False	0	0	0	0
03 South Main Street	unmatched	False	False	False	0	0	0	0
058 North Liberty Street	unmatched	False	False	False	0	0	0	0
1	unmatched	False	False	True	0	0	0	0
1 Dayton Place	unmatched	False	False	False	0	0	0	0
1 West Main St	unmatched	False	False	False	0	0	0	0
1 fprrig St.	unmatched	False	False	False	0	0	0	0
10 F street northeast	unmatched	False	False	False	0	0	0	0
10 and 12 Montgomery Street	unmatched	False	False	False	0	0	0	0
100 Pennsylvania Avenue Southeast	unmatched	False	False	False	0	0	0	0
1004 Cleveland Ave.	unmatched	False	False	False	0	0	0	0
1005 Assiniboine Ave.	unmatched	False	False	False	0	0	0	0
1006 E. Jefferson Rd	unmatched	False	False	False	0	0	0	0
1006 So. 27th	unmatched	False	False	False	0	0	0	0
1007 Coronado West	unmatched	False	False	False	0	0	0	0
1007 Gore Blvd.	unmatched	False	False	False	0	0	0	0
10094 Superior Ave.	unmatched	False	False	False	0	0	0	0
101 A Witten Circle	unmatched	False	False	False	0	0	0	0
101 Buchanan	unmatched	False	False	False	0	0	0	0
101 Olive Street	unmatched	False	False	False	0	0	0	0
101 Stockton street	unmatched	False	False	False	0	0	0	0
101 W. Main St.	unmatched	False	False	False	0	0	0	0
101 West Sixty first street	unmatched	False	False	False	0	0	0	0
1010 Chittock St.	unmatched	False	False	False	0	0	0	0
1010 N. 16th St.	unmatched	False	False	False	0	0	0	0
1011 St. George street	unmatched	False	False	False	0	0	0	0
1015 W. High St.	unmatched	False	False	False	0	0	0	0
1016 Sumner street	unmatched	False	False	False	0	0	0	0
1016 Union Ave. NW	unmatched	False	False	False	0	0	0	0
1017 Ottawa Ave.	unmatched	False	False	False	0	0	0	0
1018 Pennsylvania avenue	unmatched	False	False	False	0	0	0	0
102 2nd Street	unmatched	False	False	False	0	0	0	0
102 Hayes street	unmatched	False	False	False	0	0	0	0
102 Marion Blvd.	unmatched	False	False	False	0	0	0	0
1020 Revine Street	unmatched	False	False	False	0	0	0	0
1021 Peart Street	unmatched	False	False	False	0	0	0	0
1021 Pines street	unmatched	False	False	False	0	0	0	0
1023 Girard street northeast	unmatched	False	False	False	0	0	0	0
1024 Selkirk ave.	unmatched	False	False	False	0	0	0	0
1028 Montana Ave. S.W.	unmatched	False	False	False	0	0	0	0
1028 N. Monroe Drive	unmatched	False	False	False	0	0	0	0
1037 Harmony Co.	unmatched	False	False	False	0	0	0	0
104 Maple Ave.	unmatched	False	False	False	0	0	0	0
104 N	unmatched	False	False	False	0	0	0	0
104 South Whip le street	unmatched	False	False	False	0	0	0	0
104 Walnut St.	unmatched	False	False	False	0	0	0	0
104 Wedgewood Lane	unmatched	False	False	False	0	0	0	0
104 calle Matamoros	unmatched	False	False	False	0	0	0	0
1044 Sir Francis Drake boulevard	unmatched	False	False	False	0	0	0	0
1045 N.Y.	unmatched	False	False	False	0	0	0	0
1047 Orange Street	unmatched	False	False	False	0	0	0	0
105 Morgantown street	unmatched	False	False	False	0	0	0	0
105 S. Seventh St.	unmatched	False	False	False	0	0	0	0
105 Virginia avenue	unmatched	False	False	False	0	0	0	0
1052 E Ave	unmatched	False	False	False	0	0	0	0
1057 West Fourth street	unmatched	False	False	False	0	0	0	0
106 West 22nd St.	unmatched	False	False	False	0	0	0	0
106 West Morse Street	unmatched	False	False	False	0	0	0	0
1065 Whitestone Dr.	unmatched	False	False	False	0	0	0	0
1069 Lombard Ave.	unmatched	False	False	False	0	0	0	0
107 Brook st	unmatched	False	False	False	0	0	0	0
107 East Front at	unmatched	False	False	False	0	0	0	0
107 Morgantown Street	unmatched	False	False	False	0	0	0	0
107 South Side avenue	unmatched	False	False	False	0	0	0	0
10714 Center St	unmatched	False	False	False	0	0	0	0
108 Chestnut street	unmatched	False	False	False	0	0	0	0
108 Iglehart St.	unmatched	False	False	False	0	0	0	0
108 West Edger ton st.	unmatched	False	False	False	0	0	0	0
108 in West Second St.	unmatched	False	False	False	0	0	0	0
109 Dwight road	unmatched	False	False	False	0	0	0	0
109 East Washington avenue	unmatched	False	False	False	0	0	0	0
109 FE. DuBois ave.	unmatched	False	False	False	0	0	0	0
109 W. Kemp St.	unmatched	False	False	False	0	0	0	0
10L N. Peek Ave.	unmatched	False	False	False	0	0	0	0
11 Eleventh street southeast	unmatched	False	False	False	0	0	0	0
11 Janice Drive	unmatched	False	False	False	0	0	0	0
11 Morrison Street	unmatched	False	False	False	0	0	0	0
11 Rocky Hill Drive	unmatched	False	False	False	0	0	0	0
11 Tioga St.	unmatched	False	False	False	0	0	0	0
11 Walker street	unmatched	False	False	False	0	0	0	0
11 Worth street west	unmatched	False	False	False	0	0	0	0
11 a.m. Oct. 26	unmatched	False	False	False	0	0	0	0
11 miles east of here	unmatched	False	False	False	0	0	0	0
110 Seaman street	unmatched	False	False	False	0	0	0	0
110 West 20th St.	unmatched	False	False	False	0	0	0	0
1101 Lawson St.	unmatched	False	False	False	0	0	0	0
1101 N. Hughes	unmatched	False	False	False	0	0	0	0
1103 16th St.	unmatched	False	False	False	0	0	0	0
1104 N. Sheridan Rd.	unmatched	False	False	False	0	0	0	0
1105 Hamilton Ave.	unmatched	False	False	False	0	0	0	0
1105 Jefferson Ave.	unmatched	False	False	False	0	0	0	0
1105 Osborn Ave.	unmatched	False	False	False	0	0	0	0
1106 Ninth street	unmatched	False	False	False	0	0	0	0
1106 South Lamine street	unmatched	False	False	False	0	0	0	0
1106 W. Broadway	unmatched	False	False	False	0	0	0	0
1107 North Fiftyseventh avenue	unmatched	False	False	False	0	0	0	0
111 Hayward Road	unmatched	False	False	False	0	0	0	0
111 North Drake Street	unmatched	False	False	False	0	0	0	0
111 Park avenue	unmatched	False	False	False	0	0	0	0
1110 Moore St.	unmatched	False	False	False	0	0	0	0
1110 Starr St.	unmatched	False	False	False	0	0	0	0
1111 Pacific av.	unmatched	False	False	False	0	0	0	0
1112 W. Hillcrest Ave.	unmatched	False	False	False	0	0	0	0
1113 Ninth Avenue	unmatched	False	False	False	0	0	0	0
1113 Twentyfifth avenue	unmatched	False	False	False	0	0	0	0
1114 Seventh Street	unmatched	False	False	False	0	0	0	0
1115 N. Cambria St.	unmatched	False	False	False	0	0	0	0
1116 Blackstone Drive	unmatched	False	False	False	0	0	0	0
1118 E. Front St.	unmatched	False	False	False	0	0	0	0
1118 Thirteenth Ave.	unmatched	False	False	False	0	0	0	0
1118 West Johnson street	unmatched	False	False	False	0	0	0	0
112 2nd St.	unmatched	False	False	False	0	0	0	0
112 Lathrop St.	unmatched	False	False	False	0	0	0	0
112 West Sixth St	unmatched	False	False	False	0	0	0	0
1120 Keystone	unmatched	False	False	False	0	0	0	0
1121 street	unmatched	False	False	False	0	0	0	0
1123 Adams St.	unmatched	False	False	False	0	0	0	0
1124 North Eutaw street	unmatched	False	False	False	0	0	0	0
11242 Montana Ave.	unmatched	False	False	False	0	0	0	0
1126 Caledonia street	unmatched	False	False	False	0	0	0	0
1127 South Fourth Street	unmatched	False	False	False	0	0	0	0
113	unmatched	False	False	False	0	0	0	0
1137 East Halliday	unmatched	False	False	False	0	0	0	0
1137 George	unmatched	False	False	False	0	0	0	0
114 A .St.	unmatched	False	False	False	0	0	0	0
1145 Rutledge Street	unmatched	False	False	False	0	0	0	0
115 Bridge Ro.	unmatched	False	False	False	0	0	0	0
115 St. Race St.	unmatched	False	False	False	0	0	0	0
1150 Mill Creek Way	unmatched	False	False	False	0	0	0	0
1154 Highland	unmatched	False	False	False	0	0	0	0
1155 La Vista Road	unmatched	False	False	False	0	0	0	0
1169 Jay avenue	unmatched	False	False	False	0	0	0	0
117 Sherman street	unmatched	False	False	False	0	0	0	0
117 Van Buren	unmatched	False	False	False	0	0	0	0
118 Alta street	unmatched	False	False	False	0	0	0	0
118 Court St.	unmatched	False	False	False	0	0	0	0
118 I street northeast	unmatched	False	False	False	0	0	0	0
118 West Sixth Street	unmatched	False	False	False	0	0	0	0
119 Aganier	unmatched	False	False	False	0	0	0	0
11994 Javiez St.	unmatched	False	False	False	0	0	0	0
12 DeVille Dr.	unmatched	False	False	False	0	0	0	0
12 Marion St	unmatched	False	False	False	0	0	0	0
12 North street	unmatched	False	False	False	0	0	0	0
12 Sergeant avenue	unmatched	False	False	False	0	0	0	0
12 Summer Street	unmatched	False	False	False	0	0	0	0
12 W. Corwin Sr.	unmatched	False	False	False	0	0	0	0
12 miles south of Fredericksburg on US 1	unmatched	False	False	False	0	0	0	0
120 Farragut St.	unmatched	False	False	False	0	0	0	0
1204 Avenue E	unmatched	False	False	False	0	0	0	0
1204 Villa Street	unmatched	False	False	False	0	0	0	0
1205 Jackson at	unmatched	False	False	False	0	0	0	0
1206 Bluff Ave.	unmatched	False	False	False	0	0	0	0
1206 Murphy Avenue	unmatched	False	False	False	0	0	0	0
1207 Lincoln Avenue	unmatched	False	False	False	0	0	0	0
1208 Del.	unmatched	False	False	False	0	0	0	0
121 Concord St	unmatched	False	False	False	0	0	0	0
1211 E. Cherry in Sherman	unmatched	False	False	False	0	0	0	0
1212 16th St.	unmatched	False	False	False	0	0	0	0
1217 N. Cottage	unmatched	False	False	False	0	0	0	0
1217 New York ave.	unmatched	False	False	False	0	0	0	0
1218 Girard street	unmatched	False	False	False	0	0	0	0
1218 Hazel Dr.	unmatched	False	False	False	0	0	0	0
1218A Fulton street	unmatched	False	False	False	0	0	0	0
122 E. 4th Street	unmatched	False	False	False	0	0	0	0
122 North 1 street	unmatched	False	False	False	0	0	0	0
1220 Broadway	unmatched	False	False	False	0	0	0	0
1222 Nocturne Dr.	unmatched	False	False	False	0	0	0	0
1222 State street	unmatched	False	False	False	0	0	0	0
1226 Oneida Street	unmatched	False	False	False	0	0	0	0
1227 Dorothy St.	unmatched	False	False	False	0	0	0	0
123 Bowhall Rd.	unmatched	False	False	False	0	0	0	0
1231 Nelson street	unmatched	False	False	False	0	0	0	0
12329 Hawkeye Pointe	unmatched	False	False	False	0	0	0	0
1236 Norton	unmatched	False	False	False	0	0	0	0
1236 Second Avenue	unmatched	False	False	False	0	0	0	0
124 N. First St.	unmatched	False	False	False	0	0	0	0
1240 Irving street	unmatched	False	False	False	0	0	0	0
1240 N. Main St.	unmatched	False	False	False	0	0	0	0
12421 Central Ave.	unmatched	False	False	False	0	0	0	0
1244 Hemlock Drive	unmatched	False	False	False	0	0	0	0
1249 Haines Rd.	unmatched	False	False	False	0	0	0	0
125 Manple street	unmatched	False	False	False	0	0	0	0
125 Thirty-sixth Street NE	unmatched	False	False	False	0	0	0	0
1253 Alice Street	unmatched	False	False	False	0	0	0	0
12587 Leslie Rd.	unmatched	False	False	False	0	0	0	0
126 Falconer Street	unmatched	False	False	False	0	0	0	0
126 Union St.	unmatched	False	False	False	0	0	0	0
1276 Ilague Ave.	unmatched	False	False	False	0	0	0	0
128 Ferris Ave	unmatched	False	False	False	0	0	0	0
128 N. Sycamore	unmatched	False	False	False	0	0	0	0
128 North Cedar Street	unmatched	False	False	False	0	0	0	0
129 New Hampshire street	unmatched	False	False	False	0	0	0	0
1298 Galbraith Rd	unmatched	False	False	False	0	0	0	0
12th Ave and Seventh Avenue	unmatched	False	False	False	0	0	0	0
13 Cliff Street	unmatched	False	False	False	0	0	0	0
13 Lincoln Drive	unmatched	False	False	False	0	0	0	0
13 Sherman Ave.	unmatched	False	False	False	0	0	0	0
13 Warren St.	unmatched	False	False	False	0	0	0	0
1300 BE. 276 St.	unmatched	False	False	False	0	0	0	0
1300 George	unmatched	False	False	False	0	0	0	0
1304 East 17th North	unmatched	False	False	False	0	0	0	0
1305 Prairie Drive	unmatched	False	False	False	0	0	0	0
1306 Mary St.	unmatched	False	False	False	0	0	0	0
1306 W. Main St.	unmatched	False	False	False	0	0	0	0
1307 Fairmount avenue	unmatched	False	False	False	0	0	0	0
1307 S. Delaware	unmatched	False	False	False	0	0	0	0
1308 W. Levee St.	unmatched	False	False	False	0	0	0	0
131 Bridge Ave.	unmatched	False	False	False	0	0	0	0
131 East 34th St.	unmatched	False	False	False	0	0	0	0
131 Florida avenue northwest	unmatched	False	False	False	0	0	0	0
131 Salem Drive	unmatched	False	False	False	0	0	0	0
1312 Cadillac Dr.	unmatched	False	False	False	0	0	0	0
1313 Eagle Street	unmatched	False	False	False	0	0	0	0
1313 East Third street	unmatched	False	False	False	0	0	0	0
1313 Massachusetts Avenue Northwest	unmatched	False	False	False	0	0	0	0
1313 vns Drive	unmatched	False	False	False	0	0	0	0
1314 North Third street	unmatched	False	False	False	0	0	0	0
1315 Avenue J	unmatched	False	False	False	0	0	0	0
1317 Liberty Street	unmatched	False	False	False	0	0	0	0
131742 Crescent Rd	unmatched	False	False	False	0	0	0	0
1318 East Third Street	unmatched	False	False	False	0	0	0	0
1320 Cleveland avenue	unmatched	False	False	False	0	0	0	0
1321 36th St.	unmatched	False	False	False	0	0	0	0
1323 Lake street	unmatched	False	False	False	0	0	0	0
1323 Miami St.	unmatched	False	False	False	0	0	0	0
133 Davie Ct.	unmatched	False	False	False	0	0	0	0
1333 Madison Ave.	unmatched	False	False	False	0	0	0	0
134 Manchester Street	unmatched	False	False	False	0	0	0	0
134 South street	unmatched	False	False	False	0	0	0	0
1340 Kentucky Street	unmatched	False	False	False	0	0	0	0
135 Bronson Rd	unmatched	False	False	False	0	0	0	0
136 Fourth Ave. E.	unmatched	False	False	False	0	0	0	0
136 Poplar street	unmatched	False	False	False	0	0	0	0
13610 LaCuerta Ave	unmatched	False	False	False	0	0	0	0
1362 Parkwood Place N.W.	unmatched	False	False	False	0	0	0	0
138 Center Alley	unmatched	False	False	False	0	0	0	0
138 Main St.	unmatched	False	False	False	0	0	0	0
139 Franks street	unmatched	False	False	False	0	0	0	0
14 Corwin street	unmatched	False	False	False	0	0	0	0
14 E street southeast	unmatched	False	False	False	0	0	0	0
14 Fifth Avenue	unmatched	False	False	False	0	0	0	0
14 Hillcrest Manor	unmatched	False	False	False	0	0	0	0
14 Lincoln Avenue	unmatched	False	False	False	0	0	0	0
14 Marshall Street	unmatched	False	False	False	0	0	0	0
14 Wort 58th street	unmatched	False	False	False	0	0	0	0
14 miles west of Kayenta	unmatched	False	False	False	0	0	0	0
140 Carol Lane	unmatched	False	False	False	0	0	0	0
1401 Sheridan street N.W.	unmatched	False	False	False	0	0	0	0
1402 Dakota avenue	unmatched	False	False	False	0	0	0	0
1404 O street	unmatched	False	False	False	0	0	0	0
1405 Carrst	unmatched	False	False	False	0	0	0	0
1406 A Street	unmatched	False	False	False	0	0	0	0
1406 Less St.	unmatched	False	False	False	0	0	0	0
1406 Mulberry Ave.	unmatched	False	False	False	0	0	0	0
1408 Fairway	unmatched	False	False	False	0	0	0	0
1409 Woodlawn avenue	unmatched	False	False	False	0	0	0	0
1410 Eagle St.	unmatched	False	False	False	0	0	0	0
1410 South 16th Street	unmatched	False	False	False	0	0	0	0
1411 Parnell	unmatched	False	False	False	0	0	0	0
1412 Euclid St	unmatched	False	False	False	0	0	0	0
1412 Orange Avenue	unmatched	False	False	False	0	0	0	0
1415 N. 16th St.	unmatched	False	False	False	0	0	0	0
1416th Ave.	unmatched	False	False	False	0	0	0	0
1417 North Washington street	unmatched	False	False	False	0	0	0	0
1418 Up land Ave.	unmatched	False	False	False	0	0	0	0
1419 Bland Boulevard	unmatched	False	False	False	0	0	0	0
1419 Second avenue SE	unmatched	False	False	False	0	0	0	0
142 West High Street	unmatched	False	False	False	0	0	0	0
1420 Nottingham Road	unmatched	False	False	False	0	0	0	0
1423 Park Avenue	unmatched	False	False	False	0	0	0	0
1424 W John	unmatched	False	False	False	0	0	0	0
1425 Ordlee St.	unmatched	False	False	False	0	0	0	0
1426 Goodale Ave.	unmatched	False	False	False	0	0	0	0
1427 Sampson	unmatched	False	False	False	0	0	0	0
1428 Mifflin street	unmatched	False	False	False	0	0	0	0
1429 Bellevue Avenue	unmatched	False	False	False	0	0	0	0
1429 North street	unmatched	False	False	False	0	0	0	0
143 Winston Ave.	unmatched	False	False	False	0	0	0	0
1431 South The Kansas City	unmatched	False	False	False	0	0	0	0
1437 Chatham street	unmatched	False	False	False	0	0	0	0
144 Spruce St	unmatched	False	False	False	0	0	0	0
1441 Wood	unmatched	False	False	False	0	0	0	0
1447 E	unmatched	False	False	False	0	0	0	0
145 Ray Mar Village	unmatched	False	False	False	0	0	0	0
1452 14th St. N.W.	unmatched	False	False	False	0	0	0	0
1456 N. Springfield	unmatched	False	False	False	0	0	0	0
1457 LinesIn avenue	unmatched	False	False	False	0	0	0	0
145?	unmatched	False	False	False	0	0	0	0
1470 Peterson Ave.	unmatched	False	False	False	0	0	0	0
1471 Irving Street Northwest	unmatched	False	False	False	0	0	0	0
15 2nd NE	unmatched	False	False	False	0	0	0	0
15 Fair Street	unmatched	False	False	False	0	0	0	0
1501 Lafayette Ave.	unmatched	False	False	False	0	0	0	0
1502 A St.	unmatched	False	False	False	0	0	0	0
1502 Seventh Avenue	unmatched	False	False	False	0	0	0	0
1503 N. Main street	unmatched	False	False	False	0	0	0	0
1503 Pats Dr.	unmatched	False	False	False	0	0	0	0
1504 Seventeenth Street	unmatched	False	False	False	0	0	0	0
1506 Linden avenue	unmatched	False	False	False	0	0	0	0
1506 Randy Lane	unmatched	False	False	False	0	0	0	0
1509 Parkway St.	unmatched	False	False	False	0	0	0	0
1509 Seventh Ave.	unmatched	False	False	False	0	0	0	0
151 Amity St.	unmatched	False	False	False	0	0	0	0
151 North Williams St.	unmatched	False	False	False	0	0	0	0
1510 Commerce St.	unmatched	False	False	False	0	0	0	0
1512 Michigan Avenue	unmatched	False	False	False	0	0	0	0
1513 E avenue northeast	unmatched	False	False	False	0	0	0	0
1513 Main Street	unmatched	False	False	False	0	0	0	0
1515 Seventh Ave. W.	unmatched	False	False	False	0	0	0	0
1515 South Grand	unmatched	False	False	False	0	0	0	0
1518 East Market Street	unmatched	False	False	False	0	0	0	0
151st St.	unmatched	False	False	False	0	0	0	0
152 Doxey court	unmatched	False	False	False	0	0	0	0
152 First Avenue	unmatched	False	False	False	0	0	0	0
15205 Marilyn Dr.	unmatched	False	False	False	0	0	0	0
1521 Park street	unmatched	False	False	False	0	0	0	0
1522 Houston	unmatched	False	False	False	0	0	0	0
1524D Oldtowne Manor	unmatched	False	False	False	0	0	0	0
1530 West Madison street	unmatched	False	False	False	0	0	0	0
1534 Clermont street	unmatched	False	False	False	0	0	0	0
154 North Main St.	unmatched	False	False	False	0	0	0	0
1544 Davenport Avenue	unmatched	False	False	False	0	0	0	0
1545 Fourth street N.W.	unmatched	False	False	False	0	0	0	0
155 South Forest Hill Drive	unmatched	False	False	False	0	0	0	0
1555 Boyd Ave.	unmatched	False	False	False	0	0	0	0
1563 Dodge Street	unmatched	False	False	False	0	0	0	0
158 Main St.	unmatched	False	False	False	0	0	0	0
158 Pennsylvania Ave.	unmatched	False	False	False	0	0	0	0
159 Blanche Street	unmatched	False	False	False	0	0	0	0
159 No Green St	unmatched	False	False	False	0	0	0	0
1593 Figueroa street	unmatched	False	False	False	0	0	0	0
16 Coventry Court	unmatched	False	False	False	0	0	0	0
16 Hemlock Hill Road	unmatched	False	False	False	0	0	0	0
16 Partridge Ave.	unmatched	False	False	False	0	0	0	0
16 Pollard street	unmatched	False	False	False	0	0	0	0
16 South Rockburn street	unmatched	False	False	False	0	0	0	0
160 Fomeroy avenue	unmatched	False	False	False	0	0	0	0
160 Franklin St.	unmatched	False	False	False	0	0	0	0
1607 17th street	unmatched	False	False	False	0	0	0	0
1607 Margaretha Ave.	unmatched	False	False	False	0	0	0	0
1608 South Twelfth St.	unmatched	False	False	False	0	0	0	0
160T 2 Street	unmatched	False	False	False	0	0	0	0
1610 Prairie street	unmatched	False	False	False	0	0	0	0
1614 S. Carolina	unmatched	False	False	False	0	0	0	0
1615 Clifton Avenue	unmatched	False	False	False	0	0	0	0
1616 Ohio Street	unmatched	False	False	False	0	0	0	0
1618 East Seventh	unmatched	False	False	False	0	0	0	0
1618 West Twentysixth	unmatched	False	False	False	0	0	0	0
162 Lower Orchard Drive	unmatched	False	False	False	0	0	0	0
1621 Opossum Town Pike	unmatched	False	False	False	0	0	0	0
1622 Dual Highway	unmatched	False	False	False	0	0	0	0
1624 1th street northwest	unmatched	False	False	False	0	0	0	0
1628 Alpine Drive	unmatched	False	False	False	0	0	0	0
163 City Hill St.	unmatched	False	False	False	0	0	0	0
1630 Smead street	unmatched	False	False	False	0	0	0	0
1632 Hanover street	unmatched	False	False	False	0	0	0	0
164 Hespeler Avenue	unmatched	False	False	False	0	0	0	0
1641B Morgan Ct.	unmatched	False	False	False	0	0	0	0
1646 Fast street	unmatched	False	False	False	0	0	0	0
1651 East Main Road	unmatched	False	False	False	0	0	0	0
166 Ravine St.	unmatched	False	False	False	0	0	0	0
1660 King St.	unmatched	False	False	False	0	0	0	0
1662 E. Lynn Sr.	unmatched	False	False	False	0	0	0	0
1696 Steensland Jr.	unmatched	False	False	False	0	0	0	0
16th street	unmatched	False	False	False	0	0	0	0
17 College street	unmatched	False	False	False	0	0	0	0
17 Idolstone Road	unmatched	False	False	False	0	0	0	0
17 N Haven Dr.	unmatched	False	False	False	0	0	0	0
17 N. Thacker Ave.	unmatched	False	False	False	0	0	0	0
17 Pierce avenue	unmatched	False	False	False	0	0	0	0
17 Sweeney Lane	unmatched	False	False	False	0	0	0	0
1700 Glenn Ave.	unmatched	False	False	False	0	0	0	0
1703 Chatham St.	unmatched	False	False	False	0	0	0	0
1704 3rd Ave.	unmatched	False	False	False	0	0	0	0
1708 Diane Street	unmatched	False	False	False	0	0	0	0
1709 Ba Tronne street	unmatched	False	False	False	0	0	0	0
1710 Flemming Road	unmatched	False	False	False	0	0	0	0
1712 N. Ohio Ave.	unmatched	False	False	False	0	0	0	0
1715 S. Oxnard Blvd.	unmatched	False	False	False	0	0	0	0
1717 Onsgard Rd.	unmatched	False	False	False	0	0	0	0
1718 Primrose Drive	unmatched	False	False	False	0	0	0	0
1721 Belmont Street	unmatched	False	False	False	0	0	0	0
1721 Green Street	unmatched	False	False	False	0	0	0	0
1724 Buckeye Ave.	unmatched	False	False	False	0	0	0	0
1726 Ohio 503	unmatched	False	False	False	0	0	0	0
1737 E. Second	unmatched	False	False	False	0	0	0	0
1741 Banker Place	unmatched	False	False	False	0	0	0	0
1745 N street	unmatched	False	False	False	0	0	0	0
175 Tretune Ave	unmatched	False	False	False	0	0	0	0
1766 Central Avenue	unmatched	False	False	False	0	0	0	0
1767 State St.	unmatched	False	False	False	0	0	0	0
1771 Morada Pl.	unmatched	False	False	False	0	0	0	0
1792 Michigan Street	unmatched	False	False	False	0	0	0	0
1793 Boca Raton Court	unmatched	False	False	False	0	0	0	0
1793 Broadway	unmatched	False	False	False	0	0	0	0
18 Elm Drive	unmatched	False	False	False	0	0	0	0
18 Ferry Blvd.	unmatched	False	False	False	0	0	0	0
18 High St.	unmatched	False	False	False	0	0	0	0
18 Lafayette ave.	unmatched	False	False	False	0	0	0	0
18 McCrea St.	unmatched	False	False	False	0	0	0	0
18 Richards Drive	unmatched	False	False	False	0	0	0	0
18 South Capitol St	unmatched	False	False	False	0	0	0	0
18 i East St. James St.	unmatched	False	False	False	0	0	0	0
180 Bonham	unmatched	False	False	False	0	0	0	0
1801 Holland Street	unmatched	False	False	False	0	0	0	0
1804 Quih St Weel	unmatched	False	False	False	0	0	0	0
1807 S. Michigan st.	unmatched	False	False	False	0	0	0	0
1811 Key Boulevard	unmatched	False	False	False	0	0	0	0
1811 N. Zarramora street	unmatched	False	False	False	0	0	0	0
1812 Myrtle Street	unmatched	False	False	False	0	0	0	0
1817 Smead street	unmatched	False	False	False	0	0	0	0
1818 Webster street	unmatched	False	False	False	0	0	0	0
182 Eighteenth street northwest	unmatched	False	False	False	0	0	0	0
1820 Byers avenue	unmatched	False	False	False	0	0	0	0
1824 55th St.	unmatched	False	False	False	0	0	0	0
1824 Logan Ave	unmatched	False	False	False	0	0	0	0
1825 Robinson avenue	unmatched	False	False	False	0	0	0	0
182nd St.	unmatched	False	False	False	0	0	0	0
1834 Girard avenue 8	unmatched	False	False	False	0	0	0	0
18394 Green St.	unmatched	False	False	False	0	0	0	0
184 Hardacre Dr.	unmatched	False	False	False	0	0	0	0
1843 Hawk ins Court	unmatched	False	False	False	0	0	0	0
1849 West Twentieth street	unmatched	False	False	False	0	0	0	0
185 Low Street	unmatched	False	False	False	0	0	0	0
1862 Shawnee Rd.	unmatched	False	False	False	0	0	0	0
189 Claremont Ave	unmatched	False	False	False	0	0	0	0
18938 South Third street	unmatched	False	False	False	0	0	0	0
19 Barr St	unmatched	False	False	False	0	0	0	0
19 Dunlogging Road	unmatched	False	False	False	0	0	0	0
19 East Fourth Street	unmatched	False	False	False	0	0	0	0
19 Pickney Road	unmatched	False	False	False	0	0	0	0
19 Ross Street	unmatched	False	False	False	0	0	0	0
190 Third St.	unmatched	False	False	False	0	0	0	0
1900 R street northwest	unmatched	False	False	False	0	0	0	0
1901 Adams st.	unmatched	False	False	False	0	0	0	0
1904 Market street	unmatched	False	False	False	0	0	0	0
1910 14th St.	unmatched	False	False	False	0	0	0	0
192 North Main St.	unmatched	False	False	False	0	0	0	0
1930 Shelby street	unmatched	False	False	False	0	0	0	0
1940 S. Vermont	unmatched	False	False	False	0	0	0	0
1944 Eighteenth street	unmatched	False	False	False	0	0	0	0
195 Oklahoma Ave. SW	unmatched	False	False	False	0	0	0	0
1961 South Arizona Street	unmatched	False	False	False	0	0	0	0
1966 Sugar Creek Drive	unmatched	False	False	False	0	0	0	0
197 E. 18th St.	unmatched	False	False	False	0	0	0	0
1MN. Hickory St	unmatched	False	False	False	0	0	0	0
1st Ave. N	unmatched	False	False	False	0	0	0	0
1st Baptist church	unmatched	False	False	False	0	0	0	0
2	unmatched	False	False	False	0	0	0	0
2 Austin St.	unmatched	False	False	False	0	0	0	0
2 Condor street	unmatched	False	False	False	0	0	0	0
2 F street northeast	unmatched	False	False	False	0	0	0	0
2 Jefferson street	unmatched	False	False	False	0	0	0	0
2 Lakeview Drive	unmatched	False	False	False	0	0	0	0
2 Laurel Road	unmatched	False	False	False	0	0	0	0
2 School St.	unmatched	False	False	False	0	0	0	0
2 W. Spruce St	unmatched	False	False	False	0	0	0	0
2 miles west of Economy	unmatched	False	False	False	0	0	0	0
2 miles west of Harrison	unmatched	False	False	False	0	0	0	0
2 street near First street northwest	unmatched	False	False	False	0	0	0	0
20 McKinley Avenue	unmatched	False	False	False	0	0	0	0
20 Staveley street	unmatched	False	False	False	0	0	0	0
200 block of Star Lane	unmatched	False	False	False	0	0	0	0
2005 George street	unmatched	False	False	False	0	0	0	0
2008 Kanawha Blvd.	unmatched	False	False	False	0	0	0	0
2009 George street	unmatched	False	False	False	0	0	0	0
201 State St.	unmatched	False	False	False	0	0	0	0
2010 Waverly Dr.	unmatched	False	False	False	0	0	0	0
20104 E. 13th St. Ter. South	unmatched	False	False	False	0	0	0	0
2011 Mata moros street	unmatched	False	False	False	0	0	0	0
2012 Cisco Court	unmatched	False	False	False	0	0	0	0
2014 Jackson street	unmatched	False	False	False	0	0	0	0
2016 Mission Street	unmatched	False	False	False	0	0	0	0
202 St. Francis	unmatched	False	False	False	0	0	0	0
2023 Elm	unmatched	False	False	False	0	0	0	0
2032 4th street northwest	unmatched	False	False	False	0	0	0	0
204 E. Thorn St.	unmatched	False	False	False	0	0	0	0
204 Maxon St.	unmatched	False	False	False	0	0	0	0
2041 Euclid Ave.	unmatched	False	False	False	0	0	0	0
2045 W. Main St.	unmatched	False	False	False	0	0	0	0
205 Conifer Drive	unmatched	False	False	False	0	0	0	0
205 S. Bozeman	unmatched	False	False	False	0	0	0	0
205 South Seventh Street	unmatched	False	False	False	0	0	0	0
206 Forest ave.	unmatched	False	False	False	0	0	0	0
206 Tredale Rd	unmatched	False	False	False	0	0	0	0
206 West 29th place	unmatched	False	False	False	0	0	0	0
207 Mill St.	unmatched	False	False	False	0	0	0	0
207 Oglethorpe Avenue	unmatched	False	False	False	0	0	0	0
208 Hillcrest Circle	unmatched	False	False	False	0	0	0	0
208 Liberty street	unmatched	False	False	False	0	0	0	0
209 Dow street	unmatched	False	False	False	0	0	0	0
209 North Ave.	unmatched	False	False	False	0	0	0	0
21 N. Morgantown St.	unmatched	False	False	False	0	0	0	0
21 N. Pelham St.	unmatched	False	False	False	0	0	0	0
21 Rhode Island Avenue N.W.	unmatched	False	False	False	0	0	0	0
210 Bradshaw	unmatched	False	False	False	0	0	0	0
210 East 11th St.	unmatched	False	False	False	0	0	0	0
210 East Fairview Avenue	unmatched	False	False	False	0	0	0	0
210 Paris avenue	unmatched	False	False	False	0	0	0	0
2102 Fifth avenue	unmatched	False	False	False	0	0	0	0
2103 South Limit Avenue	unmatched	False	False	False	0	0	0	0
2108 Jackson Sr.	unmatched	False	False	False	0	0	0	0
2109 La Fayette Circle	unmatched	False	False	False	0	0	0	0
211 Yeager St.	unmatched	False	False	False	0	0	0	0
2110 Avenue F	unmatched	False	False	False	0	0	0	0
2111 South Sixth Street	unmatched	False	False	False	0	0	0	0
2112 Highland St	unmatched	False	False	False	0	0	0	0
2116 Sixth St. NW	unmatched	False	False	False	0	0	0	0
2119 Ramsey	unmatched	False	False	False	0	0	0	0
212 East Boyd Street	unmatched	False	False	False	0	0	0	0
212 W. Vernon	unmatched	False	False	False	0	0	0	0
212 Walnut Street	unmatched	False	False	False	0	0	0	0
212 West Doty street	unmatched	False	False	False	0	0	0	0
21221 Dettmering	unmatched	False	False	False	0	0	0	0
2125 Bolivar	unmatched	False	False	False	0	0	0	0
2126 S. Wall St.	unmatched	False	False	False	0	0	0	0
213 N. Madison St.	unmatched	False	False	False	0	0	0	0
214 Carter St.	unmatched	False	False	False	0	0	0	0
214 Dewey St.	unmatched	False	False	False	0	0	0	0
214 Orchard Street	unmatched	False	False	False	0	0	0	0
214 South Woodlawn avenue	unmatched	False	False	False	0	0	0	0
2141 Hanna Street	unmatched	False	False	False	0	0	0	0
215 No. Washington	unmatched	False	False	False	0	0	0	0
215 South th street	unmatched	False	False	False	0	0	0	0
215 W. Muskingum St.	unmatched	False	False	False	0	0	0	0
2151 32nd avenue	unmatched	False	False	False	0	0	0	0
216 Fulton Street	unmatched	False	False	False	0	0	0	0
216 South First Street	unmatched	False	False	False	0	0	0	0
2166 Seeman sr.	unmatched	False	False	False	0	0	0	0
217 Baltimore	unmatched	False	False	False	0	0	0	0
217 N. Main St.	unmatched	False	False	False	0	0	0	0
217 Wells Ave.	unmatched	False	False	False	0	0	0	0
218 Gilmer St.	unmatched	False	False	False	0	0	0	0
219 Cooper Street	unmatched	False	False	False	0	0	0	0
219 Marberm Road	unmatched	False	False	False	0	0	0	0
219 Schermerhorn Street	unmatched	False	False	False	0	0	0	0
2191 Notre Dame Ave.	unmatched	False	False	False	0	0	0	0
22 Armory St.	unmatched	False	False	False	0	0	0	0
22 Clyde Lane	unmatched	False	False	False	0	0	0	0
22 South Linwood Street	unmatched	False	False	False	0	0	0	0
22 Tilt St. SW	unmatched	False	False	False	0	0	0	0
22 West Mapla Street	unmatched	False	False	False	0	0	0	0
220 Chris Ave.	unmatched	False	False	False	0	0	0	0
220 E. 3rd street	unmatched	False	False	False	0	0	0	0
2202 Duncan Street	unmatched	False	False	False	0	0	0	0
2207 L street	unmatched	False	False	False	0	0	0	0
221 Barber street	unmatched	False	False	False	0	0	0	0
221 Murphy	unmatched	False	False	False	0	0	0	0
2212 Hughes	unmatched	False	False	False	0	0	0	0
2213 Gnahn street	unmatched	False	False	False	0	0	0	0
2214 Jefferson St.	unmatched	False	False	False	0	0	0	0
2215 Eton Ridge	unmatched	False	False	False	0	0	0	0
2215 Tydd Street	unmatched	False	False	False	0	0	0	0
2218 Thome Street	unmatched	False	False	False	0	0	0	0
222 3rd st.	unmatched	False	False	False	0	0	0	0
222 N. Whitford	unmatched	False	False	False	0	0	0	0
2227 Avenue M	unmatched	False	False	False	0	0	0	0
2229 S. J.	unmatched	False	False	False	0	0	0	0
2237 Riverview street	unmatched	False	False	False	0	0	0	0
224 22nd street	unmatched	False	False	False	0	0	0	0
225 East 95th St. Apt SA	unmatched	False	False	False	0	0	0	0
225 Shafer Avenue	unmatched	False	False	False	0	0	0	0
225 South Winth Street	unmatched	False	False	False	0	0	0	0
225 W. Market St.	unmatched	False	False	False	0	0	0	0
2256 Highridge Terrace	unmatched	False	False	False	0	0	0	0
226 Patterson	unmatched	False	False	False	0	0	0	0
227 Patterson St.	unmatched	False	False	False	0	0	0	0
228 Sandmyer street	unmatched	False	False	False	0	0	0	0
2284 Telegraph Avenue	unmatched	False	False	False	0	0	0	0
229 East Ninth St.	unmatched	False	False	False	0	0	0	0
229 Randolph	unmatched	False	False	False	0	0	0	0
229 River street	unmatched	False	False	False	0	0	0	0
229 Third street northwest	unmatched	False	False	False	0	0	0	0
229 Twentythird street drive SE	unmatched	False	False	False	0	0	0	0
23 Charles St. Georgetown	unmatched	False	False	False	0	0	0	0
23 S. Hanna St.	unmatched	False	False	False	0	0	0	0
23 Willow Avenue	unmatched	False	False	False	0	0	0	0
230 Norris ct.	unmatched	False	False	False	0	0	0	0
230 S. Pennsylvania Ave.	unmatched	False	False	False	0	0	0	0
230 W. Main St.	unmatched	False	False	False	0	0	0	0
231 North 8th St.	unmatched	False	False	False	0	0	0	0
23105 Lowell St	unmatched	False	False	False	0	0	0	0
2311 R	unmatched	False	False	False	0	0	0	0
232 Hinds St.	unmatched	False	False	False	0	0	0	0
2326 21st avenue	unmatched	False	False	False	0	0	0	0
2326 North Washington boulevard	unmatched	False	False	False	0	0	0	0
2329 N. 13th St.	unmatched	False	False	False	0	0	0	0
233 Three Mile Drive	unmatched	False	False	False	0	0	0	0
2331 Broadway	unmatched	False	False	False	0	0	0	0
2339 Eighth St	unmatched	False	False	False	0	0	0	0
2341 East Atwood Drive	unmatched	False	False	False	0	0	0	0
2347 Grant Blvd.	unmatched	False	False	False	0	0	0	0
236	unmatched	False	False	True	0	0	0	0
237 Summer Street	unmatched	False	False	False	0	0	0	0
237 West Fourth street	unmatched	False	False	False	0	0	0	0
238 155th street	unmatched	False	False	False	0	0	0	0
238 Market St.	unmatched	False	False	False	0	0	0	0
24 East Sixtyelev enth Street	unmatched	False	False	False	0	0	0	0
24 Howest	unmatched	False	False	False	0	0	0	0
24 Park Avenue	unmatched	False	False	False	0	0	0	0
240 South 100 East	unmatched	False	False	False	0	0	0	0
240 South Main St	unmatched	False	False	False	0	0	0	0
2400 East Avenue	unmatched	False	False	False	0	0	0	0
2405 North Fourteenth Street	unmatched	False	False	False	0	0	0	0
2409 new Bomber Talbott avenue	unmatched	False	False	False	0	0	0	0
2411 1st street northwest	unmatched	False	False	False	0	0	0	0
2413 Heard Street	unmatched	False	False	False	0	0	0	0
242512 llth street	unmatched	False	False	False	0	0	0	0
244 Charm Ave.	unmatched	False	False	False	0	0	0	0
2442 DavisMonthan field	unmatched	False	False	False	0	0	0	0
2446 State Highway 8	unmatched	False	False	False	0	0	0	0
245 North Bishop avenue	unmatched	False	False	False	0	0	0	0
245 West Third St.	unmatched	False	False	False	0	0	0	0
2463A Moran Street	unmatched	False	False	False	0	0	0	0
24on.	unmatched	False	False	False	0	0	0	0
25 Danforth Avenue	unmatched	False	False	False	0	0	0	0
25 Linden St.	unmatched	False	False	False	0	0	0	0
250 Manitoba Avenue	unmatched	False	False	False	0	0	0	0
2501 Liberty Heights Ave.	unmatched	False	False	False	0	0	0	0
251 Delaware Ave.	unmatched	False	False	False	0	0	0	0
2517 Avenue Q	unmatched	False	False	False	0	0	0	0
252 Amherst Street	unmatched	False	False	False	0	0	0	0
2521 Charles Town Ave.	unmatched	False	False	False	0	0	0	0
253 Kennard street	unmatched	False	False	False	0	0	0	0
253A Walshs Road	unmatched	False	False	False	0	0	0	0
254 Elm street	unmatched	False	False	False	0	0	0	0
2589 Housley Road	unmatched	False	False	False	0	0	0	0
26 Emerson street	unmatched	False	False	False	0	0	0	0
26 Gould Avenue	unmatched	False	False	False	0	0	0	0
26 Rensselaer Avenue	unmatched	False	False	False	0	0	0	0
26 West Sixth Avenue	unmatched	False	False	False	0	0	0	0
260 St. Seventh St.	unmatched	False	False	False	0	0	0	0
2600 E. Geneseesy	unmatched	False	False	False	0	0	0	0
2603 Avenue V	unmatched	False	False	False	0	0	0	0
2608 D Street	unmatched	False	False	False	0	0	0	0
2619 Locust	unmatched	False	False	False	0	0	0	0
264 Garside street	unmatched	False	False	False	0	0	0	0
2645a Jackson	unmatched	False	False	False	0	0	0	0
2685 E. 115 St.	unmatched	False	False	False	0	0	0	0
27 Lamberton Street	unmatched	False	False	False	0	0	0	0
272 West Ninth St.	unmatched	False	False	False	0	0	0	0
2727 East Broadway	unmatched	False	False	False	0	0	0	0
2733 Chicago street	unmatched	False	False	False	0	0	0	0
2759 Durham Street Extension	unmatched	False	False	False	0	0	0	0
2768 Vnly Drive	unmatched	False	False	False	0	0	0	0
2773 Madison Ave	unmatched	False	False	False	0	0	0	0
279 Beaumont Street	unmatched	False	False	False	0	0	0	0
27th Ward	unmatched	False	False	False	0	0	0	0
28 East Curtis street	unmatched	False	False	False	0	0	0	0
28 Maple Street	unmatched	False	False	False	0	0	0	0
28 Trumbull St.	unmatched	False	False	False	0	0	0	0
28 Woodside Ave.	unmatched	False	False	False	0	0	0	0
28051 Schram avenue	unmatched	False	False	False	0	0	0	0
2808 Stein Blvd.	unmatched	False	False	False	0	0	0	0
281 North Carver street	unmatched	False	False	False	0	0	0	0
2812 Ninth avenue	unmatched	False	False	False	0	0	0	0
2812 Parker	unmatched	False	False	False	0	0	0	0
2815 Las Palmas	unmatched	False	False	False	0	0	0	0
2823 Ashby Avenue	unmatched	False	False	False	0	0	0	0
2830 Avenue	unmatched	False	False	False	0	0	0	0
2833 Avenue J	unmatched	False	False	False	0	0	0	0
28487 LoganHorns Mill Rd.	unmatched	False	False	False	0	0	0	0
285 Tabor Ave.	unmatched	False	False	False	0	0	0	0
287 Hammonds Lane	unmatched	False	False	False	0	0	0	0
287 Second St.	unmatched	False	False	False	0	0	0	0
287 South Twenty-fourth Street	unmatched	False	False	False	0	0	0	0
289	unmatched	False	False	False	0	0	0	0
29 Copley terrace	unmatched	False	False	False	0	0	0	0
29 Dixon sr.	unmatched	False	False	False	0	0	0	0
29 Gwyn Avenue	unmatched	False	False	False	0	0	0	0
29 Highway Road	unmatched	False	False	False	0	0	0	0
29 Lack st	unmatched	False	False	False	0	0	0	0
2908 Johnson St.	unmatched	False	False	False	0	0	0	0
2916 Tew Road	unmatched	False	False	False	0	0	0	0
292 Walnut street	unmatched	False	False	False	0	0	0	0
2953 Pennsylvania Ave.	unmatched	False	False	False	0	0	0	0
3 Katherine St.	unmatched	False	False	False	0	0	0	0
3 Phillips street	unmatched	False	False	False	0	0	0	0
3 Sunset Avenue	unmatched	False	False	False	0	0	0	0
3 West Liberty Street	unmatched	False	False	False	0	0	0	0
30 Columbia Ave.	unmatched	False	False	False	0	0	0	0
300 Curtis St.	unmatched	False	False	False	0	0	0	0
300 Peck St.	unmatched	False	False	False	0	0	0	0
301 B street northeast	unmatched	False	False	False	0	0	0	0
301 North Poplar Street	unmatched	False	False	False	0	0	0	0
3018 College Avenue	unmatched	False	False	False	0	0	0	0
302 Cape Hetteras	unmatched	False	False	False	0	0	0	0
302 Parkway St.	unmatched	False	False	False	0	0	0	0
302 West Market Street	unmatched	False	False	False	0	0	0	0
3025 Dickson Drive	unmatched	False	False	False	0	0	0	0
3026 Central Ave.	unmatched	False	False	False	0	0	0	0
303 North Franklin Street	unmatched	False	False	False	0	0	0	0
303 Purvis Lane	unmatched	False	False	False	0	0	0	0
303 Westminster Ave	unmatched	False	False	False	0	0	0	0
3031 Hardesty Avenue	unmatched	False	False	False	0	0	0	0
3031 Summit St	unmatched	False	False	False	0	0	0	0
3035 Drexel Ave.	unmatched	False	False	False	0	0	0	0
304 Ohio av	unmatched	False	False	False	0	0	0	0
304 Stewart White Road	unmatched	False	False	False	0	0	0	0
3044 Vineland Tr.	unmatched	False	False	False	0	0	0	0
3049 Erie St.	unmatched	False	False	False	0	0	0	0
3049 Wall Avenue	unmatched	False	False	False	0	0	0	0
305 W. South St.	unmatched	False	False	False	0	0	0	0
306 E. Monroe	unmatched	False	False	False	0	0	0	0
306 Steath Street	unmatched	False	False	False	0	0	0	0
306 Warlson street	unmatched	False	False	False	0	0	0	0
307 Blanton St.	unmatched	False	False	False	0	0	0	0
307 N. Indiana Aves	unmatched	False	False	False	0	0	0	0
307 West Seventh Street	unmatched	False	False	False	0	0	0	0
308 N. Prospect Ave.	unmatched	False	False	False	0	0	0	0
308 South West	unmatched	False	False	False	0	0	0	0
3088 Leond St	unmatched	False	False	False	0	0	0	0
309 Sherman	unmatched	False	False	False	0	0	0	0
309 Sixth street SE	unmatched	False	False	False	0	0	0	0
31 Albert Street	unmatched	False	False	False	0	0	0	0
31 East Street	unmatched	False	False	False	0	0	0	0
31 Timmerman St.	unmatched	False	False	False	0	0	0	0
31 miles north of here	unmatched	False	False	False	0	0	0	0
3101 Selden Ave.	unmatched	False	False	False	0	0	0	0
311 Linden Avenue	unmatched	False	False	False	0	0	0	0
311 South Easy St.	unmatched	False	False	False	0	0	0	0
3112 Ruby Ave.	unmatched	False	False	False	0	0	0	0
3113 Davis Ave.	unmatched	False	False	False	0	0	0	0
3118 Potawatomi Rd.	unmatched	False	False	False	0	0	0	0
312 Calif.	unmatched	False	False	False	0	0	0	0
312 Handley Blvd.	unmatched	False	False	False	0	0	0	0
312 W. 9th St.	unmatched	False	False	False	0	0	0	0
313 8th Street	unmatched	False	False	False	0	0	0	0
313 South Royal street	unmatched	False	False	False	0	0	0	0
314 Rivera Drive	unmatched	False	False	False	0	0	0	0
314 Wordsworth Avenue	unmatched	False	False	False	0	0	0	0
3145 E. Broadway	unmatched	False	False	False	0	0	0	0
315 N. Providence Road	unmatched	False	False	False	0	0	0	0
315 S. Elmer Ave.	unmatched	False	False	False	0	0	0	0
315 South Iowa Avenue	unmatched	False	False	False	0	0	0	0
315 West Main street	unmatched	False	False	False	0	0	0	0
316 Patton street	unmatched	False	False	False	0	0	0	0
316 Ramsey street	unmatched	False	False	False	0	0	0	0
316 S. 17th St.	unmatched	False	False	False	0	0	0	0
316 South Chester street	unmatched	False	False	False	0	0	0	0
316 Van Buren street	unmatched	False	False	False	0	0	0	0
317 Adams St.	unmatched	False	False	False	0	0	0	0
317 South Yates street	unmatched	False	False	False	0	0	0	0
318 E. Irvin Aye	unmatched	False	False	False	0	0	0	0
318 southeast Seventh street	unmatched	False	False	False	0	0	0	0
319 Stonycreek St.	unmatched	False	False	False	0	0	0	0
319 Wagner St.	unmatched	False	False	False	0	0	0	0
319 Washington street	unmatched	False	False	False	0	0	0	0
31B North St.	unmatched	False	False	False	0	0	0	0
32 Hamel Avenue	unmatched	False	False	False	0	0	0	0
320 E. San Miguel St.	unmatched	False	False	False	0	0	0	0
320 West Walnut Street	unmatched	False	False	False	0	0	0	0
3208 N suth St.	unmatched	False	False	False	0	0	0	0
3209 Elyria Avenue	unmatched	False	False	False	0	0	0	0
321 2nd NE	unmatched	False	False	False	0	0	0	0
322 East St.	unmatched	False	False	False	0	0	0	0
3224 East Broadway	unmatched	False	False	False	0	0	0	0
323 North Grand	unmatched	False	False	False	0	0	0	0
324 Sixth Street Northwest	unmatched	False	False	False	0	0	0	0
326 Aragon Boulevard	unmatched	False	False	False	0	0	0	0
326 East Mound street	unmatched	False	False	False	0	0	0	0
327 West Oak Street	unmatched	False	False	False	0	0	0	0
328 North Elm Street	unmatched	False	False	False	0	0	0	0
329 West 14th St	unmatched	False	False	False	0	0	0	0
33 Buckeye Ave.	unmatched	False	False	False	0	0	0	0
33 High street	unmatched	False	False	False	0	0	0	0
33 Richmond	unmatched	False	False	False	0	0	0	0
3305 Alamance Road	unmatched	False	False	False	0	0	0	0
3325 Monterey road	unmatched	False	False	False	0	0	0	0
333 William St.	unmatched	False	False	False	0	0	0	0
3332 A Street	unmatched	False	False	False	0	0	0	0
334 Third Street	unmatched	False	False	False	0	0	0	0
335 State St.	unmatched	False	False	False	0	0	0	0
336 Frederick street	unmatched	False	False	False	0	0	0	0
336 N. Seton Ave.	unmatched	False	False	False	0	0	0	0
339 W. Washington St.	unmatched	False	False	False	0	0	0	0
34 Easton Street	unmatched	False	False	False	0	0	0	0
34 Lovell St.	unmatched	False	False	False	0	0	0	0
342 Marietta Ave	unmatched	False	False	False	0	0	0	0
3421 Henry Street	unmatched	False	False	False	0	0	0	0
343 E. 116th St.	unmatched	False	False	False	0	0	0	0
3437 Pine	unmatched	False	False	False	0	0	0	0
346 Orient Ave.	unmatched	False	False	False	0	0	0	0
3481 East Broadway	unmatched	False	False	False	0	0	0	0
34th and Chestnut streets	unmatched	False	False	False	0	0	0	0
35 W. Conkling Ave.	unmatched	False	False	False	0	0	0	0
3501 Hawthorne La.	unmatched	False	False	False	0	0	0	0
352 Barnandoah Ave.	unmatched	False	False	False	0	0	0	0
354 Oak Road	unmatched	False	False	False	0	0	0	0
3549 Connecticut avenue	unmatched	False	False	False	0	0	0	0
355 East Jessamine Street	unmatched	False	False	False	0	0	0	0
3575 Norwood St.	unmatched	False	False	False	0	0	0	0
359 Forest	unmatched	False	False	False	0	0	0	0
360 Lakeside Road	unmatched	False	False	False	0	0	0	0
360 Wellington Crescent	unmatched	False	False	False	0	0	0	0
3619 Horn street	unmatched	False	False	False	0	0	0	0
3640 8. Howne street	unmatched	False	False	False	0	0	0	0
367 Smith Avenue	unmatched	False	False	False	0	0	0	0
3701 10th Ave.	unmatched	False	False	False	0	0	0	0
3725 Sherrills Ford Road	unmatched	False	False	False	0	0	0	0
374 S. Third St.	unmatched	False	False	False	0	0	0	0
38 Cleveland Ave	unmatched	False	False	False	0	0	0	0
38 Garfield Ave	unmatched	False	False	False	0	0	0	0
38 Ryverdale Road	unmatched	False	False	False	0	0	0	0
3807 Lexington	unmatched	False	False	False	0	0	0	0
381 East 3rd South	unmatched	False	False	False	0	0	0	0
382 Walnut Street	unmatched	False	False	False	0	0	0	0
384 North Clark Street	unmatched	False	False	False	0	0	0	0
387 Dunham Road	unmatched	False	False	False	0	0	0	0
389 Mc Donough street	unmatched	False	False	False	0	0	0	0
39 Standing Stone Avenue	unmatched	False	False	False	0	0	0	0
39 Walnut St	unmatched	False	False	False	0	0	0	0
390 E. Church St.	unmatched	False	False	False	0	0	0	0
3908 Feary Drive	unmatched	False	False	False	0	0	0	0
3909 Meyer	unmatched	False	False	False	0	0	0	0
3909 St. Clair st.	unmatched	False	False	False	0	0	0	0
3929 West Adams Street	unmatched	False	False	False	0	0	0	0
393 Abeyja Street	unmatched	False	False	False	0	0	0	0
395 W. Center College St.	unmatched	False	False	False	0	0	0	0
397 California Ave	unmatched	False	False	False	0	0	0	0
3982 Berryhill Road	unmatched	False	False	False	0	0	0	0
3985 Brumbaugh Blvd.	unmatched	False	False	False	0	0	0	0
4	unmatched	False	False	True	0	0	0	0
40 East Shirley Street	unmatched	False	False	False	0	0	0	0
40 Michigan	unmatched	False	False	False	0	0	0	0
400 South 16th street	unmatched	False	False	False	0	0	0	0
400 Stewart Ave	unmatched	False	False	False	0	0	0	0
4000 Riverside Drive	unmatched	False	False	False	0	0	0	0
401 East Sixteenth street	unmatched	False	False	False	0	0	0	0
401 Windriver Dr	unmatched	False	False	False	0	0	0	0
402 East Park Avenue	unmatched	False	False	False	0	0	0	0
402 West Americas	unmatched	False	False	False	0	0	0	0
403 Highview Rd.	unmatched	False	False	False	0	0	0	0
403 North Queen street	unmatched	False	False	False	0	0	0	0
403 Starr Ave.	unmatched	False	False	False	0	0	0	0
404 North Birch street	unmatched	False	False	False	0	0	0	0
405 East Superior Street	unmatched	False	False	False	0	0	0	0
405 Hazel Ave	unmatched	False	False	False	0	0	0	0
405 West Second Street	unmatched	False	False	False	0	0	0	0
406 North Henry Street	unmatched	False	False	False	0	0	0	0
406 southeast Twelfth street	unmatched	False	False	False	0	0	0	0
407 E. 5th st.	unmatched	False	False	False	0	0	0	0
407 East Seventh Street	unmatched	False	False	False	0	0	0	0
407 East Twelfth street	unmatched	False	False	False	0	0	0	0
407 King William Street	unmatched	False	False	False	0	0	0	0
407 North Laurel Drive	unmatched	False	False	False	0	0	0	0
4071 St Dixie Highway	unmatched	False	False	False	0	0	0	0
4079 Fullerton	unmatched	False	False	False	0	0	0	0
408 North 8th Ave.	unmatched	False	False	False	0	0	0	0
408 Washington St.	unmatched	False	False	False	0	0	0	0
409 Arlee Circle	unmatched	False	False	False	0	0	0	0
409 East Carpenter street	unmatched	False	False	False	0	0	0	0
409 Patterson Avenue	unmatched	False	False	False	0	0	0	0
409 S. Fifth St.	unmatched	False	False	False	0	0	0	0
409 S. Pine Ave.	unmatched	False	False	False	0	0	0	0
409 South New York avenue	unmatched	False	False	False	0	0	0	0
41 South Water Street	unmatched	False	False	False	0	0	0	0
41 West 70th St.	unmatched	False	False	False	0	0	0	0
410 Cincinnati Ave.	unmatched	False	False	False	0	0	0	0
410 E. 18th	unmatched	False	False	False	0	0	0	0
4100 WSL	unmatched	False	False	False	0	0	0	0
4107 South Jefferson Street	unmatched	False	False	False	0	0	0	0
4108 La Grange Dr.	unmatched	False	False	False	0	0	0	0
411 C avenue west	unmatched	False	False	False	0	0	0	0
4112 Newportville Road	unmatched	False	False	False	0	0	0	0
412 Boston Road	unmatched	False	False	False	0	0	0	0
412142 Congress	unmatched	False	False	False	0	0	0	0
413 Park St.	unmatched	False	False	False	0	0	0	0
413 Park street	unmatched	False	False	False	0	0	0	0
413 S. Main St.	unmatched	False	False	False	0	0	0	0
413 West Lake	unmatched	False	False	False	0	0	0	0
414 Joyce St.	unmatched	False	False	False	0	0	0	0
414 Mayt.	unmatched	False	False	False	0	0	0	0
4146 14th Ave	unmatched	False	False	False	0	0	0	0
415 North Plain Read	unmatched	False	False	False	0	0	0	0
415 S Milst.	unmatched	False	False	False	0	0	0	0
415 West Pike street	unmatched	False	False	False	0	0	0	0
416 Courtland Drive	unmatched	False	False	False	0	0	0	0
416 Spring avenue	unmatched	False	False	False	0	0	0	0
416 Wood street	unmatched	False	False	False	0	0	0	0
4189 Homferson i Hay.	unmatched	False	False	False	0	0	0	0
419 South Seventeenth Street	unmatched	False	False	False	0	0	0	0
42 Cabot St.	unmatched	False	False	False	0	0	0	0
42 Howell street	unmatched	False	False	False	0	0	0	0
420 College Avenue	unmatched	False	False	False	0	0	0	0
420 E. Pine St.	unmatched	False	False	False	0	0	0	0
4209 Tyler	unmatched	False	False	False	0	0	0	0
421 Halsey Street	unmatched	False	False	False	0	0	0	0
421 Redbuden	unmatched	False	False	False	0	0	0	0
421 Robert avenue	unmatched	False	False	False	0	0	0	0
4210 Twelfth street NE	unmatched	False	False	False	0	0	0	0
422 East Morris street	unmatched	False	False	False	0	0	0	0
4233 Lincoln Park Ct.	unmatched	False	False	False	0	0	0	0
4234 Raymond avenue	unmatched	False	False	False	0	0	0	0
425 E. 20th St.	unmatched	False	False	False	0	0	0	0
426 north Fourth street	unmatched	False	False	False	0	0	0	0
427 Wheeler Ave.	unmatched	False	False	False	0	0	0	0
4272 Garmon Road	unmatched	False	False	False	0	0	0	0
428 Chestnut St.	unmatched	False	False	False	0	0	0	0
428 Lowell St	unmatched	False	False	False	0	0	0	0
43 Collidge Ave.	unmatched	False	False	False	0	0	0	0
4303 Fifth avenue	unmatched	False	False	False	0	0	0	0
437 Ash NE	unmatched	False	False	False	0	0	0	0
439 University Vil lage	unmatched	False	False	False	0	0	0	0
44 Davis Square	unmatched	False	False	False	0	0	0	0
44 E. Walt St.	unmatched	False	False	False	0	0	0	0
44 EdisonFurlong Road	unmatched	False	False	False	0	0	0	0
440 Pleasant street	unmatched	False	False	False	0	0	0	0
442 Lafayette St.	unmatched	False	False	False	0	0	0	0
4422 Holly street	unmatched	False	False	False	0	0	0	0
4424 So. 32nd street	unmatched	False	False	False	0	0	0	0
4425 Avenue J	unmatched	False	False	False	0	0	0	0
4428 East 231st Street	unmatched	False	False	False	0	0	0	0
4437 Gladys	unmatched	False	False	False	0	0	0	0
4440 Summit Street	unmatched	False	False	False	0	0	0	0
447 S. Franklin	unmatched	False	False	False	0	0	0	0
447 South Railroad avenue	unmatched	False	False	False	0	0	0	0
449 Victoria avenue	unmatched	False	False	False	0	0	0	0
45 Beil	unmatched	False	False	False	0	0	0	0
45 Main street	unmatched	False	False	False	0	0	0	0
45 N. Detroit Street	unmatched	False	False	False	0	0	0	0
45 South Street	unmatched	False	False	False	0	0	0	0
45 West High street	unmatched	False	False	False	0	0	0	0
450 Vermont Ave.	unmatched	False	False	False	0	0	0	0
4503 Fifth Avenue	unmatched	False	False	False	0	0	0	0
4508 Burkey Road	unmatched	False	False	False	0	0	0	0
451 W. Sanborn St.	unmatched	False	False	False	0	0	0	0
4510 Loganway	unmatched	False	False	False	0	0	0	0
45140	unmatched	False	False	False	0	0	0	0
452 K street NW	unmatched	False	False	False	0	0	0	0
4530 South Seventh st.	unmatched	False	False	False	0	0	0	0
454 Madison Ave.	unmatched	False	False	False	0	0	0	0
457 Toepfer Ave.	unmatched	False	False	False	0	0	0	0
458 Bean Road	unmatched	False	False	False	0	0	0	0
46 Jackson Street East	unmatched	False	False	False	0	0	0	0
4611 State Line	unmatched	False	False	False	0	0	0	0
4618 Johnson Avenue	unmatched	False	False	False	0	0	0	0
462 St. Johns Ave	unmatched	False	False	False	0	0	0	0
4620 Lauressie Lane	unmatched	False	False	False	0	0	0	0
4622 Ellicott Street NW	unmatched	False	False	False	0	0	0	0
465 Lafayette Street	unmatched	False	False	False	0	0	0	0
47 Gilbert Road	unmatched	False	False	False	0	0	0	0
4717 Homer avenue	unmatched	False	False	False	0	0	0	0
4718 Lark Ridge Sarasota	unmatched	False	False	False	0	0	0	0
476 E. 309 St.	unmatched	False	False	False	0	0	0	0
48 Harrison Ave.	unmatched	False	False	False	0	0	0	0
4810 Nightingale Drive	unmatched	False	False	False	0	0	0	0
4820 25th Ave.	unmatched	False	False	False	0	0	0	0
485 Sherbrook Street	unmatched	False	False	False	0	0	0	0
4858 Homerlee Ave	unmatched	False	False	False	0	0	0	0
486 South St.	unmatched	False	False	False	0	0	0	0
49 East Main	unmatched	False	False	False	0	0	0	0
49 ia squtees	unmatched	False	False	False	0	0	0	0
491 Church Street	unmatched	False	False	False	0	0	0	0
4928 Rocky River Dr.	unmatched	False	False	False	0	0	0	0
495 Cottage Grove Ave.	unmatched	False	False	False	0	0	0	0
4H Building	unmatched	False	False	False	0	0	0	0
5 Daytona Ave.	unmatched	False	False	False	0	0	0	0
5 E. 6th St.	unmatched	False	False	False	0	0	0	0
5 Grant Street	unmatched	False	False	False	0	0	0	0
5 Kimberly Lane	unmatched	False	False	False	0	0	0	0
5 South Walnut Street	unmatched	False	False	False	0	0	0	0
50 Atlantic Ave	unmatched	False	False	False	0	0	0	0
50 North Johnson	unmatched	False	False	False	0	0	0	0
50 Seventh street southeast	unmatched	False	False	False	0	0	0	0
500 Crockett Blvd	unmatched	False	False	False	0	0	0	0
501 First avenue north	unmatched	False	False	False	0	0	0	0
501 Midvale Blvd.	unmatched	False	False	False	0	0	0	0
501 Poll Street	unmatched	False	False	False	0	0	0	0
502 Blaine St.	unmatched	False	False	False	0	0	0	0
502 Main St.	unmatched	False	False	False	0	0	0	0
502 Maryland Ave. Cumberland	unmatched	False	False	False	0	0	0	0
50244 First Avenue	unmatched	False	False	False	0	0	0	0
5026 West 118th Place	unmatched	False	False	False	0	0	0	0
502E Minto Ave. S.E.	unmatched	False	False	False	0	0	0	0
503 7th St. S.E.	unmatched	False	False	False	0	0	0	0
503 Watertown St	unmatched	False	False	False	0	0	0	0
504 N. Washington	unmatched	False	False	False	0	0	0	0
504 Phoenix Ridg.	unmatched	False	False	False	0	0	0	0
504 Valley View Dr.	unmatched	False	False	False	0	0	0	0
505 E. John Sims Parkway	unmatched	False	False	False	0	0	0	0
505 Leland Street	unmatched	False	False	False	0	0	0	0
505 Washington Ave.	unmatched	False	False	False	0	0	0	0
506 North C Street	unmatched	False	False	False	0	0	0	0
506 South Prince street	unmatched	False	False	False	0	0	0	0
506 Stoeckly Place	unmatched	False	False	False	0	0	0	0
506 north East First street	unmatched	False	False	False	0	0	0	0
507 Don Marquis Dr.	unmatched	False	False	False	0	0	0	0
507 Oakland Blvd.	unmatched	False	False	False	0	0	0	0
507 San Felipe St.	unmatched	False	False	False	0	0	0	0
507 West Brown Street	unmatched	False	False	False	0	0	0	0
508 West Princess Street	unmatched	False	False	False	0	0	0	0
509 High Street (residence)	unmatched	False	False	False	0	0	0	0
509 Locust	unmatched	False	False	False	0	0	0	0
51 Liberty St.	unmatched	False	False	False	0	0	0	0
51 Michigan avenue	unmatched	False	False	False	0	0	0	0
510 1st Ave S.	unmatched	False	False	False	0	0	0	0
510 Cass street	unmatched	False	False	False	0	0	0	0
510 E. Fremont street	unmatched	False	False	False	0	0	0	0
510 West Green Street	unmatched	False	False	False	0	0	0	0
5102 Galley Road	unmatched	False	False	False	0	0	0	0
5108 Scenic highway	unmatched	False	False	False	0	0	0	0
5109 St Salina St.	unmatched	False	False	False	0	0	0	0
511 West In St.	unmatched	False	False	False	0	0	0	0
511 of eet Ster	unmatched	False	False	False	0	0	0	0
5119 Paddock Avenue	unmatched	False	False	False	0	0	0	0
512 N. Fillmore	unmatched	False	False	False	0	0	0	0
513 Beechmill Court	unmatched	False	False	False	0	0	0	0
513 Manatee Ave. E.	unmatched	False	False	False	0	0	0	0
513 Michigan City Rd.	unmatched	False	False	False	0	0	0	0
513 West Second street	unmatched	False	False	False	0	0	0	0
514 Bigelow St.	unmatched	False	False	False	0	0	0	0
515 Visit Avenue	unmatched	False	False	False	0	0	0	0
516 Walnut street	unmatched	False	False	False	0	0	0	0
516 Webster St.	unmatched	False	False	False	0	0	0	0
5168 Peru Road	unmatched	False	False	False	0	0	0	0
517 Tipperary Dr.	unmatched	False	False	False	0	0	0	0
518 North Broadway	unmatched	False	False	False	0	0	0	0
519 Wyoming Street	unmatched	False	False	False	0	0	0	0
52 Arlington Ave.	unmatched	False	False	False	0	0	0	0
520 West One Hundred and Fortyfourth Street	unmatched	False	False	False	0	0	0	0
521 S. Franklin	unmatched	False	False	False	0	0	0	0
522 Chestnut street	unmatched	False	False	False	0	0	0	0
522 S. Mills sr.	unmatched	False	False	False	0	0	0	0
522 West Coates Street	unmatched	False	False	False	0	0	0	0
5224 Stoneleigh	unmatched	False	False	False	0	0	0	0
5233 13th Ave.	unmatched	False	False	False	0	0	0	0
5241 Koksilah	unmatched	False	False	False	0	0	0	0
5242 Arkansas Street	unmatched	False	False	False	0	0	0	0
525 Pasadena	unmatched	False	False	False	0	0	0	0
525 W. Fourth St.	unmatched	False	False	False	0	0	0	0
526 East Hayden	unmatched	False	False	False	0	0	0	0
529 6th Ave.	unmatched	False	False	False	0	0	0	0
53 Benzold Avenue	unmatched	False	False	False	0	0	0	0
531 N. Franklin	unmatched	False	False	False	0	0	0	0
5321 16th St.	unmatched	False	False	False	0	0	0	0
535 Hooker street	unmatched	False	False	False	0	0	0	0
535 Wherle Ave.	unmatched	False	False	False	0	0	0	0
5387 Madison Avenue	unmatched	False	False	False	0	0	0	0
54 Anna St.	unmatched	False	False	False	0	0	0	0
54 County road	unmatched	False	False	False	0	0	0	0
54 Elm Street	unmatched	False	False	False	0	0	0	0
54 Ninth street southeast	unmatched	False	False	False	0	0	0	0
542 South Fifth street	unmatched	False	False	False	0	0	0	0
5423 Lake Avenue	unmatched	False	False	False	0	0	0	0
5424 W. Congress	unmatched	False	False	False	0	0	0	0
544 Ken ty Ave	unmatched	False	False	False	0	0	0	0
547 Railroad St.	unmatched	False	False	False	0	0	0	0
5475 Salem plc.	unmatched	False	False	False	0	0	0	0
55 Pertiane Road	unmatched	False	False	False	0	0	0	0
55 School St.	unmatched	False	False	False	0	0	0	0
55 West Thirtythird street	unmatched	False	False	False	0	0	0	0
550 Waldron Road	unmatched	False	False	False	0	0	0	0
5515 Hays St.	unmatched	False	False	False	0	0	0	0
552 Park Lawn Estate	unmatched	False	False	False	0	0	0	0
555 Pittsburgh St.	unmatched	False	False	False	0	0	0	0
5669 Van Dyke road	unmatched	False	False	False	0	0	0	0
5695 Werk road	unmatched	False	False	False	0	0	0	0
5697 Sunset Drive	unmatched	False	False	False	0	0	0	0
5750 Grange Avenue	unmatched	False	False	False	0	0	0	0
58 Elm Street	unmatched	False	False	False	0	0	0	0
587 15th Avenue	unmatched	False	False	False	0	0	0	0
59 Gilbert avenue	unmatched	False	False	False	0	0	0	0
59 S. East St.	unmatched	False	False	False	0	0	0	0
5907 Belmont Avenue	unmatched	False	False	False	0	0	0	0
6 Hast Elmira Street	unmatched	False	False	False	0	0	0	0
60 Lexington Street	unmatched	False	False	False	0	0	0	0
600 East Laing Avenue	unmatched	False	False	False	0	0	0	0
600 Plymouth Street SW.	unmatched	False	False	False	0	0	0	0
601 City	unmatched	False	False	False	0	0	0	0
601 Comstock Ave.	unmatched	False	False	False	0	0	0	0
602 Harrison St.	unmatched	False	False	False	0	0	0	0
602 Mendel Terrace	unmatched	False	False	False	0	0	0	0
602 Third St.	unmatched	False	False	False	0	0	0	0
603 Easton street	unmatched	False	False	False	0	0	0	0
604 N. Second	unmatched	False	False	False	0	0	0	0
604 SE 4th	unmatched	False	False	False	0	0	0	0
605 Fairwinds Dr.	unmatched	False	False	False	0	0	0	0
605 NE 15th St	unmatched	False	False	False	0	0	0	0
606 E Winona Ave.	unmatched	False	False	False	0	0	0	0
606 South Depot street	unmatched	False	False	False	0	0	0	0
607 North Third street	unmatched	False	False	False	0	0	0	0
607 Vail St.	unmatched	False	False	False	0	0	0	0
608 Eighth avenue	unmatched	False	False	False	0	0	0	0
608 Starr Avenue	unmatched	False	False	False	0	0	0	0
608 W. Jefferson street	unmatched	False	False	False	0	0	0	0
609 Commerce Street	unmatched	False	False	False	0	0	0	0
609 W. High Ave.	unmatched	False	False	False	0	0	0	0
609 West Third street	unmatched	False	False	False	0	0	0	0
61 Fairgrounds Ave.	unmatched	False	False	False	0	0	0	0
610 G	unmatched	False	False	False	0	0	0	0
610 North street	unmatched	False	False	False	0	0	0	0
610 Rainey St	unmatched	False	False	False	0	0	0	0
610 Riverside	unmatched	False	False	False	0	0	0	0
610 South Fremont avenue	unmatched	False	False	False	0	0	0	0
6109 Guinea Pike	unmatched	False	False	False	0	0	0	0
611 Fleet avenue north	unmatched	False	False	False	0	0	0	0
613 N. Notre Dame st.	unmatched	False	False	False	0	0	0	0
613 West Kentucky street	unmatched	False	False	False	0	0	0	0
616 3rd St SE	unmatched	False	False	False	0	0	0	0
617 Lagoon Ave.	unmatched	False	False	False	0	0	0	0
619 East Howard Avenue	unmatched	False	False	False	0	0	0	0
619 Gilmore st.	unmatched	False	False	False	0	0	0	0
619 North Fayette	unmatched	False	False	False	0	0	0	0
619 S. Seventh St.	unmatched	False	False	False	0	0	0	0
6194 Avenue F	unmatched	False	False	False	0	0	0	0
620 Sherman av	unmatched	False	False	False	0	0	0	0
621 East Third Street	unmatched	False	False	False	0	0	0	0
6215 Michigan Avenue	unmatched	False	False	False	0	0	0	0
622 S.E. 10th St.	unmatched	False	False	False	0	0	0	0
622 South Mille street	unmatched	False	False	False	0	0	0	0
623 Colonial drive	unmatched	False	False	False	0	0	0	0
624 Sheridan Dr.	unmatched	False	False	False	0	0	0	0
625 Lakeview Drive	unmatched	False	False	False	0	0	0	0
626 Church St.	unmatched	False	False	False	0	0	0	0
626 Michigan Street	unmatched	False	False	False	0	0	0	0
626 South River street	unmatched	False	False	False	0	0	0	0
627 South Ninth street west	unmatched	False	False	False	0	0	0	0
630 Gregg Street	unmatched	False	False	False	0	0	0	0
630 W. Bonita Ave.	unmatched	False	False	False	0	0	0	0
631 E. Adolphus	unmatched	False	False	False	0	0	0	0
631 North Third Street	unmatched	False	False	False	0	0	0	0
6310 Peace Pipe Or.	unmatched	False	False	False	0	0	0	0
634 Eighth East Street	unmatched	False	False	False	0	0	0	0
634 West Summit	unmatched	False	False	False	0	0	0	0
6341 Woodward Ave.	unmatched	False	False	False	0	0	0	0
64	unmatched	False	False	True	0	0	0	0
643 Holgate Avenue	unmatched	False	False	False	0	0	0	0
6460 state Route 46	unmatched	False	False	False	0	0	0	0
65 South Hickory Lane	unmatched	False	False	False	0	0	0	0
65 Tamiami Trail	unmatched	False	False	False	0	0	0	0
654 E. State	unmatched	False	False	False	0	0	0	0
6542 N. Grand Canyon Seventh Ave.	unmatched	False	False	False	0	0	0	0
657 Waukegan road	unmatched	False	False	False	0	0	0	0
66 Hunter St.	unmatched	False	False	False	0	0	0	0
66 Maryland Street	unmatched	False	False	False	0	0	0	0
66 Natural Springs Road	unmatched	False	False	False	0	0	0	0
66 Wilberforce Ave. Rose Bay	unmatched	False	False	False	0	0	0	0
6609 Alabama av.	unmatched	False	False	False	0	0	0	0
668 Holly avenue	unmatched	False	False	False	0	0	0	0
66th district	unmatched	False	False	False	0	0	0	0
67 Haailin Road	unmatched	False	False	False	0	0	0	0
678 First St.	unmatched	False	False	False	0	0	0	0
683 W. Second St.	unmatched	False	False	False	0	0	0	0
6833 22nd Ave.	unmatched	False	False	False	0	0	0	0
6851 Foothill Boulevard	unmatched	False	False	False	0	0	0	0
69 Eso pus Avenue	unmatched	False	False	False	0	0	0	0
690 th University avenue	unmatched	False	False	False	0	0	0	0
692 Horry Street	unmatched	False	False	False	0	0	0	0
692 Hume Street	unmatched	False	False	False	0	0	0	0
6928 W. Grand Ave	unmatched	False	False	False	0	0	0	0
7 Bedell Ave	unmatched	False	False	False	0	0	0	0
7 Elizabeth Ave.	unmatched	False	False	False	0	0	0	0
7 Oak road	unmatched	False	False	False	0	0	0	0
7 Park Street	unmatched	False	False	False	0	0	0	0
701 Arch St.	unmatched	False	False	False	0	0	0	0
701 Indiana street	unmatched	False	False	False	0	0	0	0
702 Church Street	unmatched	False	False	False	0	0	0	0
703 Blaine	unmatched	False	False	False	0	0	0	0
703 West Montgomery Street	unmatched	False	False	False	0	0	0	0
704 Barbee St.	unmatched	False	False	False	0	0	0	0
704 Marshall Rd.	unmatched	False	False	False	0	0	0	0
705 Glenwood Ave.	unmatched	False	False	False	0	0	0	0
705 West Broadway	unmatched	False	False	False	0	0	0	0
707 Genesee avenue	unmatched	False	False	False	0	0	0	0
707 Ward Street	unmatched	False	False	False	0	0	0	0
709 Bruner street	unmatched	False	False	False	0	0	0	0
71 Johnson Ave.	unmatched	False	False	False	0	0	0	0
71 Jordan St.	unmatched	False	False	False	0	0	0	0
711 Caroline St.	unmatched	False	False	False	0	0	0	0
711 Vicentia street	unmatched	False	False	False	0	0	0	0
712 Stafford Road	unmatched	False	False	False	0	0	0	0
714 Bringhurst	unmatched	False	False	False	0	0	0	0
714 DeKalb Ave.	unmatched	False	False	False	0	0	0	0
714 Gostlin	unmatched	False	False	False	0	0	0	0
715 Eighteenth street SE	unmatched	False	False	False	0	0	0	0
716 Adams St.	unmatched	False	False	False	0	0	0	0
716 Riopelle	unmatched	False	False	False	0	0	0	0
717 Grand avenue	unmatched	False	False	False	0	0	0	0
717 W. French Place	unmatched	False	False	False	0	0	0	0
718 N Columbus Street	unmatched	False	False	False	0	0	0	0
718 Rathgar St.	unmatched	False	False	False	0	0	0	0
719 East Central Avenue	unmatched	False	False	False	0	0	0	0
71a beth Street	unmatched	False	False	False	0	0	0	0
72 Baxter St	unmatched	False	False	False	0	0	0	0
720 South College Street	unmatched	False	False	False	0	0	0	0
7202 Beechtree Drive	unmatched	False	False	False	0	0	0	0
7212 Havelock	unmatched	False	False	False	0	0	0	0
723 McKinley Avenue	unmatched	False	False	False	0	0	0	0
725 W. 16th St.	unmatched	False	False	False	0	0	0	0
73 Connellsville street	unmatched	False	False	False	0	0	0	0
731 Seventh Avenue	unmatched	False	False	False	0	0	0	0
7316 Canal	unmatched	False	False	False	0	0	0	0
733 Mather St	unmatched	False	False	False	0	0	0	0
733 W. Iowa St.	unmatched	False	False	False	0	0	0	0
7348 Reading Road	unmatched	False	False	False	0	0	0	0
737 Fifteenth Street	unmatched	False	False	False	0	0	0	0
739 Eleanor St	unmatched	False	False	False	0	0	0	0
7402 40th Ave.	unmatched	False	False	False	0	0	0	0
7416 Chaco NE	unmatched	False	False	False	0	0	0	0
748 Mansan avenue	unmatched	False	False	False	0	0	0	0
75 Hand Ave	unmatched	False	False	False	0	0	0	0
7600 8 Kemp Lane	unmatched	False	False	False	0	0	0	0
76010	unmatched	False	False	False	0	0	0	0
761 Main Avenue West	unmatched	False	False	False	0	0	0	0
762 Portland Avenue	unmatched	False	False	False	0	0	0	0
765 Clifton Street	unmatched	False	False	False	0	0	0	0
78 Carver at.	unmatched	False	False	False	0	0	0	0
78 South Clark Street	unmatched	False	False	False	0	0	0	0
780 Baker St.	unmatched	False	False	False	0	0	0	0
788 1/2 Broad Creek Road	unmatched	False	False	False	0	0	0	0
7920 Allard Court	unmatched	False	False	False	0	0	0	0
795 Rush St.	unmatched	False	False	False	0	0	0	0
7988 Reynolds Road	unmatched	False	False	False	0	0	0	0
7th Ward	unmatched	False	False	False	0	0	0	0
8 S. C.	mnt	True	True	False	1	1	1	1
8 West 182d Street	unmatched	False	False	False	0	0	0	0
80 Fifteenth street	unmatched	False	False	False	0	0	0	0
80 South Brazos	unmatched	False	False	False	0	0	0	0
801 Mohican Ave.	unmatched	False	False	False	0	0	0	0
802 Lindsay St.	unmatched	False	False	False	0	0	0	0
802 South Davis street	unmatched	False	False	False	0	0	0	0
803 South Mast Street	unmatched	False	False	False	0	0	0	0
804 Hazlett St.	unmatched	False	False	False	0	0	0	0
805 Willow Avenue	unmatched	False	False	False	0	0	0	0
806 20th Ave.	unmatched	False	False	False	0	0	0	0
806 Perry street	unmatched	False	False	False	0	0	0	0
807 Erie Ave	unmatched	False	False	False	0	0	0	0
807 Ford St.	unmatched	False	False	False	0	0	0	0
807 Grace Avenue	unmatched	False	False	False	0	0	0	0
811 Talitor street	unmatched	False	False	False	0	0	0	0
812 N. 9th	unmatched	False	False	False	0	0	0	0
813 B avenue NE	unmatched	False	False	False	0	0	0	0
813 North Rowe Street	unmatched	False	False	False	0	0	0	0
815 N. University Blvd.	unmatched	False	False	False	0	0	0	0
816 Avenue C	unmatched	False	False	False	0	0	0	0
816 N. Taylor	unmatched	False	False	False	0	0	0	0
816 Oakley St.	unmatched	False	False	False	0	0	0	0
82 Brooklyn street	unmatched	False	False	False	0	0	0	0
82 San Pablo avenue	unmatched	False	False	False	0	0	0	0
820 N. Garfield	unmatched	False	False	False	0	0	0	0
820 Twentise and street	unmatched	False	False	False	0	0	0	0
822 Miami Avenue	unmatched	False	False	False	0	0	0	0
825 Guadalupe street	unmatched	False	False	False	0	0	0	0
830 J street north west	unmatched	False	False	False	0	0	0	0
8318 Hendrickson Road	unmatched	False	False	False	0	0	0	0
832 Rigsby Avenue	unmatched	False	False	False	0	0	0	0
836 North Charlotte Street	unmatched	False	False	False	0	0	0	0
837 North Schodde Street	unmatched	False	False	False	0	0	0	0
837 South Washington Street	unmatched	False	False	False	0	0	0	0
838 Harrison avenue	unmatched	False	False	False	0	0	0	0
841 Tenth avenue north	unmatched	False	False	False	0	0	0	0
844 Windsor Avenue	unmatched	False	False	False	0	0	0	0
84L Lake Concord Road	unmatched	False	False	False	0	0	0	0
853 E. Magnolia	unmatched	False	False	False	0	0	0	0
853 Willow drive	unmatched	False	False	False	0	0	0	0
854 Ravencrest ave.	unmatched	False	False	False	0	0	0	0
855 Massachusetts Ave.	unmatched	False	False	False	0	0	0	0
855 York Street	unmatched	False	False	False	0	0	0	0
857 Ramona Ave.	unmatched	False	False	False	0	0	0	0
86 S. Gallatin Ave.	unmatched	False	False	False	0	0	0	0
861 Peeples street	unmatched	False	False	False	0	0	0	0
8610 Sangamon St.	unmatched	False	False	False	0	0	0	0
864 Edgehill Road	unmatched	False	False	False	0	0	0	0
87 S. Irvine Ave.	unmatched	False	False	False	0	0	0	0
874 Center St.	unmatched	False	False	False	0	0	0	0
8750 E. McDowell Rd.	unmatched	False	False	False	0	0	0	0
877 Fortyseventh street	unmatched	False	False	False	0	0	0	0
892 Ironwood Drive	unmatched	False	False	False	0	0	0	0
9 E. Seneca St.	unmatched	False	False	False	0	0	0	0
9 Grove Street	unmatched	False	False	False	0	0	0	0
9 West 16th St.	unmatched	False	False	False	0	0	0	0
90 Crandall St.	unmatched	False	False	False	0	0	0	0
900 N. Waller	unmatched	False	False	False	0	0	0	0
903 Elliott street	unmatched	False	False	False	0	0	0	0
904 Courtland Street	unmatched	False	False	False	0	0	0	0
904 East St.	unmatched	False	False	False	0	0	0	0
905 19th St	unmatched	False	False	False	0	0	0	0
905 South Birch Street	unmatched	False	False	False	0	0	0	0
906 E. McKenzie St.	unmatched	False	False	False	0	0	0	0
906 Tanner S	unmatched	False	False	False	0	0	0	0
907 LeRoy Ave.	unmatched	False	False	False	0	0	0	0
907 Orner street	unmatched	False	False	False	0	0	0	0
908 Hastern Avenue	unmatched	False	False	False	0	0	0	0
908 Phim street	unmatched	False	False	False	0	0	0	0
908 Pittsburgh St.	unmatched	False	False	False	0	0	0	0
91 Main St.	unmatched	False	False	False	0	0	0	0
911 Church street	unmatched	False	False	False	0	0	0	0
912 Avenue NW	unmatched	False	False	False	0	0	0	0
913 S. 16th St.	unmatched	False	False	False	0	0	0	0
9139 Blade Jd.	unmatched	False	False	False	0	0	0	0
9139 North Fiftyfirst street	unmatched	False	False	False	0	0	0	0
914 Railroad St.	unmatched	False	False	False	0	0	0	0
915 Maple Ave.	unmatched	False	False	False	0	0	0	0
915 N. LeClaire	unmatched	False	False	False	0	0	0	0
915 North Second street	unmatched	False	False	False	0	0	0	0
917 Ninth Ave.	unmatched	False	False	False	0	0	0	0
917 West Fifth	unmatched	False	False	False	0	0	0	0
919 Forest Park Blvd.	unmatched	False	False	False	0	0	0	0
921 Lake street	unmatched	False	False	False	0	0	0	0
921 South Walnut	unmatched	False	False	False	0	0	0	0
922 North Flower Street	unmatched	False	False	False	0	0	0	0
924 12th street	unmatched	False	False	False	0	0	0	0
925 EB. John son st.	unmatched	False	False	False	0	0	0	0
928 Mitchell Ave	unmatched	False	False	False	0	0	0	0
929 Ponder Avenue	unmatched	False	False	False	0	0	0	0
93 Washington Avenue	unmatched	False	False	False	0	0	0	0
930 Pierson Street	unmatched	False	False	False	0	0	0	0
932 Central Ave. Extension	unmatched	False	False	False	0	0	0	0
934 Ballinger	unmatched	False	False	False	0	0	0	0
934 Madison avenue	unmatched	False	False	False	0	0	0	0
9343 Broadway	unmatched	False	False	False	0	0	0	0
938 Edgewater ct	unmatched	False	False	False	0	0	0	0
940 Will Mil road	unmatched	False	False	False	0	0	0	0
941 Central Ave.	unmatched	False	False	False	0	0	0	0
9411 Revere Lane	unmatched	False	False	False	0	0	0	0
946 Firs	unmatched	False	False	False	0	0	0	0
95 Chino Ave.	unmatched	False	False	False	0	0	0	0
950 West Lafayette avenues	unmatched	False	False	False	0	0	0	0
951 Sheri Lane	unmatched	False	False	False	0	0	0	0
9523 Mt. Auburn Ave.	unmatched	False	False	False	0	0	0	0
9529 Liberty Road	unmatched	False	False	False	0	0	0	0
96 Grove street	unmatched	False	False	False	0	0	0	0
967 Oakland Road	unmatched	False	False	False	0	0	0	0
99 Lincoln Street	unmatched	False	False	False	0	0	0	0
9930 Markham street	unmatched	False	False	False	0	0	0	0
?	unmatched	False	False	True	0	0	0	0
@24 I	unmatched	False	False	False	0	0	0	0
A. Tomasi farmhouse	unmatched	False	False	False	0	0	0	0
A.D. 3	unmatched	False	False	False	0	0	0	0
ADRIAN	mnt	True	True	False	19	22	19	40
AL	mnt	True	True	False	1	5	1	2125
AP	unmatched	False	False	False	0	0	0	0
API plant	unmatched	False	False	False	0	0	0	0
AR 2	unmatched	False	False	False	0	0	0	0
AUSBURG	spelling	False	False	False	0	6	0	0
Abaittownehip	unmatched	False	False	False	0	0	0	0
Abbottstown R.D. 1	mnt	False	False	False	0	1	0	0
Aberdeen	mnt	True	True	False	25	27	21	42
Abilene	mnt	True	True	False	6	6	6	54
Absher refinery blaze near Shelby	unmatched	False	False	False	0	0	0	0
Acton	mnt	True	True	False	26	126	22	40
Ada	mnt	True	True	False	16	16	15	148
Adam Center	spelling	False	False	False	0	1	0	0
Adams	mnt	True	True	False	82	84	79	342
Adams County	transform	False	False	False	0	16	0	0
Adams County Courthouse	unmatched	False	False	False	0	0	0	0
Adams County Fair grounds	unmatched	False	False	False	0	0	0	0
Addison	mnt	True	True	False	21	20	20	195
Ade laide street	unmatched	False	False	False	0	0	0	0
Adirondack mountains	mnt	False	True	False	1	1	1	1
Adliswil	unmatched	False	False	False	0	0	0	0
Administrator	unmatched	False	False	False	0	0	0	0
Advent Christian Church	unmatched	False	False	False	0	0	0	0
Advocate Christ Medical Center	unmatched	False	False	False	0	0	0	0
Afghanistan	mnt	True	True	False	1	1	1	23
Agawam Cemetery	mnt	False	False	False	0	1	0	0
Aiken	mnt	True	True	False	11	13	8	260
Akron	mnt	True	True	False	18	26	18	109
Akron Brethren Church	unmatched	False	False	False	0	0	0	0
Akureyri	mnt	True	True	False	2	2	2	2
Al	mnt	True	True	False	1	5	1	2125
Al.	mnt	True	True	False	1	5	1	134
Ala	mnt	True	True	False	2	6	1	1
Ala.	mnt	True	True	False	2	5	1	2
Alabama	mnt	True	True	False	10	6	5	22687
Aladison county	unmatched	False	False	False	0	0	0	0
Alamance County	mnt	False	False	False	0	1	0	0
Alamance General County Court	unmatched	False	False	False	0	0	0	0
Alamo	mnt	True	True	False	11	19	11	14
Alaska	mnt	True	True	False	10	11	8	2316
Alaska Highway	unmatched	False	False	False	0	0	0	0
Alastrean House	unmatched	False	False	False	0	0	0	0
Albans	spelling	True	True	False	1	40	0	1
Albany	mnt	True	True	False	37	42	33	248
Albany County	mnt	False	False	False	0	8	0	0
Albert Lea	mnt	True	True	False	2	2	2	30
Albert Whitworth	unmatched	False	False	False	0	0	0	0
Alberta	mnt	True	True	False	10	34	10	458
Albion	mnt	True	True	False	38	46	35	36
Albuquerque	mnt	True	True	False	2	2	2	63
Albury	mnt	True	True	False	4	26	4	18
Alderman Jacob Ruben's office	unmatched	False	False	False	0	0	0	0
Alderson	mnt	True	True	False	2	60	2	10
Ale teten at Cornwall street	unmatched	False	False	False	0	0	0	0
Aledo	mnt	True	True	False	3	4	3	18
Alen	unmatched	False	False	True	0	0	0	0
Alexander	mnt	True	True	False	32	23	23	90
Alexandria	mnt	True	True	False	23	28	21	74
Alexnew Kal andris	unmatched	False	False	False	0	0	0	0
Alford	mnt	True	True	False	9	42	9	92
Alger Plage	unmatched	False	False	False	0	0	0	0
Algeria	mnt	True	True	False	1	5	1	16
Algoma area	transform	False	False	False	0	16	0	0
Algona	mnt	True	True	False	2	31	2	24
Alice	mnt	True	True	False	13	28	13	15
Alisut boarding house	unmatched	False	False	False	0	0	0	0
All St Anns Hospital	unmatched	False	False	False	0	0	0	0
Allants Ga.	unmatched	False	False	False	0	0	0	0
Allegany	mnt	True	True	False	9	14	6	274
Allegany county	mnt	False	True	False	1	9	0	1
Alleghany county	transform	False	False	False	0	17	0	0
Allegheny County	mnt	False	False	False	0	7	0	0
Allen	mnt	True	True	False	53	104	50	275
Allen County	transform	False	False	False	0	58	0	0
Allen county near Westminster	unmatched	False	False	False	0	0	0	0
Allerton	mnt	True	True	False	8	47	8	58
Alliance (Union depot)	unmatched	False	False	False	0	0	0	0
Alliance post office	unmatched	False	False	False	0	0	0	0
Almo LDS Ward Chapel	unmatched	False	False	False	0	0	0	0
Alpha	mnt	True	True	False	22	29	22	12
Alpha Chi Rho fraternity house	unmatched	False	False	False	0	0	0	0
Als.	mnt	True	True	False	1	1	1	1
Altadena	mnt	True	True	False	1	1	1	15
Alton	mnt	True	True	False	37	259	33	59
Alton Memorial hospital	mnt	False	False	False	0	1	0	0
Altona	mnt	True	True	False	14	70	14	10
Altoona	mnt	True	True	False	10	23	10	125
Altoona RD 3	transform	False	False	False	0	23	0	0
Alvert Park beach	unmatched	False	False	False	0	0	0	0
Amarillo	mnt	True	True	False	2	2	1	82
Amberley House	unmatched	False	False	False	0	0	0	0
Amboy	mnt	True	True	False	16	21	15	21
Amelia	mnt	True	True	False	13	22	12	75
American Exchange Hotel (site of incident)	unmatched	False	False	False	0	0	0	0
American Nursing Center	unmatched	False	False	False	0	0	0	0
American army hospital	unmatched	False	False	False	0	0	0	0
Americana Nursing Home	unmatched	False	False	False	0	0	0	0
Ames	mnt	True	True	False	15	15	15	21
Amexburg	unmatched	False	False	False	0	0	0	0
Amherst	mnt	True	True	False	22	22	21	118
Anaconda	mnt	True	True	False	5	5	5	25
Anaconda Mine shaft	unmatched	False	False	False	0	0	0	0
Anaheim	mnt	True	True	False	2	2	1	23
Ancust Ord	unmatched	False	False	False	0	0	0	0
Ander son county	spelling	False	False	False	0	49	0	0
Anderson	mnt	True	True	False	56	58	49	326
Anderson County	transform	False	False	False	0	14	0	0
Andover	mnt	True	True	False	22	26	22	128
Andrews homestead	unmatched	False	False	False	0	0	0	0
Angelica	mnt	True	True	False	4	7	4	12
Angell farm	unmatched	False	False	False	0	0	0	0
Angyll shire	unmatched	False	False	False	0	0	0	0
Ankel outside Bonn	unmatched	False	False	False	0	0	0	0
Ann Arbor	mnt	True	True	False	2	2	2	49
Anna	mnt	True	True	False	9	8	7	33
Annan dale	spelling	False	False	False	0	8	0	0
Annapolis	mnt	True	True	False	9	9	8	41
Annie M. Walter Hospital	unmatched	False	False	False	0	0	0	0
Anniston	mnt	True	True	False	4	2	2	53
Antigo	mnt	True	True	False	2	2	1	31
Antler	mnt	True	True	False	4	11	4	4
Apalachicola	mnt	True	True	False	2	1	1	15
Apartment at 1900 A Street NW	unmatched	False	False	False	0	0	0	0
Appelscha	unmatched	False	False	False	0	0	0	0
Apt. 2	unmatched	False	False	False	0	0	0	0
Apt. 326	unmatched	False	False	False	0	0	0	0
Aquinas Newman Center Chapel	unmatched	False	False	False	0	0	0	0
Arcade House	unmatched	False	False	False	0	0	0	0
Arcadia	mnt	True	True	False	34	45	33	23
Arcanum	mnt	True	True	False	1	2	1	11
Archdale	mnt	True	True	False	4	4	4	7
Ariz.	mnt	True	True	False	1	1	1	199
Arizona	mnt	True	True	False	9	8	6	4490
Arizona Highway 64	unmatched	False	False	False	0	0	0	0
Arizona cemetery	unmatched	False	False	False	0	0	0	0
Ark.	mnt	True	True	False	2	1	1	392
Arkansas	mnt	True	True	False	12	7	5	15437
Arlington	mnt	True	True	False	51	102	41	57
Arlington club	unmatched	False	False	False	0	0	0	0
Armmance County	unmatched	False	False	False	0	0	0	0
Armstrong County	mnt	True	True	False	1	1	0	2
Arnarsidu 6B	unmatched	False	False	False	0	0	0	0
Arnold	mnt	True	True	False	20	24	19	50
Arnold Station area	unmatched	False	False	False	0	0	0	0
Arnsigton	unmatched	False	False	False	0	0	0	0
Arrenton	spelling	False	False	False	0	16	0	0
Artin Heights	spelling	False	False	False	0	3	0	0
Asbury parsonage	unmatched	False	False	False	0	0	0	0
Ashburnham Lodge	unmatched	False	False	False	0	0	0	0
Ashford	mnt	True	True	False	16	20	14	115
Ashland	mnt	True	True	False	44	43	42	132
Ashland county	mnt	False	False	False	0	2	0	0
Ashmont	mnt	True	True	False	2	3	1	3
Ashtabula Co.	transform	False	False	False	0	1	0	0
Ashton	mnt	True	True	False	39	44	27	151
Ashton township	transform	False	False	False	0	17	0	0
Assam	mnt	True	True	False	1	3	1	3
Astoria	mnt	True	True	False	8	11	7	93
At Home Near Rock Spring	unmatched	False	False	False	0	0	0	0
At his residence	unmatched	False	False	False	0	0	0	0
At home in Kennerdell	unmatched	False	False	False	0	0	0	0
At the Squires	unmatched	False	False	False	0	0	0	0
Atchison	mnt	True	True	False	6	7	6	91
Atlanta	mnt	True	True	False	23	23	22	150
Atlantic Avenue Hotel	unmatched	False	False	False	0	0	0	0
Atlantic City	mnt	True	True	False	2	2	2	37
Atlinta	spelling	False	False	False	0	23	0	0
AuSable Forks	mnt	True	True	False	1	1	1	3
Auburn hospital	unmatched	False	False	False	0	0	0	0
Auckland	mnt	True	True	False	7	26	4	34
Auglaize Acres Nursing Home	unmatched	False	False	False	0	0	0	0
Auglaize County	transform	False	False	False	0	1	0	0
Augsburg	mnt	True	True	False	5	6	5	6
Augusta	mnt	True	True	False	30	29	27	217
Augusta NL	unmatched	False	False	False	0	0	0	0
Aurelia	mnt	True	True	False	2	4	2	10
Aurora	mnt	True	True	False	40	38	36	75
Aus.	mnt	True	True	False	1	1	1	1
Ausota	unmatched	False	False	False	0	0	0	0
Austin	mnt	True	True	False	38	48	35	99
Austin Messiah Evangelical Lutheran church	unmatched	False	False	False	0	0	0	0
Austintown	mnt	True	True	False	2	2	2	13
Australia	mnt	True	True	False	2	4	2	907
Avenue F	unmatched	False	False	False	0	0	0	0
Aviston	mnt	True	True	False	1	5	1	8
Avondale	mnt	True	True	False	26	31	25	11
Avora	spelling	False	False	False	0	31	0	0
Ayr	mnt	True	True	False	9	7	7	16
Azores	mnt	True	True	False	1	1	1	143
BLASE ELLISON at 220 South A Street	unmatched	False	False	False	0	0	0	0
BOYER TOWN R. D. 2	spelling	False	False	False	0	1	0	0
BST	unmatched	False	False	False	0	0	0	0
BURLINGTON	mnt	True	True	False	42	51	39	461
Ba Myers residence	unmatched	False	False	False	0	0	0	0
Ba varia	spelling	False	False	False	0	2	0	0
Bacona hotel	unmatched	False	False	False	0	0	0	0
Baden Germany	mnt	False	False	False	0	1	0	0
Baden near Vienna	unmatched	False	False	False	0	0	0	0
BadenWeller	unmatched	False	False	False	0	0	0	0
Badgertown	mnt	True	True	False	1	1	1	1
Bagdad Cemetery	unmatched	False	False	False	0	0	0	0
Bagewood	spelling	False	False	False	0	5	0	0
Baid District	unmatched	False	False	False	0	0	0	0
Bainbridge	mnt	True	True	False	19	19	17	18
Bakeley	spelling	False	False	False	0	11	0	0
Baldcrest Tvelock	unmatched	False	False	False	0	0	0	0
Baldwin	mnt	True	True	False	36	35	34	196
Baldwin township	transform	False	False	False	0	9	0	0
Baldwinsville	mnt	True	True	False	3	4	3	31
Baldwinville	mnt	True	True	False	3	4	3	6
Baldwinville Nursing Home	unmatched	False	False	False	0	0	0	0
Balsinger Rd.	transform	False	False	False	0	4	0	0
Baltic	mnt	True	True	False	6	7	6	7
Baltimore	mnt	True	True	False	20	16	14	1094
Baltimore and Ohio Railroad	unmatched	False	False	False	0	0	0	0
Baltimore dock	unmatched	False	False	False	0	0	0	0
Banbury Drive	unmatched	False	False	False	0	0	0	0
Bannock County	transform	False	False	False	0	6	0	0
Bannock County Coroner	unmatched	False	False	False	0	0	0	0
Bant Main Street road two miles east of the city	unmatched	False	False	False	0	0	0	0
Banville	spelling	False	False	False	0	52	0	0
Baptist Church	unmatched	False	False	False	0	0	0	0
Baptist church	unmatched	False	False	False	0	0	0	0
Baptist parsonage	unmatched	False	False	False	0	0	0	0
Bar & Grill at Baltic	unmatched	False	False	False	0	0	0	0
Bar Singbourne	unmatched	False	False	False	0	0	0	0
Bar cine	unmatched	False	False	False	0	0	0	0
Baraboo	mnt	True	True	False	1	1	1	35
Baranquilla	spelling	True	True	False	1	2	1	1
Barber Chapel Baptist Church	unmatched	False	False	False	0	0	0	0
Barbezleux	unmatched	False	False	False	0	0	0	0
Barclay Avenue	unmatched	False	False	False	0	0	0	0
Baring	mnt	True	True	False	3	26	3	7
Barna	mnt	False	True	False	1	32	1	1
Barnes Rest Home	unmatched	False	False	False	0	0	0	0
Barnet	mnt	True	True	False	2	49	2	128
Barr	mnt	True	True	False	10	10	9	8
Barr Township	transform	False	False	False	0	3	0	0
Barr township	transform	False	False	False	0	3	0	0
Barre	mnt	True	True	False	8	53	6	27
Barrivers	unmatched	False	False	False	0	0	0	0
Barron Chapel	unmatched	False	False	False	0	0	0	0
Barron County	transform	False	False	False	0	64	0	0
Bartholdi Hotel	unmatched	False	False	False	0	0	0	0
Bartholomew County in Columbus	unmatched	False	False	False	0	0	0	0
Bartholomews Church	unmatched	False	False	False	0	0	0	0
Base Hospital	unmatched	False	False	False	0	0	0	0
BashlineShrum clinic	unmatched	False	False	False	0	0	0	0
Basingstoke Canal	unmatched	False	False	False	0	0	0	0
Basswood St.	unmatched	False	False	False	0	0	0	0
Batavia	mnt	True	True	False	11	10	10	31
Bates farm	unmatched	False	False	False	0	0	0	0
Batesman	spelling	False	False	False	0	5	0	0
Bath	mnt	True	True	False	25	24	22	289
Bath County	mnt	False	False	False	0	1	0	0
Bathleet township	unmatched	False	False	False	0	0	0	0
Baton Rouge Living Center in Lima	unmatched	False	False	False	0	0	0	0
Battie rook	unmatched	False	False	False	0	0	0	0
Bavaria	mnt	True	True	False	3	3	3	160
Bavarian Alps	unmatched	False	False	False	0	0	0	0
Baxter Memorial Park	unmatched	False	False	False	0	0	0	0
Baxter Springs	mnt	True	True	False	1	1	1	20
Bay County	transform	False	False	False	0	3	0	0
Bay View Avenue	unmatched	False	False	False	0	0	0	0
Bayade Los Angeles beach	unmatched	False	False	False	0	0	0	0
Baylor County Hospital	mnt	True	True	False	1	1	1	2
Baylor Medical Center at Dallas	unmatched	False	False	False	0	0	0	0
Bayview freight yards	unmatched	False	False	False	0	0	0	0
Beach Boulevard and MacDonald Drive	unmatched	False	False	False	0	0	0	0
Beacon Springs	spelling	False	False	False	0	1	0	0
Beaconia	unmatched	False	False	False	0	0	0	0
Beals Mortuary	unmatched	False	False	False	0	0	0	0
Beans Cove	mnt	True	True	False	1	1	1	3
Bear Valley farm	unmatched	False	False	False	0	0	0	0
Beare Co.	spelling	False	False	False	0	22	0	0
Beaton	mnt	True	True	False	2	178	2	4
Beatrice	mnt	True	True	False	8	10	8	44
Beaufort	mnt	True	True	False	11	15	10	201
Beaumont	mnt	True	True	False	18	19	16	53
Beausejour	mnt	True	True	False	1	1	1	7
Beausejour General Hospital	unmatched	False	False	False	0	0	0	0
Beauvoir	mnt	True	True	False	1	1	1	1
Beaux Arts	unmatched	False	False	False	0	0	0	0
Beaver County	mnt	True	True	False	1	19	1	1
Beaver Township	transform	False	False	False	0	60	0	0
Beavercreek	mnt	True	True	False	3	24	3	9
Beavercreek Twp.	mnt	False	False	False	0	22	0	0
Beck hospital	unmatched	False	False	False	0	0	0	0
Bedach farm	unmatched	False	False	False	0	0	0	0
Bedford	mnt	True	True	False	43	72	35	464
Bedford County	mnt	False	False	False	0	36	0	0
Beidtown	spelling	False	False	False	0	1	0	0
Beil station	spelling	False	False	False	0	1	0	0
Belarus	mnt	True	True	False	1	1	1	25
Belfort	mnt	True	True	False	7	14	5	3
Bell County	mnt	False	False	False	0	1	0	0
Bellatro steel plant	unmatched	False	False	False	0	0	0	0
Bellbrook	mnt	True	True	False	2	3	2	11
Belle Plains	spelling	False	False	False	0	9	0	0
Belle River	mnt	True	True	False	5	7	5	6
Bellefonte	mnt	True	True	False	6	8	5	29
Belleview	mnt	True	True	False	17	23	13	7
Belleville	mnt	True	True	False	24	29	22	54
Bellevue	mnt	True	True	False	27	36	24	22
Bellfont e	unmatched	False	False	False	0	0	0	0
Bellmead	mnt	True	True	False	1	6	1	6
Bellwood	mnt	True	True	False	14	49	14	14
Bellwood Borough	transform	False	False	False	0	36	0	0
Belmont	mnt	True	True	False	52	73	49	380
Belmont County	mnt	False	False	False	0	21	0	0
Belmont avenue	unmatched	False	False	False	0	0	0	0
Beloit	mnt	True	True	False	8	15	7	45
Belor	spelling	False	False	False	0	2	0	0
Beltrees	mnt	True	True	False	1	1	1	2
Beltzhoover district	transform	False	False	False	0	1	0	0
Belview Nursing Home	unmatched	False	False	False	0	0	0	0
Ben Arris home	unmatched	False	False	False	0	0	0	0
Ben ton's plantation	unmatched	False	False	False	0	0	0	0
Benevon	unmatched	False	False	False	0	0	0	0
Benito	mnt	True	True	False	3	7	3	4
Benito Health Centre	unmatched	False	False	False	0	0	0	0
Benna Vista	unmatched	False	False	False	0	0	0	0
Benning road	unmatched	False	False	False	0	0	0	0
Bensalem Gardens	unmatched	False	False	False	0	0	0	0
Benthamagille	unmatched	False	False	False	0	0	0	0
Benton	mnt	True	True	False	88	224	80	260
Bentons main street	unmatched	False	False	False	0	0	0	0
Beone	spelling	False	False	False	0	66	0	0
Bercham	spelling	False	False	False	0	4	0	0
Berea County	spelling	False	False	False	0	14	0	0
Berkeley	mnt	True	True	False	24	26	19	219
Berkeley county	mnt	False	False	False	0	11	0	0
Berkeley home of Scotty Allan	unmatched	False	False	False	0	0	0	0
Berlin	mnt	True	True	False	53	64	44	97
Berlin Conn	mnt	False	False	False	0	1	0	0
Bernalillo	mnt	True	True	False	2	2	2	176
Berne	mnt	True	True	False	12	39	11	13
Bernice	mnt	True	True	False	8	14	8	11
Berry's Hole	unmatched	False	False	False	0	0	0	0
Bessemer City	mnt	True	True	False	1	1	1	14
Bethany Church	unmatched	False	False	False	0	0	0	0
Bethel Church	mnt	True	True	False	2	1	1	2
Bethesda Hospital	mnt	True	True	False	2	1	1	1
Bethlehem Chapel of the Cathedral of St. Peter and St. Paul	unmatched	False	False	False	0	0	0	0
Bethlehem Primitive church	unmatched	False	False	False	0	0	0	0
Bettie Creek	unmatched	False	False	False	0	0	0	0
Betuel	spelling	False	False	False	0	59	0	0
Beverley Farms	spelling	False	False	False	0	2	0	0
Beverley Hills Apts	unmatched	False	False	False	0	0	0	0
Beverly	mnt	True	True	False	22	28	21	56
Biachardville	spelling	False	False	False	0	1	0	0
Biblical House of God	unmatched	False	False	False	0	0	0	0
Big Tork	spelling	False	False	False	0	4	0	0
Biggs-Gridley Memorial Hospital	unmatched	False	False	False	0	0	0	0
Bilkton	spelling	False	False	False	0	5	0	0
Billings	mnt	True	True	False	9	14	8	42
Biltmore	mnt	True	True	False	6	5	4	3
Binya	mnt	True	True	False	1	7	1	1
Birdhurst rise	unmatched	False	False	False	0	0	0	0
Birdseye Route	unmatched	False	False	False	0	0	0	0
Birdsong	mnt	True	True	False	3	3	3	2
Birmingham	mnt	True	True	False	26	24	19	1606
Birr	mnt	True	True	False	2	2	2	4
Bishop MartyGÇÖs residence	unmatched	False	False	False	0	0	0	0
Bishop Nursing Home	unmatched	False	False	False	0	0	0	0
Bishop Randall Hospital	unmatched	False	False	False	0	0	0	0
Bishopgate Street Within	unmatched	False	False	False	0	0	0	0
Bitter Root stock farm	unmatched	False	False	False	0	0	0	0
Bittle boro	unmatched	False	False	False	0	0	0	0
Bizierville R. 1	unmatched	False	False	False	0	0	0	0
Black Range Hospital	unmatched	False	False	False	0	0	0	0
Black Star Coal Company mine	unmatched	False	False	False	0	0	0	0
Black water	mnt	False	True	False	2	22	2	2
Blackall	mnt	True	True	False	1	6	1	1
Blackbourton	spelling	False	False	False	0	1	0	0
Blackburn	mnt	True	True	False	17	15	13	709
Blackheath	mnt	True	True	False	2	7	2	45
Blackwell	mnt	True	True	False	18	26	17	21
Blackwirl district	unmatched	False	False	False	0	0	0	0
Bladen County	mnt	False	False	False	0	29	0	0
Blaine County Hospital	unmatched	False	False	False	0	0	0	0
Blair County	transform	False	False	False	0	19	0	0
Blair Memorial Hospital	mnt	True	True	False	1	1	1	1
Blanchardville	mnt	True	True	False	2	2	2	12
Blanchester	mnt	True	True	False	1	2	1	11
Bland County	transform	False	False	False	0	13	0	0
Bldg. 5. Cornwells Heights	unmatched	False	False	False	0	0	0	0
Bleak House	unmatched	False	False	False	0	0	0	0
Bleiswijkscheweg 10	unmatched	False	False	False	0	0	0	0
Blodgetts Mills	spelling	False	False	False	0	1	0	0
Bloom Township	transform	False	False	False	0	21	0	0
Bloomfield	mnt	True	True	False	45	56	43	25
Bloomington	mnt	True	True	False	29	26	25	64
Bloomington St.	unmatched	False	False	False	0	0	0	0
Bloomingville	mnt	True	True	False	2	1	1	2
Blue Earth County	mnt	False	False	False	0	1	0	0
Blue Hill Avenue building (headquarters)	unmatched	False	False	False	0	0	0	0
Blue Mounds	mnt	True	True	False	2	9	2	11
Bluefield	mnt	True	True	False	8	10	7	43
Bluefield Sanatorium	spelling	False	False	False	0	1	0	0
Bluejacket	mnt	True	True	False	1	2	1	6
Boardman	mnt	True	True	False	8	8	8	15
Boardman home	unmatched	False	False	False	0	0	0	0
Boca Raton	mnt	True	True	False	1	1	1	15
Bogle Coal Mine	unmatched	False	False	False	0	0	0	0
Bohemia	mnt	True	True	False	13	11	10	50
Bolivar	mnt	True	True	False	20	20	17	140
Bolivia	mnt	True	True	False	4	9	3	11
Bolsaman	unmatched	False	False	False	0	0	0	0
Bon Harbor hills	unmatched	False	False	False	0	0	0	0
Bone Star Route	unmatched	False	False	False	0	0	0	0
Bonidale	spelling	False	False	False	0	1	0	0
Bonn	mnt	True	True	False	3	3	3	7
Bonneville County	transform	False	False	False	0	13	0	0
Bonniecastle Lake	unmatched	False	False	False	0	0	0	0
Bontoc	mnt	False	False	False	0	2	0	0
Boom home	unmatched	False	False	False	0	0	0	0
Boone	mnt	True	True	False	48	66	46	181
Boone County farm near Ashland	unmatched	False	False	False	0	0	0	0
Bosham	mnt	True	True	False	1	14	1	28
Boskey dell	spelling	False	False	False	0	1	0	0
Boston	mnt	True	True	False	31	74	25	640
Boswell	mnt	True	True	False	6	18	6	14
Bourbanis	unmatched	False	False	False	0	0	0	0
Bowling Green	mnt	True	True	False	18	20	17	28
Box 100	unmatched	False	False	False	0	0	0	0
Box 131	unmatched	False	False	False	0	0	0	0
Box 15	unmatched	False	False	False	0	0	0	0
Box 1723	unmatched	False	False	False	0	0	0	0
Box 210	unmatched	False	False	False	0	0	0	0
Box 28	unmatched	False	False	False	0	0	0	0
Box 319	unmatched	False	False	False	0	0	0	0
Box 356	unmatched	False	False	False	0	0	0	0
Box 530	unmatched	False	False	False	0	0	0	0
Box 894	unmatched	False	False	False	0	0	0	0
Boxelder	mnt	True	True	False	4	7	4	2
Bozeman	mnt	True	True	False	1	3	1	27
Bradenton	mnt	True	True	False	1	1	1	29
Bradford County	mnt	False	False	False	0	24	0	0
Brandon	mnt	True	True	False	34	55	32	31
Branwell Park	unmatched	False	False	False	0	0	0	0
Brauerville church	unmatched	False	False	False	0	0	0	0
Braunsport	unmatched	False	False	False	0	0	0	0
Bray Sur Somme	unmatched	False	False	False	0	0	0	0
Brazoria	mnt	True	True	False	2	2	2	166
Brazoria County	transform	False	False	False	0	1	0	0
Brazos County	mnt	False	False	False	0	2	0	0
Brazos River near Waco	unmatched	False	False	False	0	0	0	0
Breadstadt	unmatched	False	False	False	0	0	0	0
Breckenridge Lutheran Church	unmatched	False	False	False	0	0	0	0
Brefiton	unmatched	False	False	False	0	0	0	0
Bremerton	mnt	True	True	False	2	7	2	61
Brethren parsonage	unmatched	False	False	False	0	0	0	0
Briarcliffe	spelling	False	False	False	0	9	0	0
Bridge	mnt	True	True	False	4	40	3	82
Bridge of the Americas	unmatched	False	False	False	0	0	0	0
Bridgeport	mnt	True	True	False	37	37	35	82
Bridges community (home of her daughter)	unmatched	False	False	False	0	0	0	0
Bridgeton	mnt	True	True	False	11	23	11	27
Bridgeville	mnt	True	True	False	9	27	9	14
Brigham City	mnt	True	True	False	4	2	2	37
Bright Wood Methodist Church	unmatched	False	False	False	0	0	0	0
Brighton	mnt	True	True	False	42	50	40	298
Brightwood family residence	unmatched	False	False	False	0	0	0	0
Brisbane	mnt	True	True	False	4	4	4	10
Bristol	mnt	True	True	False	41	53	39	1188
Britain Avenue	mnt	False	True	False	1	1	1	1
British Columbia	mnt	True	True	False	1	1	1	254
Broadwater County Health Care Center	unmatched	False	False	False	0	0	0	0
Broderick	pa_name	True	True	False	1	1	0	5
Brodwell crossing	unmatched	False	False	False	0	0	0	0
Broken Hill	mnt	True	True	False	2	3	2	9
Bromide	mnt	True	True	False	1	1	1	8
Bronx County	mnt	True	True	False	1	2	0	3
Brookfield	mnt	True	True	False	29	42	26	23
Brookfield village pond	unmatched	False	False	False	0	0	0	0
Brookhaven	mnt	True	True	False	15	17	15	20
Brookline	mnt	True	True	False	12	12	9	48
Brooklyn	mnt	True	True	False	47	45	35	964
Brooklyn Park	mnt	True	True	False	3	3	2	10
Brookville	mnt	True	True	False	15	24	15	38
Broomsword	unmatched	False	False	False	0	0	0	0
Brotman Medical Center	unmatched	False	False	False	0	0	0	0
Brown County	transform	True	True	False	1	27	0	1
Brown Road	unmatched	False	False	False	0	0	0	0
Brown home	unmatched	False	False	False	0	0	0	0
Browning	mnt	True	True	False	12	15	12	8
Browns town	spelling	False	True	False	1	14	1	1
Brownstown	mnt	True	True	False	12	28	12	15
Brownsville	mnt	True	True	False	32	42	30	33
Brownsville Community Health Center	unmatched	False	False	False	0	0	0	0
Buaale	spelling	False	False	False	0	1	0	0
Buchanan Mortuary	unmatched	False	False	False	0	0	0	0
Buckingham shire	spelling	False	False	False	0	2	0	0
Buckmantown	unmatched	False	False	False	0	0	0	0
Buffalo Center	mnt	True	True	False	1	1	1	17
Buffalo Emergency hospital	unmatched	False	False	False	0	0	0	0
Bunker Hill Road crossing near Brighton	unmatched	False	False	False	0	0	0	0
Bunnhoy place shed on farm	unmatched	False	False	False	0	0	0	0
Burdsall Road	unmatched	False	False	False	0	0	0	0
Bureau	mnt	True	True	False	4	5	4	215
Bureau County	mnt	False	False	False	0	2	0	0
Burke county	transform	False	False	False	0	12	0	0
Burkes Garden	mnt	True	True	False	2	2	1	7
Burkhart	mnt	True	True	False	4	7	4	2
Burleson County	transform	False	False	False	0	3	0	0
Burley	mnt	True	True	False	10	59	7	25
Burlingame	mnt	True	True	False	5	5	5	18
Burlington	mnt	True	True	False	42	51	39	461
Burlington bridge near Rome	unmatched	False	False	False	0	0	0	0
Burmah	mnt	True	True	False	3	3	2	2
Burnettsville	mnt	True	True	False	1	2	1	7
Burnham	mnt	True	True	False	18	19	10	27
Burns morgue	unmatched	False	False	False	0	0	0	0
Burns road	unmatched	False	False	False	0	0	0	0
Bushlake	unmatched	False	False	False	0	0	0	0
Butler	mnt	True	True	False	64	81	60	437
Butler Pa.	mnt	False	False	False	0	1	0	0
Butte	mnt	True	True	False	16	26	11	174
Butte City Jail	unmatched	False	False	False	0	0	0	0
Buzz Street	unmatched	False	False	False	0	0	0	0
Byron Township	transform	False	False	False	0	16	0	0
C.	unmatched	False	False	False	0	0	0	0
C. W. Young company's parlors	unmatched	False	False	False	0	0	0	0
CA	mnt	True	True	False	1	23	1	2968
CASHCHEEK ST. BENEDICT CHURCH	unmatched	False	False	False	0	0	0	0
CENTRAL ISLIP	mnt	True	True	False	1	1	1	12
CFB Suffield	unmatched	False	False	False	0	0	0	0
CHI St. Lukes Brazosport	unmatched	False	False	False	0	0	0	0
CINCINNATI	mnt	True	True	False	9	9	9	293
CITY OF MEXICO	mnt	False	True	False	1	3	1	1
CO	mnt	True	True	False	1	9	1	43
CP.	unmatched	False	False	False	0	0	0	0
Cabarrtts Memorial hospital	unmatched	False	False	False	0	0	0	0
Cabarrus County	mnt	False	False	False	0	1	0	0
Cabinville	spelling	False	False	False	0	1	0	0
Cadia Healthcare	unmatched	False	False	False	0	0	0	0
Cadial	spelling	False	False	False	0	1	0	0
Cadossa	spelling	False	False	False	0	2	0	0
Caidad	spelling	False	False	False	0	1	0	0
Cairo	mnt	True	True	False	23	33	23	25
Cajonville	unmatched	False	False	False	0	0	0	0
Cal.	mnt	True	True	False	1	23	1	3
Calder Bank	spelling	False	False	False	0	1	0	0
Caldwell	mnt	True	True	False	31	48	30	169
Caldwell R. D. 1.	unmatched	False	False	False	0	0	0	0
Caldwell R.D. 4	transform	False	False	False	0	48	0	0
Caledonia	mnt	True	True	False	25	27	24	197
Calh econ	unmatched	False	False	False	0	0	0	0
Calhan area	transform	False	False	False	0	5	0	0
Calhoun County	mnt	True	True	False	1	1	1	1
Calif.	mnt	True	True	False	1	23	1	935
California	mnt	True	True	False	29	24	15	21470
California Nursing and Rehab	unmatched	False	False	False	0	0	0	0
Callaway residence	unmatched	False	False	False	0	0	0	0
Calo.	spelling	False	False	False	0	1	0	0
Calumet City	mnt	True	True	False	1	1	1	13
Calveston County Hospital	unmatched	False	False	False	0	0	0	0
Camarillo	mnt	True	True	False	1	2	1	22
Camberwell	mnt	True	True	False	3	4	2	685
Cambria County	mnt	False	False	False	0	6	0	0
Cambria Security	unmatched	False	False	False	0	0	0	0
Cambridge	mnt	True	True	False	35	42	33	341
Cambridge City	mnt	True	True	False	1	1	1	19
Cambridge Springs	mnt	True	True	False	1	1	1	15
Camden	mnt	True	True	False	39	46	34	280
Camden County	transform	False	False	False	0	17	0	0
Camden East	mnt	True	True	False	1	1	1	6
Camdenton	mnt	True	True	False	1	2	1	8
Camino Militar	unmatched	False	False	False	0	0	0	0
Camp Grave	spelling	False	False	False	0	1	0	0
Camp Polk station hospital	unmatched	False	False	False	0	0	0	0
Camp White	unmatched	False	False	False	0	0	0	0
Campania	mnt	True	True	False	2	8	2	60
Campzn	unmatched	False	False	False	0	0	0	0
Canada	mnt	True	True	False	6	15	6	8313
Canal Zone	mnt	True	True	False	3	1	1	2
Canby	mnt	True	True	False	6	32	6	15
Canfield home	unmatched	False	False	False	0	0	0	0
Cannon Boulevard at Texas Street	unmatched	False	False	False	0	0	0	0
Cannons Mills Rd	spelling	False	False	False	0	2	0	0
Canton	mnt	True	True	False	47	118	40	78
Canton Zurich	unmatched	True	True	False	1	0	0	1
Canyon General Kaiser Foundation Hospital	unmatched	False	False	False	0	0	0	0
Capilla de San Antonio	unmatched	False	False	False	0	0	0	0
Capital hit Vancouver	unmatched	False	False	False	0	0	0	0
Capitol steps	unmatched	False	False	False	0	0	0	0
Carabellota	unmatched	False	False	False	0	0	0	0
Caracay Lake	unmatched	False	False	False	0	0	0	0
Carbon Hill	mnt	True	True	False	4	5	4	12
Carbondale	mnt	True	True	False	16	18	16	43
Cargill	mnt	True	True	False	1	5	1	3
Carle Nursing Home	unmatched	False	False	False	0	0	0	0
Carling Hall	unmatched	False	False	False	0	0	0	0
Carlisle	mnt	True	True	False	32	32	29	150
Carloe	spelling	False	False	False	0	13	0	0
Carlyle	mnt	True	True	False	8	8	6	22
Carmona Prison	unmatched	False	False	False	0	0	0	0
Carolina	mnt	True	True	False	37	24	14	63
Carondelet	mnt	True	True	False	2	2	2	11
Carpenter	mnt	True	True	False	22	22	22	5
Carril County General Hospital	unmatched	False	False	False	0	0	0	0
Carroll County	transform	True	True	False	1	16	0	1
Carroll county	transform	False	True	False	1	16	0	1
Carrollton	mnt	True	True	False	23	26	22	29
Carrothen	unmatched	False	False	False	0	0	0	0
Carson City	mnt	True	True	False	3	4	3	25
Carteret	mnt	True	True	False	2	2	2	172
Carthage	mnt	True	True	False	19	20	19	41
Carys Hill station	unmatched	False	False	False	0	0	0	0
Cass County	transform	False	False	False	0	9	0	0
Cass county	transform	False	False	False	0	9	0	0
Cassell homestead on South Mauvaisterre street	unmatched	False	False	False	0	0	0	0
Castalia	mnt	True	True	False	5	6	5	9
Casteln Palace	unmatched	False	False	False	0	0	0	0
Castle Air Force Base	mnt	False	False	False	0	1	0	0
Castle of Heiligenberg	unmatched	False	False	False	0	0	0	0
Cataraqui Cemetery	pa_name	False	False	False	0	1	0	0
Caterstreet	unmatched	False	False	False	0	0	0	0
Catham	spelling	True	True	False	1	45	1	1
Catholic Chapel at the Chitose Air Force Base	unmatched	False	False	False	0	0	0	0
Catholic Church of the Gesus University Heights	unmatched	False	False	False	0	0	0	0
Catholic cemetery at Prairie du Chien	unmatched	False	False	False	0	0	0	0
Catholic chapel	unmatched	False	False	False	0	0	0	0
Catholic church	unmatched	False	False	False	0	0	0	0
Catholic church in Bradford	unmatched	False	False	False	0	0	0	0
Catholic church in Velou ceau	unmatched	False	False	False	0	0	0	0
Catskill Mountains	mnt	False	True	False	1	1	1	1
Cayopy	unmatched	False	False	False	0	0	0	0
Cecil county	mnt	False	False	False	0	3	0	0
Cecil vicinity	transform	False	False	False	0	19	0	0
Cedar Falls	mnt	True	True	False	5	6	5	29
Cedar Rapids	mnt	True	True	False	3	3	3	84
Cedar Rapids mobile home	unmatched	False	False	False	0	0	0	0
Cedar River	mnt	True	True	False	1	1	1	7
Cedar river north of Charles City	unmatched	False	False	False	0	0	0	0
Cedarville	mnt	True	True	False	21	20	19	13
Celina	mnt	True	True	False	6	18	6	18
Cementerio del Calabozo	unmatched	False	False	False	0	0	0	0
Center St. Ext.	unmatched	False	False	False	0	0	0	0
Centerville	mnt	True	True	False	78	79	70	22
Centerville route 3	transform	False	False	False	0	79	0	0
Central Alliance Church	unmatched	False	False	False	0	0	0	0
Central Highlands	mnt	True	True	False	2	2	2	1
Central Vermont road	unmatched	False	False	False	0	0	0	0
Central and St. Louis avenue	unmatched	False	False	False	0	0	0	0
Centre County	mnt	False	False	False	0	149	0	0
Centre Line	spelling	False	False	False	0	2	0	0
Centreville	mnt	True	True	False	23	76	20	14
Cesfordi	unmatched	False	False	False	0	0	0	0
Ceylon	mnt	True	True	False	7	8	7	36
Chadwick	mnt	True	True	False	8	11	8	7
Chalk Farm district	transform	False	False	False	0	1	0	0
Chamois	mnt	True	True	False	1	2	1	11
Champaign	mnt	True	True	False	4	5	4	231
Champaign High School	unmatched	False	False	False	0	0	0	0
Champaigne county	spelling	False	False	False	0	7	0	0
Chapel of Chateauraux Air Force base	unmatched	False	False	False	0	0	0	0
Chapel of the Presbyterian Church in Bozeman	unmatched	False	False	False	0	0	0	0
Chapelton	mnt	True	True	False	1	7	1	1
Charente	mnt	True	True	False	1	2	1	19
Chariton	mnt	True	True	False	10	35	8	135
Charles Street	unmatched	False	False	False	0	0	0	0
Charles Town	mnt	True	True	False	3	21	3	17
Charleston	mnt	True	True	False	49	61	40	366
Charlestown	mnt	True	True	False	23	58	23	89
Charlevoix County	transform	False	False	False	0	1	0	0
Charlies saloon	unmatched	False	False	False	0	0	0	0
Charlotte	mnt	True	True	False	23	18	16	93
Charlton Memorial Hospital	unmatched	True	True	False	1	0	0	1
Chas. Parrish home	unmatched	False	False	False	0	0	0	0
Chase Center Logansport	unmatched	False	False	False	0	0	0	0
Chase Institution	unmatched	False	False	False	0	0	0	0
Chateau Cemetery	spelling	False	False	False	0	1	0	0
Chateauraux	unmatched	False	False	False	0	0	0	0
Chatham	mnt	True	True	False	27	28	23	194
Chaumont	mnt	True	True	False	3	3	3	9
Chea ter	unmatched	False	False	False	0	0	0	0
Chehanse	spelling	False	False	False	0	1	0	0
Chelmsford (his residence)	unmatched	False	False	False	0	0	0	0
Chelsea	mnt	True	True	False	24	26	24	265
Cherokee	mnt	True	True	False	36	31	30	214
Cherry Creek	mnt	True	True	False	12	11	11	8
Cherry Tree	mnt	True	True	False	4	5	4	9
Chesapeake Ohio canal at Point of Rocks	unmatched	False	False	False	0	0	0	0
Cheshire	mnt	True	True	False	13	9	9	1903
Chester	mnt	True	True	False	75	69	61	947
Chester Johnson	unmatched	False	False	False	0	0	0	0
Chester Township	transform	False	True	False	1	28	0	1
Chestertown	mnt	True	True	False	2	10	2	18
Chevy Chase Kingston 19	unmatched	False	False	False	0	0	0	0
Cheyenne reservation	unmatched	False	False	False	0	0	0	0
Chica	mnt	False	True	False	1	34	1	1
Chicago	mnt	True	True	False	11	4	2	1074
Chicago Heights	mnt	True	True	False	1	1	1	32
Chicago River near State Street Bridge	unmatched	False	False	False	0	0	0	0
Chickas nate	unmatched	False	False	False	0	0	0	0
Chico	mnt	True	True	False	8	25	7	24
Chihuahua	mnt	True	True	False	4	4	4	79
Chile	mnt	True	True	False	2	17	2	31
Chilton County	transform	False	False	False	0	42	0	0
Chino	mnt	True	True	False	1	27	1	14
Chippewa	mnt	True	True	False	14	13	12	133
Chippewa County	transform	False	False	False	0	4	0	0
Chippewa Falls	mnt	True	True	False	2	2	2	37
ChippewaFalls	spelling	False	False	False	0	2	0	0
Chiracahua Mountains	unmatched	False	False	False	0	0	0	0
Chirbury	mnt	True	True	False	1	1	1	44
Chivagar	unmatched	False	False	False	0	0	0	0
Chive	spelling	False	False	False	0	9	0	0
Chk ianhar	unmatched	False	False	False	0	0	0	0
Chooola	unmatched	False	False	False	0	0	0	0
Christ Hospital in Oakland	unmatched	False	False	False	0	0	0	0
Christchurch	mnt	True	True	False	12	22	7	70
Christensen farm	unmatched	False	False	False	0	0	0	0
Christian Church	unmatched	False	False	False	0	0	0	0
Christian County	transform	False	False	False	0	16	0	0
Christian Hollow	mnt	True	True	False	1	1	1	1
Christian and Missionary Alliance Church of Morgantown	unmatched	False	False	False	0	0	0	0
Christian church	unmatched	False	False	False	0	0	0	0
Christian church in New Cumberland	unmatched	False	False	False	0	0	0	0
Church Neck	unmatched	False	False	False	0	0	0	0
Church and Adams Sts.	unmatched	False	False	False	0	0	0	0
Church and King streets	unmatched	False	False	False	0	0	0	0
Church of All Saintest Kensington	unmatched	False	False	False	0	0	0	0
Church of God in Martinsburg	unmatched	False	False	False	0	0	0	0
Church of Tulsa?	unmatched	False	False	False	0	0	0	0
Church of the Guardian Angel	unmatched	False	False	False	0	0	0	0
Church of the Nazarine at York	unmatched	False	False	False	0	0	0	0
Cimnbury Stree Hospital	unmatched	False	False	False	0	0	0	0
Cincinnati	mnt	True	True	False	9	9	9	293
Ciracombe	unmatched	False	False	False	0	0	0	0
Circuit Court	unmatched	True	True	False	9	0	0	1
Circuit Court for the County of Scott	unmatched	False	False	False	0	0	0	0
Circuit Court of Jasper County	unmatched	False	False	False	0	0	0	0
Cisco	mnt	True	True	False	9	36	9	14
Citadel Road	unmatched	False	False	False	0	0	0	0
City	mnt	True	True	False	8	1	1	46
City Hall	unmatched	False	False	False	0	0	0	0
City Has Hill Cemetery	unmatched	False	False	False	0	0	0	0
City Hospital	unmatched	True	True	False	2	0	0	1
City Lake County	unmatched	False	False	False	0	0	0	0
City Market	unmatched	False	False	False	0	0	0	0
City of Alexandria	transform	False	False	False	0	14	0	0
City of Detroit	transform	False	False	False	0	7	0	0
City of Fulton	transform	False	False	False	0	35	0	0
City of Grangeville	transform	False	False	False	0	21	0	0
City of Marion	pa_name	False	False	False	0	26	0	0
City of Victoria	transform	False	False	False	0	25	0	0
City-County Building	unmatched	False	False	False	0	0	0	0
CityCounty Building	unmatched	False	False	False	0	0	0	0
Clairsville	spelling	True	True	False	2	6	0	2
Clallam County	transform	False	False	False	0	1	0	0
Claquato area	transform	False	False	False	0	1	0	0
Claranville	spelling	False	False	False	0	3	0	0
Claremont	mnt	True	True	False	20	23	19	22
Clarence House	unmatched	True	True	False	1	0	0	2
Clarence's farm	unmatched	False	False	False	0	0	0	0
Clarendon	mnt	True	True	False	14	19	13	173
Clark County	transform	False	False	False	0	61	0	0
Clark County Hospital	unmatched	False	False	False	0	0	0	0
Clark ty.	unmatched	False	False	False	0	0	0	0
Clarke County	transform	True	True	False	3	91	3	2
Clarkeville	spelling	True	True	False	1	32	1	1
Clarksville	mnt	True	True	False	26	34	26	33
Clay City	mnt	True	True	False	6	6	6	14
Clay County	transform	False	False	False	0	18	0	0
Clay County farm house on state route M	unmatched	False	False	False	0	0	0	0
Clear Creek township	transform	False	False	False	0	23	0	0
Clear Lake	mnt	True	True	False	19	19	18	21
Clear Lake township (near Humboldt)	unmatched	False	False	False	0	0	0	0
Clearfield	mnt	True	True	False	15	14	14	484
Clearfield County	mnt	False	False	False	0	1	0	0
Clendenin	mnt	True	True	False	1	1	1	8
Clerks Office of the Corporation Court	unmatched	False	False	False	0	0	0	0
Clermont County	mnt	False	False	False	0	6	0	0
Cleveland	mnt	True	True	False	74	72	67	477
Cleveland County	transform	False	False	False	0	4	0	0
Clevenger Schoolhouse	unmatched	False	False	False	0	0	0	0
Cliff Side Mountain	unmatched	False	False	False	0	0	0	0
Clifftop Missionary Baptist Church	unmatched	False	False	False	0	0	0	0
Clifton	mnt	True	True	False	76	159	63	68
Clingerman Home	unmatched	False	False	False	0	0	0	0
Clinton	mnt	True	True	False	94	189	86	248
Clinton County	transform	True	True	False	1	110	0	1
Cluckpall	unmatched	False	False	False	0	0	0	0
Clyde	mnt	True	True	False	34	38	33	15
Co mal County	spelling	False	False	False	0	3	0	0
Cobenz	unmatched	False	False	False	0	0	0	0
Cobleskill Community Hospital	unmatched	False	False	False	0	0	0	0
Coco Solo	mnt	True	True	False	1	1	1	7
Cody	mnt	True	True	False	10	10	10	17
Coeur d'Alene lake	unmatched	False	False	False	0	0	0	0
Coffeyville	mnt	True	True	False	2	7	1	29
Coffins Grove township	transform	False	False	False	0	1	0	0
Cogar	mnt	True	True	False	1	8	1	4
Cohill house	unmatched	False	False	False	0	0	0	0
Cohoes	mnt	True	True	False	1	2	1	36
Coin	mnt	True	True	False	5	5	5	6
Colchester	mnt	True	True	False	11	11	10	244
Cold Springs	mnt	True	True	False	21	39	20	6
Coldburg	spelling	False	False	False	0	1	0	0
Coldsle Hospital	unmatched	False	False	False	0	0	0	0
Coleman	mnt	True	True	False	26	28	26	69
Coleman W. Pitts	unmatched	False	False	False	0	0	0	0
Coleview	unmatched	False	False	False	0	0	0	0
Colfax	mnt	True	True	False	42	43	42	114
College Apartment	unmatched	False	False	False	0	0	0	0
College Church	unmatched	False	False	False	0	0	0	0
College Hill	mnt	True	True	False	11	16	11	5
Collin County	mnt	False	False	False	0	45	0	0
Collingsworth County	transform	False	False	False	0	4	0	0
Collinwood	mnt	True	True	False	5	16	5	7
Colo.	mnt	True	True	False	1	18	1	265
Coloma road	unmatched	False	False	False	0	0	0	0
Colony of New South Wales	mnt	True	True	False	1	1	1	1
Colony of Western Australia	mnt	False	False	False	0	1	0	0
Colorado	mnt	True	True	False	12	9	7	9083
Colorado Ave	unmatched	False	False	False	0	0	0	0
Colorado City	mnt	True	True	False	4	3	3	14
Colorado Springs	mnt	True	True	False	1	1	1	57
Columbia	mnt	True	True	False	81	67	61	271
Columbia Heights Christian Church	unmatched	False	False	False	0	0	0	0
Columbia Station	mnt	True	True	False	1	1	1	7
Columbus	mnt	True	True	False	35	29	28	179
Columbus County	transform	False	True	False	1	1	0	1
Columbus County jail	unmatched	False	False	False	0	0	0	0
Columbus Grove	mnt	True	True	False	1	1	1	12
Columbus Junction	mnt	True	True	False	1	1	1	17
Columbus Methodist Church	unmatched	False	False	False	0	0	0	0
Colyer neighborhood	transform	False	False	False	0	7	0	0
Comenie Trail Park	unmatched	False	False	False	0	0	0	0
Commerationnal church	unmatched	False	False	False	0	0	0	0
Common Pleas Court	unmatched	True	True	False	8	0	0	1
Common Pleas Court of Guernsey County	unmatched	False	False	False	0	0	0	0
Commonwealth of Pennsylvania	unmatched	False	False	False	0	0	0	0
Commounity Ceneral Hospital	unmatched	False	False	False	0	0	0	0
Community Denpeel Hospital	unmatched	False	False	False	0	0	0	0
Community General Hospital	mnt	True	True	False	1	1	1	1
Community Hospital	unmatched	True	True	False	7	0	0	1
Community Memorial Hospital	mnt	False	True	False	1	1	1	1
Community hospital	unmatched	False	True	False	7	0	0	1
Compton	mnt	True	True	False	28	36	23	88
Compton Avenue	unmatched	False	False	False	0	0	0	0
Compton Rectory	unmatched	False	False	False	0	0	0	0
Conant Street	unmatched	False	False	False	0	0	0	0
Conc.	spelling	False	False	False	0	1	0	0
Concert street	unmatched	False	False	False	0	0	0	0
Concession 2	unmatched	False	False	False	0	0	0	0
Conconully	mnt	True	True	False	1	1	1	4
Concord	mnt	True	True	False	71	70	66	100
Condover Hall	unmatched	False	False	False	0	0	0	0
Conewago Twp.	transform	False	False	False	0	5	0	0
Congregational Church	unmatched	True	True	False	1	0	0	1
Congreves Saloon	unmatched	False	False	False	0	0	0	0
Conn	mnt	True	True	False	3	3	3	504
Conn.	mnt	True	True	False	1	3	1	344
Connecticut	mnt	True	True	False	4	1	1	7179
Connellsville	mnt	True	True	False	2	3	2	64
Connersville	mnt	True	True	False	5	13	5	27
Connie	spelling	False	False	False	0	8	0	0
Conowago Chapel	mnt	False	False	False	0	1	0	0
Constancerond Workhouse	unmatched	False	False	False	0	0	0	0
Continental at St. Josephs	unmatched	False	False	False	0	0	0	0
Contra Costa County	mnt	False	False	False	0	1	0	0
Conusa	spelling	False	False	False	0	4	0	0
Converse	mnt	True	True	False	9	9	9	47
Converse Christian church	unmatched	False	False	False	0	0	0	0
Conway	mnt	True	True	False	24	27	23	160
Cook County	mnt	True	True	False	1	1	0	1
Cookes Park	unmatched	False	False	False	0	0	0	0
Cookstown	mnt	True	True	False	3	13	3	6
Cooksville	mnt	True	True	False	9	15	9	5
Cooper home	unmatched	False	False	False	0	0	0	0
Copper creek	mnt	False	True	False	2	4	2	6
Cordiff	spelling	False	False	False	0	16	0	0
Cordova apartment	unmatched	False	False	False	0	0	0	0
Corinth	mnt	True	True	False	28	31	28	24
Cornelius Apts.	unmatched	False	False	False	0	0	0	0
Cornell	mnt	True	True	False	12	29	11	9
Cornells sand pit	unmatched	False	False	False	0	0	0	0
Cornwall	mnt	True	True	False	18	23	16	2399
Corona	mnt	True	True	False	11	24	10	24
Corry	mnt	True	True	False	3	30	3	34
Corsicana	mnt	True	True	False	2	2	2	36
Cortland	mnt	True	True	False	11	65	11	117
Cosden Lake	unmatched	False	False	False	0	0	0	0
Coshocton County	transform	False	False	False	0	2	0	0
Cosmopolitan hotel room	unmatched	False	False	False	0	0	0	0
Costa Mesa	mnt	True	True	False	1	1	1	12
Cottonwood Ranch	mnt	True	True	False	1	1	1	1
Coun ty Huntington	unmatched	False	False	False	0	0	0	0
County Building	unmatched	False	False	False	0	0	0	0
County Clare	mnt	True	True	False	1	1	1	12
County Clerk's Office	unmatched	False	False	False	0	0	0	0
County Court of Co mal County	unmatched	False	False	False	0	0	0	0
County Ferma	unmatched	False	False	False	0	0	0	0
County Limerick	mnt	True	True	False	1	1	1	13
County Rd. 410	spelling	False	False	False	0	5	0	0
County Rd. 46 outside Rogersville	unmatched	False	False	False	0	0	0	0
County Tyrone	mnt	True	True	False	1	1	1	6
County of Ayr	unmatched	False	False	False	0	0	0	0
County of Benewah	transform	False	False	False	0	1	0	0
County of Fryntesec	unmatched	False	False	False	0	0	0	0
County of Schoharie	transform	False	False	False	0	1	0	0
County of St. Marys	unmatched	False	False	False	0	0	0	0
County of Trego	transform	False	False	False	0	4	0	0
County of Wayne	transform	False	False	False	0	49	0	0
Court House	mnt	True	True	False	9	6	5	5
Court House in Princeton	unmatched	False	False	False	0	0	0	0
Court House in the City of Princeton	unmatched	False	False	False	0	0	0	0
Court Room of Department No. 2	unmatched	False	False	False	0	0	0	0
Court of Common Pleas	unmatched	True	True	False	10	0	0	3
Court of Common Pleas Court	unmatched	False	False	False	0	0	0	0
Courthouse in Winnemuces	unmatched	False	False	False	0	0	0	0
Courtland	mnt	True	True	False	17	22	15	13
Cove Station	spelling	False	False	False	0	1	0	0
Covington	mnt	True	True	False	25	38	23	127
Crab Run Church of the Brethren in Bergton	unmatched	False	False	False	0	0	0	0
Cracow	mnt	True	True	False	2	3	1	4
Cragmont	mnt	True	True	False	1	3	1	1
CrainNorris Funeral Home	unmatched	False	False	False	0	0	0	0
Crane ford County	unmatched	False	False	False	0	0	0	0
Craven County	mnt	False	False	False	0	13	0	0
Craw River	spelling	False	False	False	0	2	0	0
Crawford County	transform	True	True	False	2	20	0	1
Crawford county	transform	False	True	False	2	20	0	1
Crawfordsville	mnt	True	True	False	5	7	5	27
Cremation and private family burial	unmatched	False	False	False	0	0	0	0
Crenshaw Boulevard south of Rolling Hills Road	unmatched	False	False	False	0	0	0	0
Cresco	mnt	True	True	False	5	11	4	14
Cresde Rirect Methodist Church	unmatched	False	False	False	0	0	0	0
Creston	mnt	True	True	False	20	94	20	30
Crete	mnt	True	True	False	8	14	8	21
CriLicoTruk	unmatched	False	False	False	0	0	0	0
Cristonia	unmatched	False	False	False	0	0	0	0
Crocker	mnt	True	True	False	7	12	7	7
Crocker Baptist Church (funeral)	unmatched	False	False	False	0	0	0	0
Cronstedt	unmatched	False	False	False	0	0	0	0
Crown Hill Mennonite Home near Warren	unmatched	False	False	False	0	0	0	0
Croydon	mnt	True	True	False	6	20	6	293
Crump gold mine	unmatched	False	False	False	0	0	0	0
Crystal Lake	mnt	True	True	False	15	18	13	23
Crystle Manor Nursing Home	unmatched	False	False	False	0	0	0	0
Cucerne	spelling	False	False	False	0	11	0	0
Cumberland	mnt	True	True	False	46	38	34	1196
Cumberland View	mnt	True	True	False	1	1	1	1
Cumberland county	transform	True	True	False	2	10	0	1
Cumberland's Memorial Hospital	unmatched	False	False	False	0	0	0	0
Curry County	transform	False	False	False	0	23	0	0
Curtisfield	unmatched	False	False	False	0	0	0	0
Cuyahoga county	mnt	False	False	False	0	1	0	0
Cuyahogaco	unmatched	False	False	False	0	0	0	0
Cyrus H. McCormick Elementary School	unmatched	False	False	False	0	0	0	0
D.	unmatched	False	False	True	0	0	0	0
D. C.	mnt	True	True	False	1	1	1	1
D.C.	mnt	True	True	False	1	1	1	4
D.T.	unmatched	False	False	False	0	0	0	0
DANNEMOWA	spelling	False	False	False	0	1	0	0
DL	mnt	False	False	False	0	1	0	0
DUMAS	mnt	True	True	False	7	12	7	12
DaPar dra	unmatched	False	False	False	0	0	0	0
Dac.	unmatched	False	False	False	0	0	0	0
Dairy	mnt	True	True	False	4	22	4	8
Dakota	mnt	True	True	False	16	14	10	172
Dakota Plains First Nation house fire	unmatched	False	False	False	0	0	0	0
Dakota county	mnt	False	False	False	0	6	0	0
Dallas	mnt	True	True	False	38	41	33	239
Dallas City	mnt	True	True	False	2	3	2	15
Dalmage hospital in Buffalo Center	unmatched	False	False	False	0	0	0	0
Dalmenyroad	unmatched	False	False	False	0	0	0	0
Danaonthe Patuxent Estate	unmatched	False	False	False	0	0	0	0
Danbury	mnt	True	True	False	13	21	12	55
Dane County	mnt	False	False	False	0	1	0	0
Dane County Courthouse	unmatched	True	True	False	1	0	0	1
Dane county	mnt	False	False	False	0	1	0	0
Danferty Memorial hospital	unmatched	False	False	False	0	0	0	0
Danish homeland	unmatched	False	False	False	0	0	0	0
Danville	mnt	True	True	False	33	61	32	70
Danville Baptist church	unmatched	False	False	False	0	0	0	0
Darke County	mnt	False	False	False	0	23	0	0
Darland	spelling	False	False	False	0	41	0	0
Davenport	mnt	True	True	False	18	19	16	120
David Pemble's country home parlor	unmatched	False	False	False	0	0	0	0
Davis County	transform	True	True	False	2	19	0	1
Davis Nursing Home	unmatched	False	False	False	0	0	0	0
Davisboro	mnt	True	True	False	1	1	1	12
Dawson township	transform	False	False	False	0	32	0	0
Daya county	unmatched	False	False	False	0	0	0	0
Dayton	mnt	True	True	False	51	132	49	158
De Kalb County	spelling	False	False	False	0	12	0	0
De elnes mortuary chapel	unmatched	False	False	False	0	0	0	0
DeBaca County	spelling	False	False	False	0	3	0	0
DeBaca General Hospital	unmatched	False	False	False	0	0	0	0
DeBois	spelling	True	True	False	1	9	1	2
DeBolt	mnt	False	True	False	1	4	1	1
DeKalb	mnt	True	True	False	18	17	17	209
DeNeys	unmatched	False	False	False	0	0	0	0
Deanwood community	transform	False	False	False	0	15	0	0
Decater County	spelling	False	False	False	0	28	0	0
Decatur	mnt	True	True	False	28	28	27	133
Deerfield	mnt	True	True	False	36	34	33	19
Defiance	mnt	True	True	False	8	8	8	107
Defiance County	transform	False	False	False	0	1	0	0
Del Rio	mnt	True	True	False	5	7	5	25
Del.	mnt	True	True	False	1	42	1	1
Delafield	mnt	True	True	False	4	4	4	11
Delaware	mnt	True	True	False	54	42	41	3021
Delaware County	transform	True	True	False	1	6	0	1
Delaware county	transform	False	True	False	1	6	0	1
Delaware river at Valley Falls	unmatched	False	False	False	0	0	0	0
Delgein	unmatched	False	False	False	0	0	0	0
Delhi	mnt	True	True	False	18	26	18	17
Delhi Township	mnt	False	False	False	0	8	0	0
Dell Plain Hall	unmatched	False	False	False	0	0	0	0
Dellaire	spelling	False	False	False	0	10	0	0
Delmar	mnt	True	True	False	14	27	14	10
Deloit	mnt	True	True	False	3	9	2	5
Delphi	mnt	True	True	False	6	35	6	30
Delphos	mnt	True	True	False	5	5	5	39
Delroit	spelling	False	False	False	0	14	0	0
Delta	mnt	True	True	False	27	39	26	144
Delta County	transform	False	False	False	0	16	0	0
Delta County Court House	unmatched	False	False	False	0	0	0	0
Delux Auto Court apartment	unmatched	False	False	False	0	0	0	0
Denise Freeman's house	unmatched	False	False	False	0	0	0	0
Denmark	mnt	True	True	False	27	34	27	615
Dennis Township	transform	False	False	False	0	10	0	0
Denton	mnt	True	True	False	38	191	35	123
Denver	mnt	True	True	False	28	31	28	573
Derby	mnt	True	True	False	27	53	25	576
Derby township	spelling	False	False	False	0	29	0	0
Derena	spelling	False	False	False	0	13	0	0
Dernford Dale	unmatched	False	False	False	0	0	0	0
Des Moines	mnt	True	True	False	16	15	15	196
Des Moines County	transform	False	False	False	0	1	0	0
Des Moises	spelling	False	False	False	0	15	0	0
Deser Manor	unmatched	False	False	False	0	0	0	0
Desert Hot Springs	mnt	True	True	False	1	1	1	10
Desert Lawn Mortuary	unmatched	False	False	False	0	0	0	0
Desert Springs Hospital	unmatched	False	False	False	0	0	0	0
Detroit	mnt	True	True	False	14	12	12	339
Detroit Zoo (northwest Detroit)	unmatched	False	False	False	0	0	0	0
Devils Dip (road from Macon to Fort Valley)	unmatched	False	False	False	0	0	0	0
Devon City	unmatched	False	False	False	0	0	0	0
Dew	mnt	True	True	False	1	1	1	3
Dickie Higgins's front porch	unmatched	False	False	False	0	0	0	0
Died at home in Hampstead	unmatched	False	False	False	0	0	0	0
Dillon	mnt	True	True	False	14	20	14	78
Dillsburg	mnt	True	True	False	2	6	2	22
Dimock area (near)	unmatched	False	False	False	0	0	0	0
Dinwiddie	mnt	True	True	False	5	3	3	86
District Court	unmatched	True	True	False	9	0	0	2
District of Columbia	mnt	True	True	False	3	4	1	13
Division Street	unmatched	False	False	False	0	0	0	0
Dixie	mnt	True	True	False	21	22	20	44
Dixmont Station	unmatched	False	False	False	0	0	0	0
Dixon	mnt	True	True	False	30	51	27	73
Dixon public hospital	mnt	False	False	False	0	1	0	0
Diyatalawa	unmatched	False	False	False	0	0	0	0
Dla	unmatched	False	False	True	0	0	0	0
Dog Creek Indian Reserve	unmatched	False	False	False	0	0	0	0
Dolgeville	mnt	True	True	False	1	6	1	9
Donegal township	transform	False	False	False	0	4	0	0
Donnan community	transform	False	False	False	0	6	0	0
Donnellson	mnt	True	True	False	2	2	2	10
Dorchester	mnt	True	True	False	26	24	19	222
Douglas Cottage	unmatched	False	False	False	0	0	0	0
Douglas County	mnt	False	False	False	0	11	0	0
Dover	mnt	True	True	False	58	74	52	287
Dover Center	mnt	True	True	False	1	1	1	1
Dowdy home	unmatched	False	False	False	0	0	0	0
Dr. Hise hospital	unmatched	False	False	False	0	0	0	0
Dr. John sons Hospital	unmatched	False	False	False	0	0	0	0
DrakeFlowers Funeral Home	unmatched	False	False	False	0	0	0	0
Dreaming Creek	unmatched	False	False	False	0	0	0	0
Drexel	mnt	True	True	False	6	6	6	8
Drumbeeran	spelling	False	False	False	0	1	0	0
Du Bois	mnt	True	True	False	5	11	5	26
Du Quoin	mnt	True	True	False	1	2	1	26
DuBois	mnt	True	True	False	10	12	9	116
DuPage County	mnt	False	False	False	0	2	0	0
DuQuoin	mnt	True	True	False	2	2	2	6
Dubach and vicinity	unmatched	False	False	False	0	0	0	0
Dublin	mnt	True	True	False	27	35	25	121
Dubois County	transform	False	False	False	0	4	0	0
Dubuqe hospital	unmatched	False	False	False	0	0	0	0
Dubuque	mnt	True	True	False	4	4	4	221
Dukes	mnt	True	True	False	7	20	7	88
Dumez quarters	unmatched	False	False	False	0	0	0	0
Dumfriesshire	mnt	True	True	False	1	1	1	6
Duncan	mnt	True	True	False	26	28	25	22
Duncansville	mnt	True	True	False	1	6	1	17
Dundas	mnt	True	True	False	10	11	8	9
Dundenong Creek	unmatched	False	False	False	0	0	0	0
Dunkels Church cemetery	unmatched	False	False	False	0	0	0	0
Dunlap area	transform	False	False	False	0	23	0	0
Dunmore parish	mnt	False	False	False	0	8	0	0
Dunn County	mnt	False	True	False	1	1	1	1
Dunns coal shaft	unmatched	False	False	False	0	0	0	0
Duoncansville	spelling	False	False	False	0	1	0	0
Dupageco	unmatched	False	False	False	0	0	0	0
Duquesne	mnt	True	True	False	3	3	3	35
Duranbah	pa_name	False	False	False	0	1	0	0
Durand	mnt	True	True	False	7	23	7	16
Durango	mnt	True	True	False	6	7	6	34
Durant	mnt	True	True	False	12	20	12	24
Durham	mnt	True	True	False	37	41	33	2342
Durhamville canal	unmatched	False	False	False	0	0	0	0
Dyersburg	mnt	True	True	False	2	4	1	18
Dyersville	mnt	True	True	False	2	14	1	17
Dykeman's Baptist Church	unmatched	False	False	False	0	0	0	0
E Street Southeast	unmatched	False	False	False	0	0	0	0
Eaainerd hospital	unmatched	False	False	False	0	0	0	0
Eaglewood hospital	unmatched	False	False	False	0	0	0	0
Easley	mnt	True	True	False	6	23	6	30
East Alton	mnt	True	True	False	2	10	2	10
East Berlin	mnt	True	True	False	4	4	4	20
East Bloom bla	unmatched	False	False	False	0	0	0	0
East Boston	mnt	True	True	False	2	3	2	34
East Cambridge	mnt	True	True	False	2	2	2	5
East Chocolay street	unmatched	False	False	False	0	0	0	0
East End	mnt	True	True	False	15	40	14	4
East Greenville	mnt	True	True	False	3	3	3	10
East Hampton	mnt	True	True	False	5	5	5	24
East Helena	mnt	True	True	False	1	1	1	11
East Lackawannock Township	transform	False	False	False	0	1	0	0
East Lake	mnt	True	True	False	11	18	11	7
East Liverpool	mnt	True	True	False	1	1	1	49
East Maitland	mnt	True	True	False	1	1	1	1
East Marietta St.	unmatched	False	False	False	0	0	0	0
East Medway	unmatched	False	False	False	0	0	0	0
East Moreland avenue	unmatched	False	False	False	0	0	0	0
East New York	mnt	True	True	False	1	1	1	2
East One Hundred and Twelfth Street	unmatched	False	False	False	0	0	0	0
East Orange	mnt	True	True	False	3	3	3	43
East Pownal and Pownal Center	unmatched	False	False	False	0	0	0	0
East Road	unmatched	False	False	False	0	0	0	0
East Saxton	mnt	True	True	False	1	1	1	1
East Sheen	mnt	False	True	False	1	1	1	2
East Side Flat	unmatched	False	False	False	0	0	0	0
East Side apartment building	unmatched	False	False	False	0	0	0	0
East Side hospital	unmatched	False	False	False	0	0	0	0
East St P.	unmatched	False	False	False	0	0	0	0
East St Paul	mnt	False	False	False	0	1	0	0
East Washington Street	unmatched	False	False	False	0	0	0	0
East Waverly	mnt	False	True	False	1	1	1	1
East White street	unmatched	False	False	False	0	0	0	0
East York	mnt	True	True	False	1	16	1	4
Eastern Point	unmatched	False	False	False	0	0	0	0
Eaton Naples	unmatched	False	False	False	0	0	0	0
Eaton Rt. 4	unmatched	False	False	False	0	0	0	0
Eau Claire	mnt	True	True	False	6	6	6	88
Ebelwein	unmatched	False	False	False	0	0	0	0
Ebor hall	unmatched	False	False	False	0	0	0	0
Eckhart	spelling	True	True	False	2	10	1	3
Ed Wades	unmatched	False	False	False	0	0	0	0
Eddyville	mnt	True	True	False	9	9	9	16
Eddyville Methodist Church	unmatched	False	False	False	0	0	0	0
Eden Valley township	transform	False	False	False	0	1	0	0
Edgemont Township	transform	False	False	False	0	3	0	0
Edgerton	mnt	True	True	False	10	16	10	29
Edinborg	spelling	False	False	False	0	13	0	0
Edinburg	mnt	True	True	False	16	23	14	17
Edith Davis Eve Memorial Chapel at Penn State Altoona	unmatched	False	False	False	0	0	0	0
Edmore	mnt	True	True	False	3	27	3	9
Edward	mnt	True	True	False	5	29	4	6
Edwardsville	mnt	True	True	False	12	11	11	42
Eglin AFB Chapel I	unmatched	False	False	False	0	0	0	0
Egypt	mnt	True	True	False	21	23	21	43
Egypt Corners near Route 322	unmatched	False	False	False	0	0	0	0
Eight eonth and Rockland streets	unmatched	False	False	False	0	0	0	0
Eighth Judicial District	unmatched	False	False	False	0	0	0	0
Eighth St.	unmatched	False	False	False	0	0	0	0
El Daro	spelling	False	False	False	0	3	0	0
El Monte home	unmatched	False	False	False	0	0	0	0
El Paso	mnt	True	True	False	7	10	7	174
Eldon district	transform	False	False	False	0	72	0	0
Eldorado	mnt	True	True	False	25	37	24	22
Electra Street	unmatched	False	False	False	0	0	0	0
Elensburg Center	unmatched	False	False	False	0	0	0	0
Elevator	unmatched	False	False	False	0	0	0	0
Elk Garden	mnt	True	True	False	2	2	2	11
Elk River	mnt	True	True	False	5	8	4	16
Ellen Dr.	unmatched	False	False	False	0	0	0	0
Ellicottvill	spelling	False	False	False	0	1	0	0
Elliott State Park	unmatched	False	False	False	0	0	0	0
Ellscott	pa_name	False	False	False	0	6	0	0
Ellsworth County	transform	False	False	False	0	2	0	0
Elm Grove	mnt	True	True	False	16	23	16	12
Elmira	mnt	True	True	False	18	30	16	53
Elmira College Library	unmatched	False	False	False	0	0	0	0
Elmira church	unmatched	False	False	False	0	0	0	0
Elmwood	mnt	True	True	False	27	55	26	14
Elmwood Cemetery	mnt	True	True	False	9	35	8	3
Elrods Mills	unmatched	False	False	False	0	0	0	0
Elwood	mnt	True	True	False	21	69	18	36
Elyria	mnt	True	True	False	5	4	4	68
Embreeville RD 1	transform	False	False	False	0	2	0	0
Emerson Iler residence barnyard	unmatched	False	False	False	0	0	0	0
Emery	mnt	True	True	False	12	25	11	73
Emigrant Savings Bank	unmatched	False	False	False	0	0	0	0
Emily	mnt	True	True	False	2	3	1	6
Emmitsburg	mnt	True	True	False	2	3	2	28
Emmitsour e Rd. 2	unmatched	False	False	False	0	0	0	0
End Street West	unmatched	False	False	False	0	0	0	0
Endes hotel	unmatched	False	False	False	0	0	0	0
Enfield	mnt	True	True	False	18	34	17	95
Eng land	mnt	False	True	False	1	4	1	1
Eng.	mnt	True	True	False	1	1	1	371
England	mnt	True	True	False	6	5	3	22406
Englewood	mnt	True	True	False	20	38	19	29
Englewood avenue	unmatched	False	False	False	0	0	0	0
Enid	mnt	True	True	False	7	6	6	32
Enon	mnt	True	True	True	16	15	15	10
Enterprise	mnt	True	True	False	34	35	33	20
Eny	unmatched	False	False	False	0	0	0	0
Episcopal church of St. Claire	unmatched	False	False	False	0	0	0	0
Epsom	mnt	True	True	False	7	8	6	84
Erath County	transform	False	False	False	0	6	0	0
Erie	mnt	True	True	False	23	21	20	653
Erie County	transform	False	False	False	0	3	0	0
Erie county	transform	False	False	False	0	3	0	0
Escanaba	mnt	True	True	False	2	2	2	50
Esmor	unmatched	False	False	False	0	0	0	0
Esq. E. O. Lease's office	unmatched	False	False	False	0	0	0	0
Essex	mnt	True	True	False	34	37	27	3250
Essex County	transform	False	False	False	0	16	0	0
Estherville	mnt	True	True	False	3	2	2	42
Euclid	mnt	True	True	False	8	8	8	16
Euclid Glenville	unmatched	False	False	False	0	0	0	0
Euless	mnt	True	True	False	1	1	1	12
Eureka	mnt	True	True	False	47	49	46	32
Eva	mnt	True	True	False	7	7	7	12
Evan. Mennonite Church	unmatched	False	False	False	0	0	0	0
Evanaton	spelling	False	False	False	0	12	0	0
Evangelical Lutheran Church in Griswold	unmatched	False	False	False	0	0	0	0
Evangelical U.B. church	unmatched	False	False	False	0	0	0	0
Evangelical United Brethren Church in Anderson	unmatched	False	False	False	0	0	0	0
Evans	mnt	True	True	False	18	23	18	29
Evansville	mnt	True	True	False	19	25	18	94
Evarts	mnt	True	True	False	3	6	3	8
Everett	mnt	True	True	False	20	28	19	84
Everett R.D.	transform	False	False	False	0	28	0	0
Everrett	spelling	True	True	False	1	18	1	1
Ewabeach	spelling	False	False	False	0	1	0	0
Ewan Creek	spelling	False	False	False	0	7	0	0
Exq.	unmatched	False	False	False	0	0	0	0
Ezra Meadwun hall	unmatched	False	False	False	0	0	0	0
FAIRHAVEN	mnt	True	True	False	15	24	14	37
FL	mnt	True	True	False	1	23	1	1967
Fair Oaks	mnt	True	True	False	14	19	12	11
Fair born	mnt	True	True	False	1	1	1	1
Fair play township	spelling	False	False	False	0	12	0	0
Fair view Route 2	transform	False	False	False	0	102	0	0
Fairbanks	mnt	True	True	False	21	25	21	26
Fairborn	mnt	True	True	False	1	6	1	12
Fairchance	mnt	True	True	False	1	1	1	14
Fairfax	mnt	True	True	False	33	25	25	392
Fairfax County	mnt	False	False	False	0	1	0	0
Fairfield	mnt	True	True	False	83	88	75	599
Fairfield Gardens	unmatched	False	False	False	0	0	0	0
Fairmount	mnt	True	True	False	27	46	25	17
Fairvan Avenue	unmatched	False	False	False	0	0	0	0
Fairview Manor Nursing Home	unmatched	False	False	False	0	0	0	0
Fairway 16 Clubhouse	unmatched	False	False	False	0	0	0	0
Faith Lutheran Church	unmatched	False	False	False	0	0	0	0
Fall River	mnt	True	True	False	9	8	7	105
Fallsburgh	mnt	True	True	False	1	3	1	6
Family residence	unmatched	False	False	False	0	0	0	0
Farm Road 11	unmatched	False	False	False	0	0	0	0
Farm two and one half miles west of Talmage	unmatched	False	False	False	0	0	0	0
Farmerville	mnt	True	True	False	3	17	2	15
Farmstead near Harmon Township	unmatched	False	False	False	0	0	0	0
Farrow Osteopathic Clinic	unmatched	False	False	False	0	0	0	0
Faspeee	unmatched	False	False	False	0	0	0	0
Fast Hickory	spelling	False	False	False	0	1	0	0
Faulkton	mnt	True	True	False	1	1	1	10
Fayette County	transform	False	False	False	0	14	0	0
Fayette county	transform	False	False	False	0	14	0	0
Fen Ditton Rectory	unmatched	False	False	False	0	0	0	0
Fendalton	unmatched	False	False	False	0	0	0	0
Ferdinand	mnt	True	True	False	5	3	3	20
FeremiaRiga	unmatched	False	False	False	0	0	0	0
Fergus County	transform	False	False	False	0	1	0	0
Fergus Falls	mnt	True	True	False	2	2	2	34
Fern Road	unmatched	False	False	False	0	0	0	0
Fieldon	mnt	True	True	False	2	5	2	7
Fields	mnt	True	True	False	8	17	7	6
Fifth Avenue	unmatched	True	True	False	1	0	0	2
Fifth street bridge	unmatched	False	False	False	0	0	0	0
Filko	unmatched	False	False	False	0	0	0	0
Fillmore	mnt	True	True	False	22	26	21	155
Filpon	spelling	False	False	False	0	3	0	0
Findlay	mnt	True	True	False	5	11	5	42
Finelyville Methodist Church	unmatched	False	False	False	0	0	0	0
Finley Hospital	mnt	True	True	False	1	1	1	1
First Baptist Church	mnt	True	True	False	9	8	8	1
First Christian Church Disciples of Christ in Paradise	unmatched	False	False	False	0	0	0	0
First Christian church	pa_name	False	False	False	0	1	0	0
First Evangelical Lutheran church	unmatched	False	False	False	0	0	0	0
First Evangelical church	unmatched	False	False	False	0	0	0	0
First Lutheran Church	mnt	True	True	False	2	2	2	1
First M. E. church in this city	unmatched	False	False	False	0	0	0	0
First Methodist Church	unmatched	False	False	False	0	0	0	0
First Presbyterian Church of Portland	unmatched	False	False	False	0	0	0	0
First Reformed church of Schenectady	unmatched	False	False	False	0	0	0	0
First United Methodist Church	mnt	True	True	False	3	7	3	1
First street between Nicollet and First avenue south	unmatched	False	False	False	0	0	0	0
Fla	mnt	True	True	False	1	23	1	656
Fla.	mnt	True	True	False	1	23	1	858
Flat Willow district	spelling	False	False	False	0	1	0	0
Flatbush avenue	unmatched	False	False	False	0	0	0	0
Fleming	mnt	True	True	False	17	21	15	109
Flint Pond Road	unmatched	False	False	False	0	0	0	0
Flora	mnt	True	True	False	13	26	13	17
Florence County	mnt	False	False	False	0	3	0	0
Florence Hotel	unmatched	False	False	False	0	0	0	0
Florida	mnt	True	True	False	37	28	15	16033
Floyd community	transform	False	False	False	0	50	0	0
Folk	mnt	True	True	False	1	1	1	5
Folly Cove	unmatched	False	False	False	0	0	0	0
Fond du End	unmatched	False	False	False	0	0	0	0
Fond du Lac City	unmatched	False	False	False	0	0	0	0
Fond du Lac County	transform	False	False	False	0	1	0	0
Forbes street	unmatched	False	False	False	0	0	0	0
Ford City	mnt	True	True	False	7	6	5	30
Ford plant	unmatched	False	False	False	0	0	0	0
Forest Hill Retirement Community	unmatched	False	False	False	0	0	0	0
Forest Park	mnt	True	True	False	16	21	15	18
Forest View Trailer Park	unmatched	False	False	False	0	0	0	0
Forest avenue	unmatched	False	False	False	0	0	0	0
Foros county	spelling	False	False	False	0	11	0	0
Forsyth	mnt	True	True	False	10	11	9	259
Fort Alexander Hospital	unmatched	False	False	False	0	0	0	0
Fort Campbell Army post	unmatched	False	False	False	0	0	0	0
Fort Collins	mnt	True	True	False	1	1	1	28
Fort Dodge	mnt	True	True	False	2	2	2	26
Fort Edward	mnt	True	True	False	1	2	1	14
Fort George	pa_name	False	True	False	1	4	0	1
Fort Greene	name_variant	False	False	False	0	1	0	0
Fort Hamilton Hospital	name_variant	False	False	False	0	1	0	0
Fort Lauderdale	mnt	True	True	False	1	1	1	17
Fort Madison	mnt	True	True	False	1	2	1	17
Fort Myer	mnt	True	True	False	2	1	1	1
Fort Pierce	mnt	True	True	False	1	1	1	21
Fort Scully and Bennett	unmatched	False	False	False	0	0	0	0
Fort Smith	mnt	True	True	False	1	4	1	32
Fort Walton Beach	mnt	True	True	False	1	1	1	14
Fort Wayne	mnt	True	True	False	2	2	2	50
Fort Worth	mnt	True	True	False	2	1	1	79
Fort Worth's Harris Hospital	unmatched	False	False	False	0	0	0	0
Fortuna	mnt	True	True	False	7	10	7	10
Foster	mnt	True	True	False	38	51	37	62
Fountain	mnt	True	True	False	18	41	16	134
Four Mile	mnt	True	True	False	12	16	12	5
Fourteenth Street tenement	unmatched	False	False	False	0	0	0	0
Fourth and Shawnee streets	unmatched	False	False	False	0	0	0	0
Fowlers Place	spelling	False	False	False	0	1	0	0
Foxville	mnt	True	True	False	4	14	4	4
France	mnt	True	True	False	2	10	2	3461
Frances Street	unmatched	False	False	False	0	0	0	0
Franconia	mnt	True	True	False	8	6	6	15
Frank Oldfather home	unmatched	False	False	False	0	0	0	0
Frankford Asylum	unmatched	False	False	False	0	0	0	0
Frankfort apartment	unmatched	False	False	False	0	0	0	0
Frankiinville	spelling	False	False	False	0	6	0	0
Franklin	mnt	True	True	False	210	198	192	529
Franklin County	mnt	False	False	False	0	3	0	0
Franklin County mobile home	unmatched	False	False	False	0	0	0	0
Franklin Rt. 2	unmatched	False	False	False	0	0	0	0
Franklinslea Up Hospital	unmatched	False	False	False	0	0	0	0
Fred Fudickar	unmatched	False	False	False	0	0	0	0
Fred Heart Hospital	unmatched	False	False	False	0	0	0	0
Fred Zimmerman home	unmatched	False	False	False	0	0	0	0
Frederick	mnt	True	True	False	18	18	13	690
Frederick County	mnt	False	False	False	0	7	0	0
Fredonia	mnt	True	True	False	21	22	20	22
Fredoula	unmatched	False	False	False	0	0	0	0
Freeborn County	mnt	False	False	False	0	2	0	0
Freedom Township near Mt. Carroll	unmatched	False	False	False	0	0	0	0
Freehold	mnt	True	True	False	5	6	5	34
Freeman Greene Co. Hospital	unmatched	False	False	False	0	0	0	0
Freeman Greene County Hospital	mnt	True	True	False	1	1	1	1
Freeport	mnt	True	True	False	19	20	19	56
Freetown vicinity	transform	False	False	False	0	14	0	0
Frelighshare	unmatched	False	False	False	0	0	0	0
Fremont	mnt	True	True	False	46	70	46	145
Fremont Center	mnt	True	True	False	2	2	2	3
Fremont County	transform	False	False	False	0	28	0	0
Fremont county	transform	False	False	False	0	28	0	0
Fresno	mnt	True	True	False	7	7	6	329
Fresno County	mnt	False	False	False	0	1	0	0
Frewsburg	mnt	True	True	False	1	2	1	11
Friends Cemetery	mnt	True	True	False	2	4	2	3
Friendship	mnt	True	True	False	30	30	29	13
Friendship (near Americus)	unmatched	False	False	False	0	0	0	0
Friesland	mnt	True	True	False	4	6	4	40
Frieyds Court	unmatched	False	False	False	0	0	0	0
Frog town	mnt	False	True	False	1	10	1	1
Front Street	spelling	False	False	False	0	1	0	0
Front of the Court House	unmatched	False	False	False	0	0	0	0
Frontier Park	mnt	True	True	False	1	1	1	1
Ft. Jennings	spelling	True	True	False	1	1	1	2
Ft. Madison	name_variant	True	True	False	1	2	1	3
Ft. Madison nursing home	unmatched	False	False	False	0	0	0	0
Ft. Ord hospital	unmatched	False	False	False	0	0	0	0
Ft. Recovery	spelling	True	True	False	1	1	1	3
Ft. Sill	name_variant	True	True	False	1	1	1	2
Fullerton	mnt	True	True	False	11	14	11	24
Fulton	mnt	True	True	False	46	59	44	411
Fulton County	transform	True	True	False	1	22	0	1
Fulton Theater	unmatched	False	False	False	0	0	0	0
Fultonville	mnt	True	True	False	1	3	1	7
Furlong	mnt	True	True	False	1	1	1	6
Fyette County	spelling	False	False	False	0	38	0	0
G. D. Wood	unmatched	False	False	False	0	0	0	0
GERMANY	mnt	True	True	False	6	27	5	4031
GRMC Medical Center	unmatched	False	False	False	0	0	0	0
Ga	mnt	True	True	False	1	13	1	2446
Ga.	mnt	True	True	False	1	12	1	741
Gacs Station	unmatched	False	False	False	0	0	0	0
Gainesville	mnt	True	True	False	12	17	11	29
Galacia	mnt	True	True	False	2	6	1	2
Galapagos islands	mnt	False	False	False	0	1	0	0
Galilean stent	unmatched	False	False	False	0	0	0	0
Gallatin County	mnt	False	False	False	0	1	0	0
Galveston	mnt	True	True	False	6	7	5	146
Galvestus	unmatched	False	False	False	0	0	0	0
Gamboa Cay	unmatched	False	False	False	0	0	0	0
Garage of their home along the Williamsport Greencastle Pike	unmatched	False	False	False	0	0	0	0
Garden City	mnt	True	True	False	26	29	26	27
Gardner	mnt	True	True	False	27	47	25	31
Gargantua Club	unmatched	False	False	False	0	0	0	0
Garretton	spelling	False	False	False	0	1	0	0
Gary	mnt	True	True	False	14	13	13	50
Gary Airport	unmatched	False	False	False	0	0	0	0
Gary Lane	unmatched	False	False	False	0	0	0	0
Gas chamber	unmatched	False	False	False	0	0	0	0
Gasque	mnt	True	True	False	1	4	1	1
Gaston Mines - Mine No.1	unmatched	False	False	False	0	0	0	0
Gastonia	mnt	True	True	False	3	3	3	64
Gatesville	mnt	True	True	False	9	36	7	21
Gatineau Hills	unmatched	False	False	False	0	0	0	0
Gaylord	mnt	True	True	False	7	8	7	14
Geiger Nursing Home	unmatched	False	False	False	0	0	0	0
General Hospital	mnt	True	True	False	25	1	1	1
Genese river at Charlotte	unmatched	False	False	False	0	0	0	0
Genesee County	transform	False	False	False	0	11	0	0
Genesee Township	transform	False	False	False	0	12	0	0
Geneseo	mnt	True	True	False	7	19	7	25
Geneseo High School	pa_name	False	False	False	0	2	0	0
Geneva	mnt	True	True	False	31	37	30	118
Genterville	spelling	False	False	False	0	62	0	0
George Lees farm	unmatched	False	False	False	0	0	0	0
George Wash Galverety Hospital	unmatched	False	False	False	0	0	0	0
Georgetown	mnt	True	True	False	52	56	50	166
Georgia	mnt	True	True	False	21	15	11	24491
Georgia Pacific railroad near Butler Street culvert	unmatched	False	False	False	0	0	0	0
Gerardstown	spelling	True	True	False	1	1	1	5
Germantown Washington County	unmatched	False	False	False	0	0	0	0
Germany	mnt	True	True	False	6	27	5	4031
Gettysboro R. 5	unmatched	False	False	False	0	0	0	0
Gettysburg	mnt	True	True	False	5	5	5	101
Gettysburg College dining hall roof	unmatched	False	False	False	0	0	0	0
Gia.	unmatched	False	False	False	0	0	0	0
Giant Powder Company works near Sobrante	unmatched	False	False	False	0	0	0	0
Gibbon vicinity	transform	False	False	False	0	45	0	0
Gibbs High School field	unmatched	False	False	False	0	0	0	0
Gibson	mnt	True	True	False	37	48	33	166
Gibson Station	mnt	True	True	False	1	1	1	7
Gibson township farm	unmatched	False	False	False	0	0	0	0
Gibsonville	mnt	True	True	False	3	5	3	12
Gila county	mnt	False	False	False	0	1	0	0
Gillespie	mnt	True	True	False	6	6	6	66
Gilmer	mnt	True	True	False	8	14	8	82
Gioia	mnt	False	True	False	1	2	1	1
Gipps Street	unmatched	False	False	False	0	0	0	0
Girard	mnt	True	True	False	17	17	15	18
Girvan	mnt	True	True	False	2	7	2	8
Gladesville	mnt	True	True	False	2	5	2	3
Gladstone	mnt	True	True	False	22	25	20	26
Glasgow	mnt	True	True	False	21	20	17	138
Glebe Avenue	unmatched	False	False	False	0	0	0	0
Glen Burnie	mnt	True	True	False	1	5	1	12
Glen Carbon	mnt	True	True	False	3	3	3	10
Glen Cove	mnt	True	True	False	10	13	10	24
Glen Rock	mnt	True	True	False	4	6	4	14
Glen Wild	mnt	True	True	False	1	4	1	5
Glen croft Nursing Home	unmatched	False	False	False	0	0	0	0
Glenboro	mnt	True	True	False	1	2	1	9
Glendale	mnt	True	True	False	46	53	46	44
Glenelg	mnt	True	True	False	5	8	5	5
Glengary Country Club	unmatched	False	False	False	0	0	0	0
Glenns Ferry	mnt	True	True	False	1	1	1	6
Glenorailston	unmatched	False	False	False	0	0	0	0
Glens Falls	mnt	True	True	False	1	3	1	30
Glensville	spelling	False	False	False	0	18	0	0
Glentor	unmatched	False	False	False	0	0	0	0
Glenwood-Dyer Road	unmatched	False	False	False	0	0	0	0
Glidden	mnt	True	True	False	4	10	4	13
Globe	mnt	True	True	False	13	18	13	20
Gloucester	mnt	True	True	False	20	13	12	310
Gluddrens Hospital	unmatched	False	False	False	0	0	0	0
Glwein	unmatched	False	False	False	0	0	0	0
Gnano Rampa	unmatched	False	False	False	0	0	0	0
Gnarleston	unmatched	False	False	False	0	0	0	0
Goffstown	mnt	True	True	False	1	1	1	14
Gold Coast home	unmatched	False	False	False	0	0	0	0
Gold Dust Peak near Eagle	unmatched	False	False	False	0	0	0	0
Gold Samaritan Home	unmatched	False	False	False	0	0	0	0
Golden Gate	mnt	True	True	False	3	5	2	4
Golden Living Center	unmatched	False	False	False	0	0	0	0
Golden Years Nursing Home	unmatched	False	False	False	0	0	0	0
Goldfield	mnt	True	True	False	5	14	5	10
Goliad County	transform	False	False	False	0	1	0	0
Good Hope Baptist Church on Highway 15	unmatched	False	False	False	0	0	0	0
Good Samaritan Home	unmatched	False	False	False	0	0	0	0
Goodhope	mnt	True	True	False	5	24	5	3
Gooding Methodist Episcopal parsonage	unmatched	False	False	False	0	0	0	0
Gore	mnt	True	True	False	11	15	11	7
Gorpheny	unmatched	False	False	False	0	0	0	0
Goschen Cemetery	spelling	False	False	False	0	2	0	0
Gosham	spelling	False	False	False	0	12	0	0
Graanhilry near Liverposl	unmatched	False	False	False	0	0	0	0
Grace Bible Church	unmatched	False	False	False	0	0	0	0
Grace Kyle's home	unmatched	False	False	False	0	0	0	0
Grafenwoehr training area	unmatched	False	False	False	0	0	0	0
Graham	mnt	True	True	False	28	30	24	78
Grand Forks	mnt	True	True	False	4	4	4	151
Grand Haven vicinity	transform	False	False	False	0	3	0	0
Grand Prairie	mnt	True	True	False	10	9	9	14
Grand Rapids	mnt	True	True	False	9	8	7	109
Grand Rest Home	unmatched	False	False	False	0	0	0	0
Grand River	mnt	True	True	False	15	16	15	10
Grandmother's farm	unmatched	False	False	False	0	0	0	0
Grange	mnt	True	True	False	18	88	14	6
Grange Silver Station	unmatched	False	False	False	0	0	0	0
Granger	mnt	True	True	False	12	36	11	11
Grangeville	mnt	True	True	False	5	22	5	15
Grant County	mnt	False	False	False	0	22	0	0
Grant Street	unmatched	False	False	False	0	0	0	0
Grass Creek A. B. church	unmatched	False	False	False	0	0	0	0
Gratz street	unmatched	False	False	False	0	0	0	0
Gray	mnt	True	True	False	27	30	26	34
Great North Road	unmatched	False	False	False	0	0	0	0
Great Northern Hospital	unmatched	False	False	False	0	0	0	0
Greek Orthodox church in France	unmatched	False	False	False	0	0	0	0
Green	mnt	True	True	False	94	115	81	132
Green County	mnt	True	True	False	1	62	0	1
Green EDL	unmatched	False	False	False	0	0	0	0
Green River	mnt	True	True	False	10	9	9	17
Green Valley	mnt	True	True	False	25	26	25	10
Green county	mnt	False	True	False	1	62	0	1
Greenbrier	mnt	True	True	False	15	28	14	234
Greene County	transform	True	True	False	2	72	2	1
Greene County Fairground	unmatched	False	False	False	0	0	0	0
Greene County Memorial Hospital	mnt	True	True	False	1	1	1	2
Greene county	transform	False	True	False	2	72	2	1
Greenlawn Cemetery outside of Pomona	unmatched	False	False	False	0	0	0	0
Greenport	mnt	True	True	False	3	3	2	8
Greenport power plant	unmatched	False	False	False	0	0	0	0
Greensboro	mnt	True	True	False	8	9	8	53
Greensburg	mnt	True	True	False	12	10	10	44
Greenville	mnt	True	True	False	53	55	48	411
Greenway	mnt	True	True	False	8	13	6	8
Greenwich	mnt	True	True	False	19	20	16	266
Greften	spelling	False	False	False	0	1	0	0
Gregory County	transform	False	False	False	0	1	0	0
Grenada	mnt	True	True	False	5	19	4	44
GrendTrunk dock	unmatched	False	False	False	0	0	0	0
Gresham	mnt	True	True	False	10	15	10	14
Grestner Field	unmatched	False	False	False	0	0	0	0
Greyslake	spelling	False	False	False	0	2	0	0
Gridley	mnt	True	True	False	8	18	7	19
Grifton	mnt	True	True	False	1	40	1	10
Grnell Land	unmatched	False	False	False	0	0	0	0
Grove City	mnt	True	True	False	5	5	5	34
Grove Street residence	unmatched	False	False	False	0	0	0	0
Grundy counties	unmatched	False	False	False	0	0	0	0
Grunerts restaurant	unmatched	False	False	False	0	0	0	0
Guanajuato	mnt	True	True	False	3	4	3	73
Guatemala	mnt	True	True	False	3	3	3	49
Guernsey County	mnt	False	False	False	0	1	0	0
Gugebic Hospital	unmatched	False	False	False	0	0	0	0
Guildford	mnt	True	True	False	5	29	5	71
Guitenburg	unmatched	False	False	False	0	0	0	0
Gulf	mnt	True	True	False	5	5	4	36
Gulfport	mnt	True	True	False	4	4	4	32
Gumbora District	spelling	False	False	False	0	1	0	0
Gunnison river	unmatched	False	False	False	0	0	0	0
Gunter Baptist Church	unmatched	False	False	False	0	0	0	0
Guy	mnt	True	True	False	9	7	6	7
Guymon	mnt	True	True	False	1	5	1	15
Gwinnett? or nearest GA county	unmatched	False	False	False	0	0	0	0
HI	mnt	True	True	False	2	2	2	103
Hackberry	mnt	True	True	False	9	8	8	7
Hackensack	mnt	True	True	False	3	2	2	44
Hadashville	mnt	True	True	False	1	1	1	2
Hadley Ferry Road	unmatched	False	False	False	0	0	0	0
Hagerstown	mnt	True	True	False	2	3	2	59
Hagerty Land and Sycamores Lane	unmatched	False	False	False	0	0	0	0
Hailey	mnt	True	True	False	4	105	4	11
Halifax County	transform	False	False	False	0	2	0	0
Halifax South Boston Community Hospital	unmatched	False	False	False	0	0	0	0
Hall County	transform	False	False	False	0	3	0	0
Hamilton	mnt	True	True	False	93	90	83	683
Hamilton County	transform	True	True	False	2	11	0	1
Hamilton cemetery	mnt	False	True	False	1	2	1	1
Hamlet	mnt	True	True	False	15	22	14	15
Hamline Methodist Church	unmatched	False	False	False	0	0	0	0
Hammond	mnt	True	True	False	23	29	22	43
Hammonton	mnt	True	True	False	2	2	2	12
Hampton	mnt	True	True	False	50	71	39	87
Hampton Falls	mnt	True	True	False	1	1	1	17
Hancock	mnt	True	True	False	41	42	38	423
Hancock county	transform	True	True	False	1	13	0	1
Hand home on Main street	unmatched	False	False	False	0	0	0	0
Handstore	unmatched	False	False	False	0	0	0	0
Hanna	mnt	True	True	False	13	42	13	8
Hanna Hospital	unmatched	False	False	False	0	0	0	0
Hanover	mnt	True	True	False	58	53	49	191
Hanover Town Justice	unmatched	False	False	False	0	0	0	0
Hanseplace	unmatched	False	False	False	0	0	0	0
Hanser Presbyterian church	unmatched	False	False	False	0	0	0	0
Harbor Beach	mnt	True	True	False	3	3	3	15
Harbor Beach Community Hospital	unmatched	False	False	False	0	0	0	0
Harbor Hospital Center	unmatched	False	False	False	0	0	0	0
Harco	mnt	True	True	False	1	21	1	5
Hardin County	transform	False	False	False	0	46	0	0
Harlem	mnt	True	True	False	16	27	15	13
Harlem River	unmatched	False	False	False	0	0	0	0
Harleston	mnt	True	True	False	3	47	3	39
Harper	mnt	True	True	False	24	35	24	101
Harri sonship Route 2	unmatched	False	False	False	0	0	0	0
Harriettsville	mnt	True	True	False	1	1	1	3
Harrisburg	mnt	True	True	False	29	28	26	90
Harrisburg club	unmatched	False	False	False	0	0	0	0
Harrison	mnt	True	True	False	125	144	116	227
Harrison County	transform	True	True	False	1	34	0	1
Harrison Miller's residence	unmatched	False	False	False	0	0	0	0
Harrison St.	unmatched	False	False	False	0	0	0	0
Harrison Township	transform	True	True	False	2	110	0	1
Harrison township	transform	False	True	False	2	110	0	1
Harrisonburg	mnt	True	True	False	2	2	2	27
Harry Bales	unmatched	False	False	False	0	0	0	0
Hart County	transform	False	False	False	0	2	0	0
Hartford	mnt	True	True	False	36	45	32	692
Hartford county	mnt	False	False	False	0	16	0	0
Hartwell	mnt	True	True	False	8	21	8	17
Harwich	mnt	True	True	False	4	7	3	65
Hasselt	mnt	True	True	False	2	8	2	1
Hastings onBudsen	unmatched	False	False	False	0	0	0	0
Hatboro	mnt	True	True	False	1	1	1	15
Hauptstra+ƒe	unmatched	False	False	False	0	0	0	0
Have	unmatched	False	False	False	0	0	0	0
Haveiaburg	unmatched	False	False	False	0	0	0	0
Havelock	mnt	True	True	False	7	11	7	12
Havelock Methodist church	unmatched	False	False	False	0	0	0	0
Haven of Rest	unmatched	False	False	False	0	0	0	0
Havre hospital	unmatched	False	False	False	0	0	0	0
Hawai	mnt	True	True	False	1	3	1	4
Hawaii	mnt	True	True	False	3	2	2	1250
Hawesville	mnt	True	True	False	1	17	1	14
Hawley	mnt	True	True	False	13	86	13	13
Hawthorne	mnt	True	True	False	20	32	19	12
Hayden Lake	mnt	True	True	False	1	1	1	7
Hayfield	mnt	True	True	False	7	78	7	52
Haysville	mnt	True	True	False	11	49	9	8
Hayti	mnt	True	True	False	5	6	5	13
Hazel Block	unmatched	False	False	False	0	0	0	0
Hebble ave.	unmatched	False	False	False	0	0	0	0
Heidelberg	mnt	True	True	False	10	11	10	22
Heights	mnt	True	True	False	2	3	2	4
Helena	mnt	True	True	False	26	39	24	52
Helmer Christopherson home	unmatched	False	False	False	0	0	0	0
Hembleton House	unmatched	False	False	False	0	0	0	0
Hemel House Private Hospital	unmatched	False	False	False	0	0	0	0
Hemingsford	spelling	False	False	False	0	1	0	0
Hemming cottage	unmatched	False	False	False	0	0	0	0
Hemphill	mnt	True	True	False	5	5	5	19
Hempstead County	transform	False	False	False	0	12	0	0
Henderson home	unmatched	False	False	False	0	0	0	0
Hennepin County Jail	unmatched	False	False	False	0	0	0	0
Henry	mnt	True	True	False	41	49	40	200
Henry County	transform	False	False	False	0	18	0	0
Henry County Health Center in Mount Pleasant	unmatched	False	False	False	0	0	0	0
Henry Presbyterian Church	unmatched	False	False	False	0	0	0	0
Henryville	mnt	True	True	False	6	7	6	10
Her home in Hamlin	unmatched	False	False	False	0	0	0	0
Her home near Competine	unmatched	False	False	False	0	0	0	0
Herald School	unmatched	False	False	False	0	0	0	0
Herkimer	mnt	True	True	False	4	3	3	254
Herlan McGaughy Funeral Home	unmatched	False	False	False	0	0	0	0
Herrin	mnt	True	True	False	2	21	2	38
Hershey	mnt	True	True	False	4	7	4	21
Hershey Medical Center	mnt	False	False	False	0	1	0	0
Hertfordshire	mnt	True	True	False	5	4	3	1422
Herts	mnt	True	True	False	2	6	1	3
Hes sian	unmatched	False	False	False	0	0	0	0
Hesston	mnt	True	True	False	4	9	3	15
Heuvelton	mnt	True	True	False	1	1	1	9
Hi Centro	unmatched	False	False	False	0	0	0	0
Hi township	unmatched	False	False	False	0	0	0	0
Hicksville	mnt	True	True	False	11	16	11	18
Higdon	mnt	True	True	False	6	8	5	5
High House	mnt	True	True	False	1	2	1	1
High Point	mnt	True	True	False	17	23	17	53
High Street	pa_name	False	True	False	1	4	0	1
High street Matawan	unmatched	False	False	False	0	0	0	0
Highland County	mnt	False	False	False	0	23	0	0
Highland Park	mnt	True	True	False	26	29	24	32
Highland county	mnt	False	False	False	0	23	0	0
Highmore	mnt	True	True	False	1	1	1	9
Hightstown	mnt	True	True	False	1	1	1	10
Highway 175 South of Meeker Hill La	unmatched	False	False	False	0	0	0	0
Highway 28	unmatched	False	False	False	0	0	0	0
Highway 52 six miles north of Payette	unmatched	False	False	False	0	0	0	0
Highway 6 about one mile east of Waller	unmatched	False	False	False	0	0	0	0
Highway 63 north of Columbia	unmatched	False	False	False	0	0	0	0
Highway 72 near Markes	unmatched	False	False	False	0	0	0	0
Highway 75 four miles north of LeMars	unmatched	False	False	False	0	0	0	0
Highway 80	unmatched	False	False	False	0	0	0	0
Highway 81	unmatched	False	False	False	0	0	0	0
Highway D near Defiance	unmatched	False	False	False	0	0	0	0
Highway I-65 about 2 miles north of Jeffersonville	unmatched	False	False	False	0	0	0	0
Highwood	mnt	True	True	False	9	12	8	10
Hill View	mnt	True	True	False	1	16	1	1
Hill county	transform	False	False	False	0	3	0	0
Hillcrest home	unmatched	False	False	False	0	0	0	0
Hillsboro	mnt	True	True	False	32	39	28	27
Hillsboro R. R. 1	transform	False	False	False	0	39	0	0
Hillsborough	mnt	True	True	False	23	17	14	3008
Hillsdale	mnt	True	True	False	33	50	33	162
Hillsdale County	mnt	False	False	False	0	13	0	0
Hillview Health Care Center in Vienna	unmatched	False	False	False	0	0	0	0
Hilversum	mnt	True	True	False	2	2	2	6
Hinckman	spelling	False	False	False	0	17	0	0
Hindsdale	spelling	True	True	False	1	10	0	1
Hinesville	mnt	True	True	False	3	18	2	10
Hirst and Locust	unmatched	False	False	False	0	0	0	0
His home	unmatched	False	False	False	0	0	0	0
Hixons Curve	unmatched	False	False	False	0	0	0	0
Hl	unmatched	False	False	False	0	0	0	0
Hlesthesville	unmatched	False	False	False	0	0	0	0
Hobson	mnt	True	True	False	11	21	11	6
Hocking County	mnt	False	False	False	0	6	0	0
Hocking County Probate Court	unmatched	False	False	False	0	0	0	0
Hocking county	mnt	False	False	False	0	6	0	0
Hofbauer Funeral Home	unmatched	False	False	False	0	0	0	0
Holgate	mnt	True	True	False	4	14	4	9
Holiday Hills residential area	unmatched	False	False	False	0	0	0	0
Holland	mnt	True	True	False	46	65	37	40
Hollandale	mnt	True	True	False	3	8	3	10
Holliday street	unmatched	False	False	False	0	0	0	0
Hollidaysburg	mnt	True	True	False	1	1	1	34
Hollis	mnt	True	True	False	15	22	13	17
Holloway Road	unmatched	False	False	False	0	0	0	0
Hollows Falls	unmatched	False	False	False	0	0	0	0
Hollybrook	mnt	True	True	False	2	5	2	3
Hollywood	mnt	True	True	False	25	28	24	28
Holtons	spelling	False	False	False	0	14	0	0
Holy Family Mission near Browning	unmatched	False	False	False	0	0	0	0
Holy Family church	mnt	False	True	False	2	1	1	1
Holy Ghost Greek Catholic Church	unmatched	False	False	False	0	0	0	0
Holy Innocents Church	unmatched	False	False	False	0	0	0	0
Holy Trinity church	mnt	False	False	False	0	9	0	0
Home	mnt	True	True	False	10	8	8	11
Home and Retreat	unmatched	False	False	False	0	0	0	0
Home at 1404 South Tenth Street	unmatched	False	False	False	0	0	0	0
Home at 502 N. Commercial St.	unmatched	False	False	False	0	0	0	0
Home in Higgins	unmatched	False	False	False	0	0	0	0
Home in Manhasset	unmatched	False	False	False	0	0	0	0
Home of Florencio Jaramillo	unmatched	False	False	False	0	0	0	0
Home of her daughter	unmatched	False	False	False	0	0	0	0
Home of her sister Gloria Charron	unmatched	False	False	False	0	0	0	0
Home of his mother	unmatched	False	False	False	0	0	0	0
Home of his parents	unmatched	False	False	False	0	0	0	0
Home of his parents in Highwood	unmatched	False	False	False	0	0	0	0
Home of his sister-in-law	unmatched	False	False	False	0	0	0	0
Home of his son Max	unmatched	False	False	False	0	0	0	0
Home on Merchant Street	unmatched	False	False	False	0	0	0	0
Homeopathic hospital	mnt	True	True	False	1	1	1	1
Homeopathic hospital in Denver	unmatched	False	False	False	0	0	0	0
Homeplace of Durand	unmatched	False	False	False	0	0	0	0
Homer Street	unmatched	False	False	False	0	0	0	0
Homestead	mnt	True	True	False	21	22	20	48
Hometown	mnt	True	True	False	4	10	3	9
Homewood	mnt	True	True	False	12	14	11	13
Honduras	mnt	True	True	False	4	5	4	49
Honesdale	mnt	True	True	False	1	4	1	23
Honesdale RD 2	mnt	False	False	False	0	4	0	0
Honey Grove (at his home)	unmatched	False	False	False	0	0	0	0
Honolala	unmatched	False	False	False	0	0	0	0
Honolulu	mnt	True	True	False	2	2	2	237
Hook Church	unmatched	False	False	False	0	0	0	0
Hoonvilla	unmatched	False	False	False	0	0	0	0
Hoopeston	mnt	True	True	False	1	1	1	24
Hopewell	mnt	True	True	False	53	53	49	19
Hopewell Township	transform	False	True	False	1	19	0	1
Hopkinsville	mnt	True	True	False	4	4	3	33
Horsemans crossing near Wilmington	unmatched	False	False	False	0	0	0	0
Horstmans Row No. 3	unmatched	False	False	False	0	0	0	0
Hospice in Arnold	unmatched	False	False	False	0	0	0	0
Hospital	pa_name	True	True	False	19	2	0	1
Hospitals in Bloomington and Peoria	unmatched	False	False	False	0	0	0	0
Hotel Alexandria annex	unmatched	False	False	False	0	0	0	0
Hotel Tostaine	unmatched	False	False	False	0	0	0	0
Hotel Viking	mnt	True	True	False	1	1	1	1
Hotel Winthrop	unmatched	False	False	False	0	0	0	0
Hotel room in Tegucigalpa	unmatched	False	False	False	0	0	0	0
Houghland Nursing Home	unmatched	False	False	False	0	0	0	0
Houghton County	transform	False	False	False	0	24	0	0
Houlder	spelling	False	False	False	0	17	0	0
House on Howard Street	unmatched	False	False	False	0	0	0	0
Houston	mnt	True	True	False	34	42	30	161
Houston (home of daughter	unmatched	False	False	False	0	0	0	0
Hovatzdale	unmatched	False	False	False	0	0	0	0
Hovewater	spelling	False	False	False	0	1	0	0
Hovtzdile	unmatched	False	False	False	0	0	0	0
Howard County	transform	False	False	False	0	15	0	0
Howard Knapp place near Toddville	unmatched	False	False	False	0	0	0	0
Howell Mortuary	unmatched	False	False	False	0	0	0	0
Howells Mill Road Bridge	unmatched	False	False	False	0	0	0	0
Howes Cave area	transform	False	False	False	0	1	0	0
Hoxsey Street	unmatched	False	False	False	0	0	0	0
Hoyers	spelling	False	False	False	0	7	0	0
Hoyne	spelling	False	False	False	0	13	0	0
Hs.	unmatched	False	False	False	0	0	0	0
Hubbard	mnt	True	True	False	21	24	19	92
Hue	mnt	True	True	False	2	1	1	1
Hughes Settlement	unmatched	False	False	False	0	0	0	0
Hugo	mnt	True	True	False	12	12	12	24
HullDassetta	unmatched	False	False	False	0	0	0	0
Humboldt	mnt	True	True	False	22	21	19	220
Humboldt County	mnt	False	False	False	0	1	0	0
Humboldt County CourtHouse	unmatched	False	False	False	0	0	0	0
Humbolt	spelling	True	True	False	8	21	8	5
Hungary	mnt	True	True	False	2	1	1	208
Hunt County	transform	False	False	False	0	2	0	0
Huntangburg	spelling	False	False	False	0	1	0	0
Hunters station	unmatched	False	False	False	0	0	0	0
Huntingdon	mnt	True	True	False	11	39	8	423
Huntingdon County	mnt	False	False	False	0	32	0	0
Huntingdon county	mnt	False	False	False	0	32	0	0
Huntington	mnt	True	True	False	35	43	34	117
Huntington Beach	mnt	True	True	False	2	2	2	19
Huntington College	spelling	False	False	False	0	1	0	0
Huntington Park	mnt	True	True	False	4	4	4	12
Huppert avenue between Bear Avenue and Poplar Street	unmatched	False	False	False	0	0	0	0
Hurley	mnt	True	True	False	16	60	16	62
Huron	mnt	True	True	False	26	30	22	212
Huron Community	transform	False	False	False	0	30	0	0
Huron Road crossing	unmatched	False	False	False	0	0	0	0
Hutchinson	mnt	True	True	False	13	14	13	92
Hutchinson Avenue	unmatched	False	False	False	0	0	0	0
Hutchinson County	transform	False	False	False	0	4	0	0
Hy. 40 near Taylors Corners	unmatched	False	False	False	0	0	0	0
Hygela hotel	unmatched	False	False	False	0	0	0	0
Hylands farm	unmatched	False	False	False	0	0	0	0
Hytier County	unmatched	False	False	False	0	0	0	0
I. H. Garland	unmatched	False	False	False	0	0	0	0
I. W. Glass	unmatched	False	False	False	0	0	0	0
IA	mnt	True	True	False	3	25	2	3289
II	pa_name	False	False	False	0	1	0	0
IL	mnt	True	True	False	1	10	1	4450
IN	mnt	True	True	False	2	9	2	3103
INDIANAPOLIS	mnt	True	True	False	4	3	3	176
IS	mnt	False	False	False	0	1	0	0
IU.	unmatched	False	False	False	0	0	0	0
Ia.	mnt	True	True	False	1	25	1	24
Ice graves near Camp Clay	unmatched	False	False	False	0	0	0	0
Iceland	mnt	True	True	False	2	15	2	48
Icelandic River	unmatched	False	False	False	0	0	0	0
Ida County Courthouse	unmatched	False	False	False	0	0	0	0
Ida Grove	mnt	True	True	False	1	2	1	23
Ida.	mnt	True	True	False	1	1	1	1
Idacola township	unmatched	False	False	False	0	0	0	0
Idaho	mnt	True	True	False	11	8	7	6104
Idaho Falls	mnt	True	True	False	2	1	1	52
Idaho LDS Temple	unmatched	False	False	False	0	0	0	0
Idshay	unmatched	False	False	False	0	0	0	0
Il	mnt	True	True	False	1	10	1	4450
Iliad	mnt	True	True	False	1	2	1	2
Ilinois	mnt	True	True	False	1	9	1	1
Ill	mnt	True	True	False	1	9	1	1404
Ill.	mnt	True	True	False	1	9	1	1189
Illinois	mnt	True	True	False	13	10	9	25529
Illinois 16 near Hardin	unmatched	False	False	False	0	0	0	0
Illinois Soldiers and Sailors Home	unmatched	True	True	False	1	0	0	1
Illinois along the river across from Muscatine	unmatched	False	False	False	0	0	0	0
Ills	mnt	True	True	False	1	1	1	94
Imar uel church	unmatched	False	False	False	0	0	0	0
Imler	mnt	True	True	False	1	7	1	8
Immaculate Conception Catholic Church	mnt	True	True	False	3	4	3	1
Immaculate Conception Roman Catholic church of Levittown	unmatched	False	False	False	0	0	0	0
Immaculate Conception church	mnt	False	True	False	3	3	3	2
Inc.	unmatched	False	False	False	0	0	0	0
Ind	mnt	True	True	False	1	9	1	717
Ind.	mnt	True	True	False	1	9	1	639
Independence	mnt	True	True	False	53	52	52	184
Independence Street	unmatched	False	False	False	0	0	0	0
India	mnt	True	True	False	6	19	6	451
Indiana	mnt	True	True	False	17	15	8	18502
Indiana 3 near Rushville	unmatched	False	False	False	0	0	0	0
Indiana County	mnt	False	False	False	0	7	0	0
Indiana Toll Road five miles west of South Bend	unmatched	False	False	False	0	0	0	0
Indianapolis	mnt	True	True	False	4	3	3	176
Industry	mnt	True	True	False	11	9	9	8
Infant Saviour Church in Pine Bush	unmatched	False	False	False	0	0	0	0
Infirmary	unmatched	False	False	False	0	0	0	0
Ingham County	transform	False	False	False	0	44	0	0
Ingham county	transform	False	False	False	0	44	0	0
Ingle	mnt	True	True	False	4	19	4	2
Inglis apartments	unmatched	False	False	False	0	0	0	0
Inlet	mnt	True	True	False	4	6	4	4
Ins.	unmatched	False	False	False	0	0	0	0
Intermountain Burn Center	unmatched	False	False	False	0	0	0	0
International House of Pancakes	unmatched	False	False	False	0	0	0	0
Interstate 285	unmatched	False	False	False	0	0	0	0
Interstate 40 about five miles west of Elk City	unmatched	False	False	False	0	0	0	0
Interstate 40 about five miles west of Santa Rosa	unmatched	False	False	False	0	0	0	0
Interstate 57	unmatched	False	False	False	0	0	0	0
Interstate 65 near Clanton	unmatched	False	False	False	0	0	0	0
Interstate 67 vicinity near Fulton	unmatched	False	False	False	0	0	0	0
Interstate 70 just west of the Eisenhower tunnel	unmatched	False	False	False	0	0	0	0
Io.	unmatched	False	False	False	0	0	0	0
Iowa	mnt	True	True	False	33	25	25	19137
Iowa City	mnt	True	True	False	3	4	3	56
Iowa City Care Center	unmatched	False	False	False	0	0	0	0
Iowa County	transform	False	False	False	0	2	0	0
Iowa State Fair grounds	unmatched	False	False	False	0	0	0	0
Ipswich	mnt	True	True	False	9	6	6	286
Ireland	mnt	True	True	False	12	15	9	4119
Ireland / Galway	unmatched	False	False	False	0	0	0	0
Ironton	mnt	True	True	False	15	20	15	27
Irvin Park	spelling	False	False	False	0	2	0	0
Irvin Place	unmatched	False	False	False	0	0	0	0
Irvin Road	unmatched	False	False	False	0	0	0	0
Isdl.	unmatched	False	False	False	0	0	0	0
Isertardt	unmatched	False	False	False	0	0	0	0
Ishover	spelling	False	False	False	0	1	0	0
Ishpenns.	unmatched	False	False	False	0	0	0	0
Island	mnt	True	True	False	16	18	8	81
Israel	mnt	True	True	False	5	5	5	34
Isville	spelling	False	False	False	0	1	0	0
Italy	mnt	True	True	False	5	8	5	1406
Itasca County Hospital	unmatched	False	False	False	0	0	0	0
Itc. 1	unmatched	False	False	False	0	0	0	0
Ithaca	mnt	True	True	False	7	7	7	60
Ivyholt	unmatched	False	False	False	0	0	0	0
Ixonia Rt. 1	unmatched	False	False	False	0	0	0	0
J. Z. George infirmary (college hospital)	unmatched	False	False	False	0	0	0	0
J.B. Thomas Hospital	unmatched	False	False	False	0	0	0	0
J.C. Blair Memorial Hospital	unmatched	False	False	False	0	0	0	0
JORDAN	mnt	True	True	False	38	37	36	13
Jack Corner Grocery Store	unmatched	False	False	False	0	0	0	0
Jackson	mnt	True	True	False	273	269	265	390
Jackson 1854 Oriente	unmatched	False	False	False	0	0	0	0
Jackson County	transform	False	False	False	0	25	0	0
Jackson County Rehab Center	unmatched	False	False	False	0	0	0	0
Jackson county	transform	False	False	False	0	25	0	0
Jackson township	mnt	False	True	False	1	3	0	1
Jacksonville	mnt	True	True	False	30	27	27	118
Jaconz	spelling	False	False	False	0	2	0	0
Jakes Run	mnt	True	True	False	1	1	1	2
Jamaica	mnt	True	True	False	9	9	8	236
James Dwyer in Barr township	unmatched	False	False	False	0	0	0	0
James Funeral Home	unmatched	False	False	False	0	0	0	0
James town	mnt	True	True	False	5	42	4	2
Jamesee and O street southwest	unmatched	False	False	False	0	0	0	0
Jamestown	mnt	True	True	False	43	45	41	74
Jane Chinn's hospital	unmatched	False	False	False	0	0	0	0
Janesville	mnt	True	True	False	11	58	11	55
Japan	mnt	True	True	False	4	9	4	191
Japonica	unmatched	False	False	False	0	0	0	0
Jasper	mnt	True	True	False	43	47	41	220
Jasper County	mnt	False	False	False	0	7	0	0
Jasper County Hospital at Rensselaer	unmatched	False	False	False	0	0	0	0
Jasper Tone	unmatched	False	False	False	0	0	0	0
Jawa	unmatched	False	False	False	0	0	0	0
Jaycowie	unmatched	False	False	False	0	0	0	0
Jeannette	mnt	True	True	False	5	8	4	22
Jefferson	mnt	True	True	False	224	204	202	882
Jefferson City	mnt	True	True	False	4	4	4	36
Jefferson County	transform	False	False	False	0	25	0	0
Jefferson Davis Soldier Home dormitory	unmatched	False	False	False	0	0	0	0
Jefferson county	transform	False	False	False	0	25	0	0
Jefferson district	transform	False	False	False	0	204	0	0
Jeffersonville	mnt	True	True	False	11	10	10	41
Jeffersonville Ind. Hospital	unmatched	False	False	False	0	0	0	0
Jekyl Island	spelling	False	False	False	0	1	0	0
Jenkins home in Bluejacket	unmatched	False	False	False	0	0	0	0
Jercy hospital	unmatched	False	False	False	0	0	0	0
Jermain Methodist Chuch	unmatched	False	False	False	0	0	0	0
Jerome	mnt	True	True	False	21	20	20	31
Jersey City	mnt	True	True	False	2	2	2	152
Jersey ville	mnt	False	True	False	1	4	1	1
Jesse	mnt	True	True	False	2	9	2	4
Jewell	mnt	True	True	False	16	43	15	136
Jewish Consumptives Relief Society sanatorium	unmatched	False	False	False	0	0	0	0
John F.Kennedy Hospital	unmatched	False	False	False	0	0	0	0
John Jr.	unmatched	False	False	False	0	0	0	0
John Knox Village	mnt	True	True	False	1	1	1	4
John Kyle at Perlee	unmatched	False	False	False	0	0	0	0
John Seal APF Hospital	unmatched	False	False	False	0	0	0	0
John and Lafayette Streets	unmatched	False	False	False	0	0	0	0
Johnson County	transform	True	True	False	1	27	0	1
Johnson Street	pa_name	False	False	False	0	1	0	0
Johnston's home	unmatched	False	False	False	0	0	0	0
Johnstown	mnt	True	True	False	27	43	27	105
Joliet	mnt	True	True	False	4	5	4	78
Jones county	mnt	False	False	False	0	9	0	0
Jonesboro	mnt	True	True	False	16	14	13	31
Jonesville	mnt	True	True	False	24	35	24	14
Joplin	mnt	True	True	False	8	14	8	65
Jordan	mnt	True	True	False	38	37	36	13
Jorgensons Holiday Inn	unmatched	False	False	False	0	0	0	0
Judge	mnt	True	True	False	2	5	2	2
Junction	mnt	True	True	False	23	15	14	10
Juniata	mnt	True	True	False	11	11	11	149
KB	unmatched	False	False	False	0	0	0	0
KEATONS MORTUARY	unmatched	False	False	False	0	0	0	0
KL.	unmatched	False	False	False	0	0	0	0
KY	mnt	True	True	False	2	9	1	3065
Kadoka	mnt	True	True	False	1	4	1	7
Kalikikai	unmatched	False	False	False	0	0	0	0
Kalispell	mnt	True	True	False	1	2	1	58
Kalispell area	mnt	False	False	False	0	2	0	0
Kalona	mnt	True	True	False	2	17	2	8
Kamehameha	unmatched	False	False	False	0	0	0	0
Kan	mnt	True	True	False	2	12	1	1
Kan.	mnt	True	True	False	1	12	1	1
Kannapolis	mnt	True	True	False	1	9	1	29
Kansas	mnt	True	True	False	16	12	12	14565
Kansas City	mnt	True	True	False	4	4	4	222
Kansas Territory	mnt	True	True	False	1	2	1	1
Kantor	spelling	False	False	False	0	1	0	0
Kapalama	spelling	True	True	False	1	2	1	1
Karta Be tracks	unmatched	False	False	False	0	0	0	0
Karttun Street	unmatched	False	False	False	0	0	0	0
Kas	mnt	True	True	False	1	14	1	1
Kas.	mnt	True	True	False	1	12	1	1
Kate B. Reynolds Hospice House	unmatched	False	False	False	0	0	0	0
Katrime	mnt	True	True	False	1	3	1	1
Kaw.	unmatched	False	False	False	0	0	0	0
Kearney	mnt	True	True	False	13	19	13	77
Kearny	mnt	True	True	False	7	22	7	29
Keleny	unmatched	False	False	False	0	0	0	0
Kelleytown	mnt	True	True	False	1	7	1	3
Kelsey Bridge	unmatched	False	False	False	0	0	0	0
Kelsize Mountain	unmatched	False	False	False	0	0	0	0
Kemper	mnt	True	True	False	6	11	5	119
Kendallville	mnt	True	True	False	2	2	2	18
Kendallville Manor Health Care Center	unmatched	False	False	False	0	0	0	0
Kendehein	unmatched	False	False	False	0	0	0	0
Kenmore hotel room	unmatched	False	False	False	0	0	0	0
Kenna	mnt	True	True	True	2	20	2	6
Kennebec County	mnt	False	False	False	0	1	0	0
Kennebes County	spelling	False	False	False	0	6	0	0
Kennedy General Hospital	unmatched	False	False	False	0	0	0	0
Kenosha	mnt	True	True	False	2	2	2	90
Kenova yards	unmatched	False	False	False	0	0	0	0
Kensington	mnt	True	True	False	22	31	20	506
Kensington Street	unmatched	False	False	False	0	0	0	0
Kent	mnt	True	True	False	47	36	34	3815
Kentfield	mnt	True	True	False	2	3	2	8
Kenton	mnt	True	True	False	15	192	13	140
Kentucky	mnt	True	True	False	14	12	8	21530
Kentucky border	unmatched	False	False	False	0	0	0	0
Kenwood	mnt	True	True	False	20	46	20	4
Keokuk	mnt	True	True	False	3	3	3	145
Keokuk county	mnt	False	False	False	0	1	0	0
Keosa	spelling	False	False	True	0	7	0	0
Keosauqua	mnt	True	True	False	1	1	1	17
Keota	mnt	True	True	True	5	19	5	9
Keowwhe Avenue SE	unmatched	False	False	False	0	0	0	0
Kern River canyon	unmatched	False	False	False	0	0	0	0
Kerr County	transform	False	False	False	0	1	0	0
Kerr St.	unmatched	False	False	False	0	0	0	0
Kersey	mnt	True	True	False	5	30	4	23
Keshena	mnt	True	True	False	1	2	1	10
Kewaunee County	transform	False	False	False	0	6	0	0
Key West	mnt	True	True	False	6	7	6	34
Keyesport	mnt	True	True	False	1	1	1	7
Keyser	mnt	True	True	False	4	11	4	22
Keyser Memorial Hospital	unmatched	False	False	False	0	0	0	0
Keystone Shortway construction area	unmatched	False	False	False	0	0	0	0
Khost area	transform	False	False	False	0	5	0	0
Kilgores station	unmatched	False	False	False	0	0	0	0
Kilkinney	unmatched	False	False	False	0	0	0	0
Killarney near Windsor	unmatched	False	False	False	0	0	0	0
Kilmalcolm	spelling	True	True	False	1	1	1	1
Kilner's confectionery	unmatched	False	False	False	0	0	0	0
Kilpourn Crry	unmatched	False	False	False	0	0	0	0
Kimberley	mnt	True	True	False	6	20	6	41
Kimbrough Rest Home	unmatched	False	False	False	0	0	0	0
Kincora	mnt	True	True	False	1	4	1	1
Kinderhook Street	unmatched	False	False	False	0	0	0	0
King Run	unmatched	False	False	False	0	0	0	0
King Street	pa_name	False	False	False	0	1	0	0
Kingman	mnt	True	True	False	9	14	8	124
Kingman Community	transform	False	False	False	0	14	0	0
Kings County	mnt	False	True	False	1	29	0	1
Kings Eve	unmatched	False	False	False	0	0	0	0
Kings House Road	unmatched	False	False	False	0	0	0	0
Kings Mountain	mnt	True	True	False	4	4	4	19
Kings Villa	unmatched	False	False	False	0	0	0	0
Kingsland	mnt	True	True	False	9	10	9	23
Kingsmere summer home	unmatched	False	False	False	0	0	0	0
Kingston	mnt	True	True	False	79	83	63	178
Kingston 19	unmatched	False	False	False	0	0	0	0
Kingston 6	unmatched	False	False	False	0	0	0	0
Kingston Gardens	unmatched	False	False	False	0	0	0	0
Kingston Residence of Santa Fe	unmatched	False	False	False	0	0	0	0
Kingston area (in motorcar)	unmatched	False	False	False	0	0	0	0
Kingsville	mnt	True	True	False	11	15	10	14
Kingsville Air Station	unmatched	False	False	False	0	0	0	0
Kinistina	spelling	False	False	False	0	2	0	0
Kinnickinnic River	unmatched	False	False	False	0	0	0	0
Kinsport	spelling	False	False	False	0	4	0	0
Kiowa	mnt	True	True	False	15	43	15	72
Kirksville	mnt	True	True	False	4	9	4	24
Kirkweille	unmatched	False	False	False	0	0	0	0
Kirtland	mnt	True	True	False	3	21	2	17
Kissimmee	mnt	True	True	False	2	2	2	18
Kistler	mnt	True	True	False	3	4	3	5
Kitchin home here	unmatched	False	False	False	0	0	0	0
Kitzenten	unmatched	False	False	False	0	0	0	0
Kleen burn	spelling	False	False	False	0	1	0	0
Kloeckner Memorial church	unmatched	False	False	False	0	0	0	0
Kloppersingel	unmatched	False	False	False	0	0	0	0
Kmar	unmatched	False	False	False	0	0	0	0
Knixsvillg	unmatched	False	False	False	0	0	0	0
Knouf residence	unmatched	False	False	False	0	0	0	0
Knox	mnt	True	True	False	38	35	33	358
Knox County	transform	False	False	False	0	9	0	0
Kokomo	mnt	True	True	False	8	10	8	63
Koolik	spelling	False	False	False	0	1	0	0
Koonz road	unmatched	False	False	False	0	0	0	0
Kootenai County	transform	False	False	False	0	1	0	0
Korea	mnt	True	True	False	4	16	4	7
Kp .Wathin	unmatched	False	False	False	0	0	0	0
Kremlin	mnt	True	True	False	4	4	4	5
Kremlin Lutheran church	unmatched	False	False	False	0	0	0	0
Krohn hospital at Black River Falls	unmatched	False	False	False	0	0	0	0
Kudnit	unmatched	False	False	False	0	0	0	0
Kuernsey county	spelling	False	False	False	0	10	0	0
Kulaha	unmatched	False	False	False	0	0	0	0
Kwxtontstows	unmatched	False	False	False	0	0	0	0
Ky	mnt	True	True	False	2	9	1	3065
Ky.	mnt	True	True	False	1	9	1	629
L. I.	mnt	True	True	False	1	1	1	4
L. W. Canby farm	unmatched	False	False	False	0	0	0	0
L.A.	mnt	True	True	False	1	1	1	2
L.I.	mnt	False	False	False	0	1	0	0
LENA	mnt	True	True	False	14	14	14	11
La	mnt	True	True	False	2	6	2	1682
La Belle	mnt	True	True	False	7	11	7	10
La Crosse	mnt	True	True	False	12	11	11	133
La Crosse County	transform	True	True	False	1	3	0	1
La Fargeville	mnt	True	True	False	1	1	1	7
La Galle street	unmatched	False	False	False	0	0	0	0
La Grange	mnt	True	True	False	25	32	25	21
La Grange Cemetery	unmatched	False	False	False	0	0	0	0
La HarpeDavie Health Care Center	unmatched	False	False	False	0	0	0	0
La Marque	mnt	True	True	False	1	2	1	12
La Quinta	mnt	True	True	False	2	3	2	8
La Salle County	transform	False	False	False	0	14	0	0
La colle	name_variant	False	False	False	0	1	0	0
La imeca	unmatched	False	False	False	0	0	0	0
La.	mnt	True	True	False	1	3	1	476
LaCrosse	mnt	True	True	False	10	11	9	8
LaFourche Parish	mnt	False	False	False	0	1	0	0
LaMars	mnt	True	True	False	1	33	1	1
LaRue	mnt	True	True	False	8	16	8	33
LaVale	mnt	True	True	False	1	10	1	3
Lac du Bonnet Curling Club	unmatched	False	False	False	0	0	0	0
Laceyville	mnt	True	True	False	1	4	1	12
Lackawanna County	mnt	False	False	False	0	1	0	0
Lacon	mnt	True	True	False	4	55	4	20
Ladonia	mnt	True	True	False	3	17	3	12
Lafayette	mnt	True	True	False	61	55	52	138
Lafayette Home Hospital	unmatched	False	False	False	0	0	0	0
Lafayette Soldiers Tome	unmatched	False	False	False	0	0	0	0
Lafayette apartment building	unmatched	False	False	False	0	0	0	0
Lagrange county	transform	False	False	False	0	18	0	0
Laguna province	unmatched	False	False	False	0	0	0	0
Lailarpe	unmatched	False	False	False	0	0	0	0
Laird Memorial hospital	mnt	False	True	False	1	1	1	1
Lake (the Lake at Newnan)	unmatched	False	False	False	0	0	0	0
Lake Alfred	mnt	True	True	False	1	1	1	10
Lake Charles	mnt	True	True	False	2	2	2	30
Lake City hospital	unmatched	False	False	False	0	0	0	0
Lake County	transform	True	True	False	1	13	0	1
Lake Forest	mnt	True	True	False	13	15	12	25
Lake Forest cemetery	mnt	False	True	False	1	1	1	1
Lake Gardner	unmatched	True	True	False	1	0	0	1
Lake Geneva	mnt	True	True	False	2	2	2	20
Lake Huron Railroad Company elevator	unmatched	False	False	False	0	0	0	0
Lake Jackson	mnt	True	True	False	3	3	3	10
Lake Luzerne	mnt	True	True	False	1	3	1	9
Lake Mendota	unmatched	False	False	False	0	0	0	0
Lake Michigan	unmatched	False	False	False	0	0	0	0
Lake Nokomis	unmatched	False	False	False	0	0	0	0
Lake Norfolk east shore	unmatched	False	False	False	0	0	0	0
Lake Orton	spelling	False	False	False	0	2	0	0
Lake Park	mnt	True	True	False	12	14	12	10
Lake Placid	mnt	True	True	False	3	3	3	10
Lake Robbin	unmatched	False	False	False	0	0	0	0
Lake Shore yards	unmatched	False	False	False	0	0	0	0
Lake side	mnt	False	True	False	2	40	2	2
Lakeland	mnt	True	True	False	19	24	18	47
Lakes Entrance cemetery	unmatched	False	False	False	0	0	0	0
Lakewood	mnt	True	True	False	27	32	26	44
Lakewood family home	unmatched	False	False	False	0	0	0	0
Lamar County	mnt	False	False	False	0	22	0	0
Lampasas	mnt	True	True	False	2	2	2	36
Lancashire	mnt	True	True	False	6	2	2	3043
Lancaster	mnt	True	True	False	42	41	35	777
Lancaster County	transform	False	False	False	0	7	0	0
Landakotsspitala	unmatched	False	False	False	0	0	0	0
Lander	mnt	True	True	False	5	39	4	44
Landmark	mnt	True	True	False	4	6	4	1
Lane County	mnt	True	True	False	1	1	0	1
Langestraat 25	unmatched	False	False	False	0	0	0	0
Langford	mnt	True	True	False	14	32	12	87
Langhorne	mnt	True	True	False	1	2	1	16
Langley	mnt	True	True	False	28	31	22	23
Lanhington	unmatched	False	False	False	0	0	0	0
Lansing	mnt	True	True	False	19	21	19	78
Lansino	spelling	False	False	False	0	18	0	0
Larch Street	unmatched	False	False	False	0	0	0	0
Larchmont	mnt	True	True	False	6	6	5	12
Larkin mine	unmatched	False	False	False	0	0	0	0
Las Canoas	unmatched	False	False	False	0	0	0	0
Las Gabriel	unmatched	False	False	False	0	0	0	0
Las Vegas	mnt	True	True	False	3	6	3	46
Last Chance restaurant	unmatched	False	False	False	0	0	0	0
Latrobe	mnt	True	True	False	4	4	4	37
Lattingtown Road	unmatched	False	False	False	0	0	0	0
Laurel	mnt	True	True	False	27	29	23	121
Lauren	mnt	True	True	False	2	42	2	1
Lavaca	mnt	True	True	False	3	3	3	88
Law	mnt	True	True	False	1	1	1	1
Lawrence	mnt	True	True	False	61	59	56	248
Lawrence Drive	unmatched	False	False	False	0	0	0	0
Lawrence Memorial Hospital	mnt	False	False	False	0	1	0	0
Lawton	mnt	True	True	False	20	66	18	32
Leaville	spelling	False	False	False	0	15	0	0
Lebanon	mnt	True	True	False	46	41	40	232
Leck Hayes	unmatched	False	False	False	0	0	0	0
Lee	mnt	True	True	False	63	55	53	181
Lee Center	mnt	True	True	False	3	4	3	10
Lee County	transform	False	False	False	0	12	0	0
Lee Gaskill	unmatched	False	False	False	0	0	0	0
Leebury	spelling	False	False	False	0	2	0	0
Legacy Funeral Home	unmatched	False	False	False	0	0	0	0
Lemons community	transform	False	False	False	0	23	0	0
Lemplys grove	unmatched	False	False	False	0	0	0	0
Len	unmatched	False	False	False	0	0	0	0
Lenawee County	transform	False	False	False	0	1	0	0
Lenhartsville	mnt	True	True	False	1	1	1	7
Lenoir	mnt	True	True	False	4	2	2	153
Lenox	mnt	True	True	False	17	24	17	21
Lenox Apartments	unmatched	False	False	False	0	0	0	0
Lenox Hill Hospital	mnt	True	True	False	2	1	1	2
Lenox Township	transform	False	False	False	0	12	0	0
Leopold Downs	unmatched	False	False	False	0	0	0	0
Les Oiseaux	unmatched	False	False	False	0	0	0	0
Leslie	mnt	True	True	False	19	22	18	73
Lester	mnt	True	True	False	18	38	15	12
Leva mines	unmatched	False	False	False	0	0	0	0
Levisham Hospital	unmatched	False	False	False	0	0	0	0
Levit town	spelling	False	False	False	0	3	0	0
Levittown	mnt	True	True	False	4	3	3	31
Lewis and Clark	mnt	True	True	False	1	1	1	128
Lewisham Hospital	mnt	True	True	False	1	1	1	1
Lexington	mnt	True	True	False	37	37	33	222
Leytonshire	unmatched	False	False	False	0	0	0	0
Liberal	mnt	True	True	False	6	5	5	28
Liberty	mnt	True	True	False	204	202	197	127
Liberty Memorial Hospital	unmatched	False	False	False	0	0	0	0
Libertyville	mnt	True	True	False	9	8	8	35
Libya	mnt	True	True	False	1	1	1	4
Libyan Hills	unmatched	False	False	False	0	0	0	0
Licking County	mnt	False	False	False	0	2	0	0
Life-Saving Station (Block Island)	unmatched	False	False	False	0	0	0	0
Lima	mnt	True	True	False	24	21	19	70
Lime Ridge	mnt	True	True	False	2	3	2	6
Limens	spelling	False	False	False	0	2	0	0
Lincasville Rt	unmatched	False	False	False	0	0	0	0
Lincoln	mnt	True	True	False	239	220	217	268
Lincoln County	transform	True	True	False	4	23	0	1
Lincoln county	transform	True	True	False	4	23	0	1
Lincoln road	unmatched	False	False	False	0	0	0	0
Lincoln township	transform	False	False	False	0	137	0	0
Lindsay warehouse	unmatched	False	False	False	0	0	0	0
Linko	spelling	False	False	False	0	9	0	0
Linlithgow Palace	mnt	True	True	False	1	1	1	2
Linn County	transform	False	False	False	0	4	0	0
Linpleystreet	unmatched	False	False	False	0	0	0	0
Linton	mnt	True	True	False	24	201	23	22
Lisbon	mnt	True	True	False	31	33	30	65
Lisbon District	transform	False	False	False	0	33	0	0
Lititz	mnt	True	True	False	1	1	1	16
Little Church Around the Corner in New York City	unmatched	False	False	False	0	0	0	0
Little Mulgrave	pa_name	False	False	False	0	2	0	0
Livingston	mnt	True	True	False	30	32	29	219
Livingston County	mnt	False	False	False	0	3	0	0
Lloy Geli	unmatched	False	False	False	0	0	0	0
Lochmavor	unmatched	False	False	False	0	0	0	0
Lochwhinnoch	spelling	False	False	False	0	1	0	0
Lock Haven	mnt	True	True	False	1	10	1	32
Lock Haven Private Hospital	unmatched	False	False	False	0	0	0	0
Lockett	mnt	True	True	False	1	6	1	1
Lockport	mnt	True	True	False	12	34	12	31
Locust Grove township	transform	False	False	False	0	5	0	0
Locust Point pier	unmatched	False	False	False	0	0	0	0
Log Chapel on the Notre Dame University campus	unmatched	False	False	False	0	0	0	0
Log Village	spelling	False	False	False	0	1	0	0
Logan	mnt	True	True	False	105	126	101	281
Logansport	mnt	True	True	False	7	8	7	62
Logansport Hospital	mnt	False	False	False	0	1	0	0
Logansport R.R.18	transform	False	False	False	0	8	0	0
Loganton	mnt	True	True	False	1	2	1	16
Loma avenue	unmatched	False	False	False	0	0	0	0
London	mnt	True	True	False	28	50	24	999
Londonerrs	unmatched	False	False	False	0	0	0	0
Lone Rock township	transform	False	False	False	0	4	0	0
Long Beach	mnt	True	True	False	11	17	11	103
Long Branch	mnt	True	True	False	16	15	15	28
Long Island Sound near Greenwich	unmatched	False	False	False	0	0	0	0
Long leaf Nursing Home	unmatched	False	False	False	0	0	0	0
Longe Worth street	unmatched	False	False	False	0	0	0	0
Longreach Hospital	unmatched	False	False	False	0	0	0	0
Longwood	mnt	True	True	False	15	21	15	45
Lookington	spelling	False	False	False	0	4	0	0
Lorain	mnt	True	True	False	6	13	5	213
Lorense	spelling	False	False	False	0	1	0	0
Los Alon	unmatched	False	False	False	0	0	0	0
Los Angeles	mnt	True	True	False	5	4	3	1518
Los Angeles County	mnt	False	False	False	0	1	0	0
Los Angeles city water project	unmatched	False	False	False	0	0	0	0
Los Angeles hospital room	unmatched	False	False	False	0	0	0	0
Los Angeles motel	unmatched	False	False	False	0	0	0	0
Loss	unmatched	False	False	False	0	0	0	0
Lot 65	mnt	True	True	False	1	7	1	2
Loudoun County	mnt	False	False	False	0	11	0	0
Loudoun county	mnt	False	False	False	0	11	0	0
LouisenDort	spelling	False	False	False	0	1	0	0
Louisiana	mnt	True	True	False	9	3	3	12776
Louisville	mnt	True	True	False	24	18	18	217
Loveland	mnt	True	True	False	8	9	8	33
Lowell	mnt	True	True	False	32	107	30	177
Lower Bucks County	mnt	False	False	False	0	1	0	0
Lower Sydenham	unmatched	False	False	False	0	0	0	0
Lower Willis J. Branch	unmatched	False	False	False	0	0	0	0
Lowes Motor Speedway	unmatched	False	False	False	0	0	0	0
Lowville	mnt	True	True	False	5	12	5	17
Loyal	mnt	True	True	False	3	29	3	12
Lubbock	mnt	True	True	False	2	2	2	102
Lucas County	transform	False	False	False	0	9	0	0
Lucasville route 4	transform	False	False	False	0	2	0	0
Lucinda Mason Johnsons home	unmatched	False	False	False	0	0	0	0
Ludington	mnt	True	True	False	6	7	6	30
Ludlow	mnt	True	True	False	22	20	19	95
Ludora cemetery	unmatched	False	False	False	0	0	0	0
Lugano	mnt	True	True	False	2	5	2	2
Luis Lopez	mnt	True	True	False	1	1	1	6
Lundar	mnt	True	True	False	1	3	1	4
Luray	mnt	True	True	False	9	18	9	28
Lutheran Church in Knippa	unmatched	False	False	False	0	0	0	0
Lutheran church in Taneytown	unmatched	False	False	False	0	0	0	0
Lutheran church in the village	unmatched	False	False	False	0	0	0	0
Lutheran hospital	mnt	False	True	False	1	1	1	1
Lutheran parsonage at Tomahawk	unmatched	False	False	False	0	0	0	0
Lutwyche	pa_name	False	False	False	0	1	0	0
Luxemburg	mnt	True	True	False	8	7	7	12
Lyme	mnt	True	True	False	7	4	4	39
Lynch Street house in Fountain	unmatched	False	False	False	0	0	0	0
Lyndhurst	mnt	True	True	False	5	15	5	37
Lynn	mnt	True	True	False	35	33	33	139
Lynn rest home	unmatched	False	False	False	0	0	0	0
Lyona	mnt	True	True	False	2	65	2	1
Lyons	mnt	True	True	False	31	57	30	24
M171 in Webb City	unmatched	False	False	False	0	0	0	0
MA	mnt	True	True	False	1	1	1	1934
MB	mnt	False	False	False	0	1	0	0
MD	mnt	True	True	False	1	7	1	1613
ME	mnt	True	True	False	2	14	2	1450
MERRIOTS	spelling	False	False	False	0	2	0	0
MEXICO CITY	mnt	True	True	False	1	1	1	16
MI	mnt	True	True	False	1	8	1	3474
MICHOACAN	unmatched	True	True	False	1	0	0	33
MKEESPORT	spelling	False	False	False	0	1	0	0
ML	mnt	False	False	False	0	1	0	0
MN	mnt	True	True	False	1	5	1	2879
MO	mnt	True	True	False	3	8	3	3293
MSU Student Union Building	unmatched	False	False	False	0	0	0	0
MT	mnt	True	True	False	1	12	1	541
Ma	mnt	True	True	False	1	1	1	1934
Ma.	mnt	True	True	False	1	1	1	135
Ma. George R. Wright	unmatched	False	False	False	0	0	0	0
MaAss.	mnt	False	True	False	1	1	1	1
MacNeal Memorial Hospital	mnt	True	True	False	1	1	1	1
Mack and Cleves	unmatched	False	False	False	0	0	0	0
Macon	mnt	True	True	False	28	93	25	202
Macon County	mnt	False	False	False	0	69	0	0
Macoupin Area Hospital	unmatched	False	False	False	0	0	0	0
Macoupin County	mnt	False	False	False	0	2	0	0
Madison	mnt	True	True	False	138	125	120	348
Madison County	transform	False	False	False	0	21	0	0
Madison Road	unmatched	False	False	False	0	0	0	0
Madison Township	transform	True	True	False	3	73	0	1
Madison/Oregon area	unmatched	False	False	False	0	0	0	0
Magdalena River	unmatched	False	False	False	0	0	0	0
Maggiore	spelling	False	False	False	0	1	0	0
Magic Plains Nursing Home in Borger	unmatched	False	False	False	0	0	0	0
Maimi County	spelling	False	False	False	0	22	0	0
Main St	unmatched	False	False	False	0	0	0	0
Main St.	unmatched	False	False	False	0	0	0	0
Main Street	unmatched	False	False	False	0	0	0	0
Main Street doorway near Court House Square	unmatched	False	False	False	0	0	0	0
Main and Kinsley sts	unmatched	False	False	False	0	0	0	0
Main and Onehundredand seventythird sts.	unmatched	False	False	False	0	0	0	0
Main street	unmatched	False	False	False	0	0	0	0
Main street crossing of the Hocking Valley railroad	unmatched	False	False	False	0	0	0	0
Maine	mnt	True	True	False	20	38	15	7886
Maine crash site	unmatched	False	False	False	0	0	0	0
Maldonroad	unmatched	False	False	False	0	0	0	0
Man.	unmatched	True	True	False	2	0	0	1
Manasota Beach Road	unmatched	False	False	False	0	0	0	0
Manassas	mnt	True	True	False	2	3	2	17
Manatee County	mnt	False	False	False	0	2	0	0
Manchester	mnt	True	True	False	63	54	50	1912
Mangrove swamp in Florida	unmatched	False	False	False	0	0	0	0
Manhard	mnt	True	True	False	1	2	1	1
Manhattan	mnt	True	True	False	12	12	11	983
Manitoba	mnt	True	True	False	2	1	1	602
Manitowoc	mnt	True	True	False	3	2	2	150
Manitowoc County	mnt	False	False	False	0	1	0	0
Manned Space Center	unmatched	False	False	False	0	0	0	0
Manning River district	transform	False	False	False	0	1	0	0
Manor Care	unmatched	False	False	False	0	0	0	0
Manor Hotel	unmatched	False	False	False	0	0	0	0
Mansfield	mnt	True	True	False	34	36	28	147
Mansfield and Mast funeral home	unmatched	False	False	False	0	0	0	0
Maple Bluff	mnt	True	True	False	1	1	1	4
Maple Grove	mnt	True	True	False	33	30	29	13
Mapleville	mnt	True	True	False	4	6	4	5
Marano Marches	unmatched	False	False	False	0	0	0	0
Maraylya	pa_name	False	False	False	0	1	0	0
Marcellus	mnt	True	True	False	4	4	4	16
Marchena	mnt	True	True	False	1	2	1	2
Marcy chapel	spelling	False	False	False	0	1	0	0
Margaretta	mnt	True	True	False	2	4	2	6
Marin County	mnt	False	False	False	0	230	0	0
Marion	mnt	True	True	False	132	154	126	285
Marion County	transform	False	False	False	0	42	0	0
Maritimes	spelling	False	False	False	0	1	0	0
Maritimes airport	unmatched	False	False	False	0	0	0	0
Mark Hopkins hotel	unmatched	False	False	False	0	0	0	0
Marketwrest near Third	unmatched	False	False	False	0	0	0	0
Marksburg	spelling	False	False	False	0	7	0	0
Marlborough street Chapel	unmatched	False	False	False	0	0	0	0
Marquette	mnt	True	True	False	13	11	11	164
Marquette Hospital	unmatched	False	False	False	0	0	0	0
Marsh township	transform	False	False	False	0	12	0	0
Marshalltown	mnt	True	True	False	3	6	3	37
Marshfield	mnt	True	True	False	17	15	14	45
Marsiield	spelling	False	False	False	0	1	0	0
Martha Kruegel Home	unmatched	False	False	False	0	0	0	0
Martiniparade	unmatched	False	False	False	0	0	0	0
Martinsburg	mnt	True	True	False	13	13	12	58
Mary	mnt	True	True	False	9	7	5	7
Maryland	mnt	True	True	False	19	17	6	14239
Maryvale Community Hospital	unmatched	False	False	False	0	0	0	0
Mascoutah	mnt	True	True	False	1	1	1	18
Maseby	spelling	False	False	False	0	2	0	0
Mason City	mnt	True	True	False	6	6	5	41
Mason State hospital	unmatched	False	False	False	0	0	0	0
Masonic Hospital	mnt	False	True	False	1	1	1	1
Masontown	mnt	True	True	False	3	4	3	17
Mass	mnt	True	True	False	3	1	1	1083
Mass.	mnt	True	True	False	1	5	1	715
Massachusetts	mnt	True	True	False	2	1	1	13106
Massena	mnt	True	True	False	3	5	3	30
Massillon	mnt	True	True	False	3	4	3	54
Masthos	unmatched	False	False	False	0	0	0	0
Maternity hospital	unmatched	False	False	False	0	0	0	0
Maticon	unmatched	False	False	False	0	0	0	0
Matlydale	mnt	True	True	False	1	1	1	1
Matteson	mnt	True	True	False	3	9	3	8
Maugansville	mnt	True	True	False	1	1	1	7
Maumelle township	transform	False	False	False	0	2	0	0
May 31	unmatched	False	False	False	0	0	0	0
Mayd county	unmatched	False	False	False	0	0	0	0
Mayhill	mnt	True	True	False	2	9	2	5
Maynard	mnt	True	True	False	12	15	12	19
Maynard L. Wisner and Miss Letitia Gilbert	unmatched	False	False	False	0	0	0	0
Mayo	mnt	True	True	False	12	15	12	10
Maysville	mnt	True	True	False	19	76	18	20
Maysville nursing home	unmatched	False	False	False	0	0	0	0
Mazzia's home	unmatched	False	False	False	0	0	0	0
Mb	mnt	False	False	False	0	1	0	0
McAllen	mnt	True	True	False	1	1	1	24
McAllen residence	unmatched	False	False	False	0	0	0	0
McArthur Falls	unmatched	False	False	False	0	0	0	0
McArthur Strange hospital	unmatched	False	False	False	0	0	0	0
McCarty and Jackson streets	unmatched	False	False	False	0	0	0	0
McClelland county	spelling	False	False	False	0	5	0	0
McConnellstown	mnt	True	True	False	1	1	1	7
McCook	mnt	True	True	False	5	6	4	60
McCredie Road	unmatched	False	False	False	0	0	0	0
McCuistian Community Hospital	unmatched	False	False	False	0	0	0	0
McCune County hospital	unmatched	False	False	False	0	0	0	0
McDonnellstown	spelling	False	False	False	0	1	0	0
McDonough Street	unmatched	False	False	False	0	0	0	0
McFarland and Stoughton area	unmatched	False	False	False	0	0	0	0
McHenry	mnt	True	True	False	12	11	11	185
McKinley Hill	mnt	True	True	False	1	1	1	1
McLain Fire Brick works	unmatched	False	False	False	0	0	0	0
McLean county	transform	False	False	False	0	11	0	0
McLennan County	mnt	False	False	False	0	1	0	0
McSherrystown	mnt	True	True	False	1	1	1	16
Md	mnt	True	True	False	1	7	1	1613
Md.	mnt	True	True	False	1	7	1	490
Mead house	unmatched	False	False	False	0	0	0	0
Meadersville	spelling	False	False	False	0	1	0	0
Meadview	mnt	True	True	False	1	1	1	4
Meadville	mnt	True	True	False	8	12	8	43
Mebane	mnt	True	True	False	1	4	1	22
Mechanicsburg	mnt	True	True	False	10	10	10	18
Mechanicsville	mnt	True	True	False	19	20	19	10
Meckelburg	mnt	True	True	False	1	1	1	2
Medford	mnt	True	True	False	18	67	15	60
Media	mnt	True	True	False	4	33	4	26
Medicine Hat	mnt	True	True	False	1	1	1	45
Meeting House Hill	mnt	True	True	False	2	3	2	1
Megs more	unmatched	False	False	False	0	0	0	0
Meigs County	mnt	False	False	False	0	3	0	0
Meinke hospital	unmatched	False	False	False	0	0	0	0
Melbourne	mnt	True	True	False	15	19	14	85
Melinda Street	unmatched	False	False	False	0	0	0	0
Melrose	mnt	True	True	False	44	48	41	30
Memorial Congregational Church	unmatched	False	False	False	0	0	0	0
Memorial Hospice Unit	unmatched	False	False	False	0	0	0	0
Memorial Hospital	unmatched	True	True	False	56	0	0	2
Memoring Hospital	unmatched	False	False	False	0	0	0	0
Memphis	mnt	True	True	False	13	11	10	154
Memphis (memphis)	unmatched	False	False	False	0	0	0	0
Mendville	spelling	False	False	False	0	10	0	0
Menomonie	mnt	True	True	False	3	3	2	27
Meppert	unmatched	False	False	False	0	0	0	0
Merced	mnt	True	True	False	3	26	2	153
Mercer County	transform	False	False	False	0	16	0	0
Mercer County Clerk's Office	unmatched	False	False	False	0	0	0	0
Merck Rod and Gun Club at Runkles Gap	unmatched	False	False	False	0	0	0	0
Mercy Hospital	mnt	True	True	False	4	1	1	2
Mercy Hospital and Medical Center in Chicago	unmatched	False	False	False	0	0	0	0
Mercy Hospital in Valley City	unmatched	False	False	False	0	0	0	0
Mercy Medical Center in Des Moines	unmatched	False	False	False	0	0	0	0
Mercy Medical Center in Durango	unmatched	False	False	False	0	0	0	0
Mercy hospital in Oelwein	unmatched	False	False	False	0	0	0	0
Meriden Avenue	unmatched	False	False	False	0	0	0	0
Meriden Nursing Home	unmatched	False	False	False	0	0	0	0
Merrill Hospital	unmatched	False	False	False	0	0	0	0
Merrimack	mnt	True	True	False	8	14	4	263
Merrimacport	mnt	True	True	False	1	1	1	2
Merritt Island	mnt	True	True	False	1	2	1	10
Mervill street	unmatched	False	False	False	0	0	0	0
Metes County	spelling	False	False	False	0	4	0	0
Methodist Episcopal parsonage	unmatched	False	False	False	0	0	0	0
Methodist Home	unmatched	False	False	False	0	0	0	0
Methodist Hospital (in Lubbock)	unmatched	False	False	False	0	0	0	0
Methodist church	pa_name	False	False	False	0	1	0	0
Methodist church parsonage	unmatched	False	False	False	0	0	0	0
Methodist parsonage	unmatched	False	False	False	0	0	0	0
Methodist university	unmatched	False	False	False	0	0	0	0
Methuen	mnt	True	True	False	1	2	1	33
Mex.	mnt	True	True	False	1	11	1	2
Mexican-style canyon ranch home	unmatched	False	False	False	0	0	0	0
Mexico	mnt	True	True	False	13	14	12	511
Mexico City	mnt	True	True	False	1	1	1	16
Mexley	spelling	False	False	False	0	14	0	0
Meyersalde	unmatched	False	False	False	0	0	0	0
Mhinebeck	spelling	False	False	False	0	1	0	0
Mi	mnt	True	True	False	1	8	1	3474
Miami	mnt	True	True	False	23	24	21	223
Miami County	mnt	False	False	False	0	3	0	0
Miami Route 1	mnt	False	False	False	0	3	0	0
Miami county Almshouse	unmatched	False	False	False	0	0	0	0
Miami township	transform	False	False	False	0	10	0	0
Miami-Dade	mnt	True	True	False	1	1	1	189
Miamisburg	mnt	True	True	False	1	1	1	18
Mich	mnt	True	True	False	1	8	1	636
Mich.	mnt	True	True	False	1	8	1	697
Michael Funeral Home	unmatched	False	False	False	0	0	0	0
Michigan	mnt	True	True	False	16	9	8	18144
Mick	mnt	True	True	False	1	1	1	1
Mid dietown	unmatched	False	False	False	0	0	0	0
Middle Granville	mnt	True	True	False	1	1	1	7
Middle Hatlam	unmatched	False	False	False	0	0	0	0
Middle burgh	spelling	False	False	False	0	1	0	0
Middleford bridge	unmatched	False	False	False	0	0	0	0
Middleton	mnt	True	True	False	64	82	56	64
Middletown	mnt	True	True	False	37	84	35	83
Midland	mnt	True	True	False	38	37	35	100
Midvale Methodist Church parsonage	unmatched	False	False	False	0	0	0	0
Midwest Old Threshers grounds	unmatched	False	False	False	0	0	0	0
Mijika	spelling	False	False	False	0	1	0	0
Mil ford	spelling	False	False	False	0	49	0	0
Mila	mnt	True	True	False	1	3	1	4
Milcottville	unmatched	False	False	False	0	0	0	0
Mile 165	unmatched	False	False	False	0	0	0	0
Miles City	mnt	True	True	False	2	2	2	23
Milford County	spelling	False	False	False	0	27	0	0
Mill Spring	mnt	True	True	False	3	5	3	10
Mill St.	unmatched	False	False	False	0	0	0	0
Mille Lacs County	transform	False	False	False	0	1	0	0
Millfield	mnt	True	True	False	2	7	2	6
Millsville	mnt	True	True	False	2	40	2	1
Millvale	mnt	True	True	False	3	10	3	15
Millville	mnt	True	True	False	31	39	29	23
MillvilleShandon Rd	unmatched	False	False	False	0	0	0	0
Millwood	mnt	True	True	False	21	31	20	8
Millz county	spelling	False	False	False	0	25	0	0
Milo Township	transform	False	False	False	0	2	0	0
Milrulong	spelling	False	False	False	0	1	0	0
Milton	mnt	True	True	False	85	171	67	41
Milton? or her home in Janesville	unmatched	False	False	False	0	0	0	0
Miltown Malbay	spelling	False	False	False	0	1	0	0
Milwaukee	mnt	True	True	False	6	6	5	481
Mimbres	mnt	True	True	False	2	2	2	4
Mineral County	transform	False	False	False	0	6	0	0
Mineral Point	mnt	True	True	False	3	3	3	15
Mineral Ridge	mnt	True	True	False	1	1	1	9
Mineral Springs	mnt	True	True	False	19	21	19	9
Minewell	unmatched	False	False	False	0	0	0	0
MingoPike section	unmatched	False	False	False	0	0	0	0
Minn	mnt	True	True	False	1	5	1	661
Minn.	mnt	True	True	False	1	5	1	629
Minneapolis	mnt	True	True	False	4	3	3	302
Minnesota	mnt	True	True	False	18	7	7	17881
Minnesota 65 about three miles north of Mora	unmatched	False	False	False	0	0	0	0
Minot	mnt	True	True	False	5	19	5	20
Mint ter	unmatched	False	False	False	0	0	0	0
Mishawaka	mnt	True	True	False	3	3	3	32
Mishicuit	unmatched	False	False	False	0	0	0	0
Misovlordin Hospital	unmatched	False	False	False	0	0	0	0
Miss	mnt	True	True	False	3	10	3	258
Miss Smith's home on Bull Run battlefield	unmatched	False	False	False	0	0	0	0
Miss Smith's room in a local hotel	unmatched	False	False	False	0	0	0	0
Miss.	mnt	True	True	False	1	11	1	381
Mission	mnt	True	True	False	17	17	16	17
Mississippi	mnt	True	True	False	14	10	10	10947
Mississippi 16	unmatched	False	False	False	0	0	0	0
Mississippi River south of Greenville	unmatched	False	False	False	0	0	0	0
Mississippi river island near Hughes	unmatched	False	False	False	0	0	0	0
Missoula	mnt	True	True	False	2	2	2	91
Missouri	mnt	True	True	False	14	7	7	22214
Missouri (near Browning)	unmatched	False	False	False	0	0	0	0
Missouri City	mnt	True	True	False	2	2	2	16
Missouri River	unmatched	False	False	False	0	0	0	0
Missouri and Kansas	unmatched	False	False	False	0	0	0	0
Mitchell	mnt	True	True	False	35	39	33	115
Mitchell Catholic Cemetery	unmatched	False	False	False	0	0	0	0
Mitchell R3	unmatched	False	False	False	0	0	0	0
Mitchell's apartment above Paul's Restaurant and Bar	unmatched	False	False	False	0	0	0	0
Mitrono	unmatched	False	False	False	0	0	0	0
Ml Hospital	unmatched	False	False	False	0	0	0	0
Ml.	mnt	False	False	False	0	1	0	0
Mo	mnt	True	True	False	3	8	3	3293
Mo.	mnt	True	True	False	1	7	1	959
Moberly	mnt	True	True	False	3	4	3	35
Mobile home on Transmitter Road	unmatched	False	False	False	0	0	0	0
Mockingport	spelling	False	False	False	0	1	0	0
Model Trailer Court near Fairborn	unmatched	False	False	False	0	0	0	0
Mohave County	transform	False	False	False	0	3	0	0
Mokonjo	unmatched	False	False	False	0	0	0	0
Moline	mnt	True	True	False	5	19	5	69
Mollls	spelling	False	False	False	0	1	0	0
Molong	mnt	True	True	False	1	3	1	3
Monaghan Township	transform	False	False	False	0	1	0	0
Monclova Mex.	unmatched	False	False	False	0	0	0	0
Monessen	mnt	True	True	False	1	1	1	31
Moniteau County	transform	False	False	False	0	1	0	0
Monkland	mnt	True	True	False	2	3	2	3
Monmouth	mnt	True	True	False	15	11	11	434
Monmouth County	mnt	False	False	False	0	1	0	0
Monomoy	unmatched	False	False	False	0	0	0	0
Monongahela hospital	unmatched	False	False	False	0	0	0	0
Monongalea County Hospital	unmatched	False	False	False	0	0	0	0
Monongalia County	mnt	False	False	False	0	1	0	0
Monongalia Geneva Hospital	unmatched	False	False	False	0	0	0	0
Monroe	mnt	True	True	False	127	124	120	394
Monroe Center	mnt	True	True	False	5	5	5	7
Monroe City	mnt	True	True	False	5	5	5	15
Monroe Township	mnt	False	False	False	0	3	0	0
Monroe Township farm	unmatched	False	False	False	0	0	0	0
Monroe county	transform	False	True	False	2	19	0	1
Monroe township	mnt	False	False	False	0	3	0	0
Mont Claire	spelling	False	False	False	0	4	0	0
Mont Nebo	pa_name	False	False	False	0	1	0	0
Mont.	mnt	True	True	False	1	11	1	4
Montague Co.	transform	False	False	False	0	4	0	0
Montana	mnt	True	True	False	16	22	9	6664
Montana (Custer County)	unmatched	False	False	False	0	0	0	0
Montclair	mnt	True	True	False	12	14	12	24
Montego Bay	mnt	True	True	False	2	2	2	3
Monterey	mnt	True	True	False	29	31	25	190
Montgomery	mnt	True	True	False	74	57	57	1062
Montgomery County	transform	False	False	False	0	18	0	0
Montgomery county	transform	False	False	False	0	18	0	0
Monticello jail	unmatched	False	False	False	0	0	0	0
Montique Avenue Methodist Church	unmatched	False	False	False	0	0	0	0
Montpelier	mnt	True	True	False	19	21	18	20
Montreal	mnt	True	True	False	6	8	5	95
Montreal northend	unmatched	False	False	False	0	0	0	0
Moon Run	mnt	True	True	False	1	1	1	7
Moonambool	unmatched	False	False	False	0	0	0	0
Moonshire	spelling	False	False	False	0	2	0	0
Mooreland	mnt	True	True	False	7	25	6	11
Mooresville	mnt	True	True	False	11	17	11	19
Mooresville area (old Wedner farm)	unmatched	False	False	False	0	0	0	0
Moorool bark	spelling	False	False	False	0	1	0	0
Moorsville cemetery	unmatched	False	False	False	0	0	0	0
Moose Jaw	mnt	True	True	False	2	2	2	14
Moose Jaw Old folks home	unmatched	False	False	False	0	0	0	0
More county	unmatched	False	False	False	0	0	0	0
Moren bach	unmatched	False	False	False	0	0	0	0
Morenci	mnt	True	True	False	2	2	2	11
Morgan Co.	transform	False	False	False	0	36	0	0
Morgan County	mnt	False	False	False	0	27	0	0
Morgan County Hospital	unmatched	False	False	False	0	0	0	0
Morgan Drive	unmatched	False	False	False	0	0	0	0
Morgan home on Ohio street	unmatched	False	False	False	0	0	0	0
Morgantown	mnt	True	True	False	13	17	13	45
Morley	mnt	True	True	False	15	61	12	32
Morningside Court	unmatched	False	False	False	0	0	0	0
Morris limestone quarry	unmatched	False	False	False	0	0	0	0
Morrison	mnt	True	True	False	18	18	13	157
Morrison Community hospital	mnt	False	False	False	0	1	0	0
Morrison rest home	unmatched	False	False	False	0	0	0	0
Morrisville	mnt	True	True	False	14	17	12	17
Mortclair	spelling	False	False	False	0	12	0	0
Morton Gr.	unmatched	False	False	False	0	0	0	0
Moscow	mnt	True	True	False	27	29	27	18
Moses Bottom	unmatched	False	False	False	0	0	0	0
Moss Beach Rehabilitation	unmatched	False	False	False	0	0	0	0
Moss Point and Pascagoula	unmatched	False	False	False	0	0	0	0
Motherhouse in Rochester	unmatched	False	False	False	0	0	0	0
Moundville	mnt	True	True	False	3	11	3	14
Mount Desart	unmatched	True	True	False	1	0	0	1
Mount Dora	mnt	True	True	False	2	2	2	10
Mount Gilead	name_variant	True	True	False	2	9	2	8
Mount Holly	mnt	True	True	False	7	10	7	12
Mount Hope Hospital	unmatched	False	False	False	0	0	0	0
Mount Jefferson	name_variant	False	False	False	0	2	0	0
Mount Larabie	unmatched	False	False	False	0	0	0	0
Mount Moriah cemetery	mnt	False	True	False	2	4	2	1
Mount Olive Baptist Church	unmatched	False	False	False	0	0	0	0
Mount Pleasant	mnt	True	True	False	45	82	40	15
Mount Pleasant road	unmatched	False	False	False	0	0	0	0
Mount St. Clare	unmatched	False	False	False	0	0	0	0
Mount Sterling Methodist Church	unmatched	False	False	False	0	0	0	0
Mount Union	name_variant	True	True	False	2	10	2	9
Mount Vernon	name_variant	True	True	False	23	37	23	14
Mount Vernon Place Church South	unmatched	False	False	False	0	0	0	0
Mount Zion apartment	unmatched	False	False	False	0	0	0	0
Mountain Chime	unmatched	False	False	False	0	0	0	0
Mountain Lake Estate	unmatched	False	False	False	0	0	0	0
Mr. Blythe's home	unmatched	False	False	False	0	0	0	0
Mr. Lee estate	unmatched	False	False	False	0	0	0	0
Mr. and Mrs Frank P. Corrick 400 South Thirtieth street	unmatched	False	False	False	0	0	0	0
Mr. and Mrs. Frederick Reid Guardineer at Hastings onBudsen	unmatched	False	False	False	0	0	0	0
Mr. and Mrs. George Melnisre	unmatched	False	False	False	0	0	0	0
Mr. and Mrs. Jim Berry's home	unmatched	False	False	False	0	0	0	0
Mr. and Mrs. Peterson	unmatched	False	False	False	0	0	0	0
Mr. and Mrs. S. A. Mathews	unmatched	False	False	False	0	0	0	0
Mr. and Mrs. Steve Buchta of Sixth avenue	unmatched	False	False	False	0	0	0	0
Mr. and Mrs. William E. Crawford's home	unmatched	False	False	False	0	0	0	0
Mrs Lillard D Rollins	unmatched	False	False	False	0	0	0	0
Mrs. Amanda Moores	unmatched	False	False	False	0	0	0	0
Mrs. B. F. Steelsmith	unmatched	False	False	False	0	0	0	0
Mrs. Carl W. Kain	unmatched	False	False	False	0	0	0	0
Mrs. Carpenter's home	unmatched	False	False	False	0	0	0	0
Mrs. Edward Davis's house	unmatched	False	False	False	0	0	0	0
Mrs. Frank Koeman	unmatched	False	False	False	0	0	0	0
Mrs. Grove's home	unmatched	False	False	False	0	0	0	0
Mrs. H. L. Van Deusen	unmatched	False	False	False	0	0	0	0
Mrs. J. W. Roodwell	unmatched	False	False	False	0	0	0	0
Mrs. Joe McKee	unmatched	False	False	False	0	0	0	0
Mrs. John Reed	unmatched	False	False	False	0	0	0	0
Mrs. Joseph Clemens	unmatched	False	False	False	0	0	0	0
Mrs. L. V. Haegg's home	unmatched	False	False	False	0	0	0	0
Mrs. P.O. Dale)	unmatched	False	False	False	0	0	0	0
Mrs. Paul Blanchard	unmatched	False	False	False	0	0	0	0
Mrs. Raymond Torge	unmatched	False	False	False	0	0	0	0
Mrs. Robert Gaston	unmatched	False	False	False	0	0	0	0
Mrs. Robert McMillan	unmatched	False	False	False	0	0	0	0
Mrs. Sallys house	unmatched	False	False	False	0	0	0	0
Mrs. Samuel Hill	unmatched	False	False	False	0	0	0	0
Mrs. Thelma Stacy	unmatched	False	False	False	0	0	0	0
Mrs. W. J. Draper	unmatched	False	False	False	0	0	0	0
Mrs. William McCullough	unmatched	False	False	False	0	0	0	0
Mt Auburn	mnt	True	True	False	6	6	6	5
Mt Vernon	mnt	True	True	False	32	36	32	17
Mt. Carmel Methodist Church	unmatched	False	False	False	0	0	0	0
Mt. Carmel-Tabasco Rd	unmatched	False	False	False	0	0	0	0
Mt. Clare	spelling	True	True	False	1	6	1	1
Mt. Lebanon	mnt	True	True	False	1	9	1	3
Mt. Morris	name_variant	True	True	False	5	8	5	7
Mt. Palatine church	unmatched	False	False	False	0	0	0	0
Mt. Pulaski	spelling	True	True	False	1	2	1	6
Mt. St. Vincent Chapel	unmatched	False	False	False	0	0	0	0
Mt. Union	spelling	True	True	False	3	9	3	4
Mt. Washington	spelling	True	True	False	6	8	6	3
Mucle wood Upion hospital	unmatched	False	False	False	0	0	0	0
Mud river	spelling	False	False	False	0	3	0	0
Mugheston	spelling	False	False	False	0	1	0	0
Muhlenburg Regional Medical Center	unmatched	False	False	False	0	0	0	0
Mulberry	mnt	True	True	False	21	22	21	12
Muleshoe Area Medical Center in Muleshoe	unmatched	False	False	False	0	0	0	0
Mult avenue	unmatched	False	False	False	0	0	0	0
Multicare Nursing Center	unmatched	False	False	False	0	0	0	0
Muncie	mnt	True	True	False	3	3	3	48
Munh road near Bowling Green	unmatched	False	False	False	0	0	0	0
Municipal hospital	unmatched	False	False	False	0	0	0	0
Municipality of Silver Creek	unmatched	False	False	False	0	0	0	0
Munising	mnt	True	True	False	1	1	1	20
Murphysboro	mnt	True	True	False	2	2	2	39
Murray Hill Turkish baths	unmatched	False	False	False	0	0	0	0
Murrayville	mnt	True	True	False	4	7	4	10
Muscatine	mnt	True	True	False	2	3	2	117
Musgokee	unmatched	False	False	False	0	0	0	0
Muskingum County	mnt	False	False	False	0	1	0	0
Muskingum River near Bills	unmatched	False	False	False	0	0	0	0
Mz 42nd St.	unmatched	False	False	False	0	0	0	0
N Y.	mnt	True	True	False	1	1	1	1
N.	unmatched	False	False	False	0	0	0	0
N. 8th Street	unmatched	False	False	False	0	0	0	0
N. C.	mnt	True	True	False	1	1	1	1
N. Clark Sr. Unit of Guernsey Memorial Hospital	unmatched	False	False	False	0	0	0	0
N. Clark St. Unit.	unmatched	False	False	False	0	0	0	0
N. D.	unmatched	False	False	False	0	0	0	0
N. F.	unmatched	False	False	False	0	0	0	0
N. H.	mnt	True	True	False	1	1	1	1
N. J	mnt	True	True	False	1	1	1	1
N. J.	mnt	True	True	False	1	1	1	1
N. Laredo	unmatched	False	False	False	0	0	0	0
N. Ridge Rd.	unmatched	False	False	False	0	0	0	0
N. SD.	unmatched	False	False	False	0	0	0	0
N. W. T.	unmatched	False	False	False	0	0	0	0
N. W. Washington	unmatched	False	False	False	0	0	0	0
N. Y.	mnt	True	True	False	2	1	1	2
N. d.	unmatched	False	False	False	0	0	0	0
N.C.	mnt	True	True	False	1	1	1	3
N.C. 218	unmatched	False	False	False	0	0	0	0
N.D	mnt	True	True	False	1	1	1	1
N.D.	mnt	True	True	False	1	1	1	1
N.E.	mnt	True	True	False	1	1	1	1
N.H.	mnt	True	True	False	1	1	1	2
N.J.	mnt	True	True	False	1	1	1	1
N.W.	unmatched	True	True	False	1	0	0	1
N.Y.	mnt	True	True	False	2	1	1	3
N.Y. RD 1	transform	False	False	False	0	1	0	0
NH	mnt	True	True	False	1	2	1	834
NJ	mnt	True	True	False	1	1	1	2859
NL	mnt	False	False	False	0	2	0	0
NM	mnt	True	True	False	1	2	1	750
NS..	abbreviation	False	False	False	0	1	0	0
NW.	unmatched	False	False	False	0	0	0	0
NY	mnt	True	True	False	3	12	2	6035
Nakina community	transform	False	False	False	0	3	0	0
Napier	mnt	True	True	False	10	11	10	7
Napoleon	mnt	True	True	False	10	11	10	19
Nasafa Street	unmatched	False	False	False	0	0	0	0
Nashua	mnt	True	True	False	9	11	8	58
Nashville	mnt	True	True	False	26	38	24	133
Nation City	unmatched	False	False	False	0	0	0	0
National Soldiers sanitarium	unmatched	False	False	False	0	0	0	0
Naugatuck	mnt	True	True	False	3	5	2	30
Nauvoo United Brethren church	unmatched	False	False	False	0	0	0	0
Navajo Indian reservation	mnt	False	False	False	0	1	0	0
Navajo Nation	mnt	True	True	False	1	1	1	2
Naval Air Station Dallas	unmatched	False	False	False	0	0	0	0
Naval Hospital in Bainbridge	unmatched	False	False	False	0	0	0	0
Navapache Hospital	unmatched	False	False	False	0	0	0	0
Navapache Regional Medical Center	unmatched	False	False	False	0	0	0	0
Navarre	mnt	True	True	False	7	12	7	10
Navy	mnt	True	True	False	3	2	2	1
Nazareth church	unmatched	False	False	False	0	0	0	0
Nb.	mnt	False	False	False	0	2	0	0
Ne.	mnt	True	True	False	1	7	1	30
Near County Hospital	unmatched	False	False	False	0	0	0	0
Near Grafton	transform	False	False	False	0	51	0	0
Near Kearneyville	spelling	False	False	False	0	1	0	0
Near Manchester	transform	False	False	False	0	54	0	0
Near Marysville farm	unmatched	False	False	False	0	0	0	0
Near Ringwood	transform	False	False	False	0	16	0	0
Near Sabillasville	transform	False	False	False	0	1	0	0
Near the 14-story tower at the Fisher Flouring Mills	unmatched	False	False	False	0	0	0	0
Near the Waukesha-Milwaukee county line	unmatched	False	False	False	0	0	0	0
Neb.	mnt	True	True	False	1	7	1	1
Nebel Amrum	unmatched	False	False	False	0	0	0	0
Nebraska	mnt	True	True	False	13	7	7	10717
Nebraska territory	mnt	False	True	False	1	1	1	4
Necedah	mnt	True	True	False	2	2	2	10
Ned avenue	unmatched	False	False	False	0	0	0	0
Neeleyville	mnt	True	True	False	1	1	1	1
Negaunee	mnt	True	True	False	2	2	2	19
Neil Blacks Station	unmatched	False	False	False	0	0	0	0
Nelson avenue cottage	unmatched	False	False	False	0	0	0	0
Nemacolin P. O. Box 311	unmatched	False	False	False	0	0	0	0
Nemacolin Woodlands Resort	unmatched	False	False	False	0	0	0	0
Neosho district	transform	False	False	False	0	9	0	0
Netherlands	mnt	True	True	False	3	3	2	1555
Nevada	mnt	True	True	False	17	15	15	1810
New	mnt	True	True	False	170	2	2	711
New Albany Borough	transform	False	False	False	0	1	0	0
New Baltimore	mnt	True	True	False	6	6	6	14
New Bern	mnt	True	True	False	2	11	2	30
New Bern area (near airport)	unmatched	False	False	False	0	0	0	0
New Bloomfield	mnt	True	True	False	1	2	1	8
New Boston	mnt	True	True	False	14	15	14	13
New Braunfels	mnt	True	True	False	1	1	1	24
New Brunswick	mnt	True	True	False	2	2	2	382
New Castle	mnt	True	True	False	31	43	27	924
New Castle County	mnt	False	False	False	0	28	0	0
New Circuit Avenue	unmatched	False	False	False	0	0	0	0
New Cumberland	mnt	True	True	False	4	3	3	21
New Grand Hotel	unmatched	False	False	False	0	0	0	0
New Hampshire	mnt	True	True	False	2	2	2	3904
New Haven	mnt	True	True	False	27	32	26	666
New Hope	mnt	True	True	False	39	44	36	13
New Horizon United Methodist Church	unmatched	False	False	False	0	0	0	0
New Iberia	mnt	True	True	False	1	1	1	23
New Jersey	mnt	True	True	False	3	1	1	11464
New London	mnt	True	True	False	22	24	22	495
New Lynn	mnt	True	True	False	1	1	1	1
New Maven	spelling	False	False	False	0	26	0	0
New Mexico	mnt	True	True	False	3	2	2	6870
New Orleans	mnt	True	True	False	1	1	1	299
New Oxford R. D	transform	False	False	False	0	1	0	0
New Paris?	spelling	False	False	False	0	4	0	0
New Philadelphia	mnt	True	True	False	4	4	4	36
New Preston Hill	unmatched	False	False	False	0	0	0	0
New Richmond	mnt	True	True	False	7	7	7	22
New South Wales	mnt	True	True	False	1	1	1	346
New Walton	spelling	False	False	False	0	1	0	0
New Wilmington RD 2	transform	False	False	False	0	1	0	0
New Woman All Women Clinic	unmatched	False	False	False	0	0	0	0
New York	mnt	True	True	False	14	13	8	25799
New York (saloon)	unmatched	False	False	False	0	0	0	0
New York City	mnt	True	True	False	2	1	1	165
New York District	transform	False	False	False	0	13	0	0
New York Hospital	mnt	True	True	False	1	1	0	1
New York city	mnt	False	True	False	2	1	1	165
New York state	mnt	False	False	False	0	1	0	0
New York's twentieth district	unmatched	False	False	False	0	0	0	0
Newark	mnt	True	True	False	28	24	22	201
Newark City Hospital	mnt	False	False	False	0	1	0	0
Newberry County	mnt	False	False	False	0	3	0	0
Newburg	mnt	True	True	False	29	50	28	9
Newburgh	mnt	True	True	False	10	31	9	50
Newburyport	mnt	True	True	False	1	1	1	48
Newell	mnt	True	True	False	13	43	12	11
Newlin township	transform	False	False	False	0	8	0	0
Newman cottage	unmatched	False	False	False	0	0	0	0
Newport	mnt	True	True	False	67	69	59	171
Newport. R.D. 3	spelling	False	False	False	0	68	0	0
Newton	mnt	True	True	False	116	157	77	170
Newton Falls	mnt	True	True	False	2	2	2	10
Newtown	mnt	True	True	False	43	173	36	204
Newtown Square	mnt	True	True	False	2	2	2	15
Niagara Falls	mnt	True	True	False	3	2	2	52
Niagara county	mnt	False	True	False	1	2	0	2
Niceville	mnt	True	True	False	1	18	1	13
Nicholas County	mnt	False	False	False	0	19	0	0
Nicollet County	mnt	False	False	False	0	2	0	0
Niles Mich.	unmatched	False	False	False	0	0	0	0
Ninth Judicial District	unmatched	False	False	False	0	0	0	0
Ninth street	unmatched	False	False	False	0	0	0	0
Nipigon	pa_name	False	False	False	0	1	0	0
No. 1 West 14th street	unmatched	False	False	False	0	0	0	0
No. 109 East Cutler street	unmatched	False	False	False	0	0	0	0
No. 110 West Fourth street	unmatched	False	False	False	0	0	0	0
No. 111 Burnley Street	unmatched	False	False	False	0	0	0	0
No. 113 West Fortysecond street	unmatched	False	False	False	0	0	0	0
No. 117 Beacon street	unmatched	False	False	False	0	0	0	0
No. 12	unmatched	False	False	False	0	0	0	0
No. 14 Maiden Lane	unmatched	False	False	False	0	0	0	0
No. 14 Thompson Street	unmatched	False	False	False	0	0	0	0
No. 15 East Third Street	unmatched	False	False	False	0	0	0	0
No. 15 N. Village Green	unmatched	False	False	False	0	0	0	0
No. 17 H street west	unmatched	False	False	False	0	0	0	0
No. 1826 Mount Vernon Street	unmatched	False	False	False	0	0	0	0
No. 1860 Gilpin avenue	unmatched	False	False	False	0	0	0	0
No. 19	unmatched	False	False	False	0	0	0	0
No. 2 Madison Avenue	unmatched	False	False	False	0	0	0	0
No. 2 North Royal Street	unmatched	False	False	False	0	0	0	0
No. 203 General Hospital	unmatched	False	False	False	0	0	0	0
No. 205 West Eightyfourth street	unmatched	False	False	False	0	0	0	0
No. 223 Johnson street	unmatched	False	False	False	0	0	0	0
No. 225 Snediker avenue	unmatched	False	False	False	0	0	0	0
No. 240 West 59th St.	unmatched	False	False	False	0	0	0	0
No. 241 East 59th street	unmatched	False	False	False	0	0	0	0
No. 26 South Locust Street	unmatched	False	False	False	0	0	0	0
No. 26 West Sixty-seventh Street	unmatched	False	False	False	0	0	0	0
No. 280 Western avenue south	unmatched	False	False	False	0	0	0	0
No. 29 Seventh street	unmatched	False	False	False	0	0	0	0
No. 3 at Jacksonville	unmatched	False	False	False	0	0	0	0
No. 361 Sherman Street	unmatched	False	False	False	0	0	0	0
No. 408 Hopitina Street	unmatched	False	False	False	0	0	0	0
No. 42 West ith street	unmatched	False	False	False	0	0	0	0
No. 433 Walnut street	unmatched	False	False	False	0	0	0	0
No. 47 Adelphi street	unmatched	False	False	False	0	0	0	0
No. 47 Walnut street	unmatched	False	False	False	0	0	0	0
No. 48 North Carpenter street	unmatched	False	False	False	0	0	0	0
No. 501 Avenue B	unmatched	False	False	False	0	0	0	0
No. 55 Central Park West	unmatched	False	False	False	0	0	0	0
No. 570 Fifth Avenue	unmatched	False	False	False	0	0	0	0
No. 5730 Market Street	unmatched	False	False	False	0	0	0	0
No. 629 Concannon street	unmatched	False	False	False	0	0	0	0
No. 70 Hallroad avenue	unmatched	False	False	False	0	0	0	0
No. 808 East Second street	unmatched	False	False	False	0	0	0	0
No. 9 Alder St.	unmatched	False	False	False	0	0	0	0
No. 939 South Garfield avenue	unmatched	False	False	False	0	0	0	0
No. IL Kim street	unmatched	False	False	False	0	0	0	0
No. M5 Willow Lane	unmatched	False	False	False	0	0	0	0
No. Ti Ea mount avenue	unmatched	False	False	False	0	0	0	0
No. Til 4th street northwest	unmatched	False	False	False	0	0	0	0
No.7 Elm Street	unmatched	False	False	False	0	0	0	0
Noarrabial	unmatched	False	False	False	0	0	0	0
Noben	spelling	False	False	False	0	5	0	0
Noble County	mnt	False	True	False	1	13	1	1
Noblesville	mnt	True	True	False	1	2	1	25
Noblesville Riverview hospital	unmatched	False	False	False	0	0	0	0
Noell Junction	unmatched	False	False	False	0	0	0	0
Nokomis	mnt	True	True	False	7	10	7	15
Nonquitt	mnt	True	True	False	1	1	1	3
Noord-Holland	mnt	True	True	False	1	1	1	47
Norbonne Mail	unmatched	False	False	False	0	0	0	0
Norco	mnt	True	True	False	2	3	2	8
Norden	mnt	True	True	False	10	38	10	22
Norfolk	mnt	True	True	False	21	15	14	4757
Norman	mnt	True	True	False	24	60	24	112
Normandy	mnt	True	True	False	12	16	11	118
Normany Avenue	unmatched	False	False	False	0	0	0	0
Norris Clinic	unmatched	False	False	False	0	0	0	0
Norristown	mnt	True	True	False	5	21	5	50
Norseland township	unmatched	False	False	False	0	0	0	0
North Adams	mnt	True	True	False	3	3	3	73
North Adams street residence	unmatched	False	False	False	0	0	0	0
North Anne Arundel Convalescent Home	unmatched	False	False	False	0	0	0	0
North Atlantic off the coast of Greenland	unmatched	False	False	False	0	0	0	0
North Belknap Street	unmatched	False	False	False	0	0	0	0
North Billerica	mnt	True	True	False	1	1	1	9
North Carolina	mnt	True	True	False	2	1	1	20638
North College Hill	mnt	True	True	False	1	1	1	6
North Court Street	unmatched	False	False	False	0	0	0	0
North Dakota	mnt	True	True	False	2	1	1	8826
North East	mnt	True	True	False	8	10	7	11
North Fifth Street	unmatched	False	False	False	0	0	0	0
North Groton	mnt	True	True	False	1	1	1	2
North High Street	unmatched	False	False	False	0	0	0	0
North Highland Park	mnt	True	True	False	1	1	1	1
North Hills	mnt	True	True	False	10	15	10	7
North Ireland	mnt	True	True	False	1	1	1	1
North Kannapolis	mnt	True	True	False	1	1	1	1
North Main Street	unmatched	False	False	False	0	0	0	0
North Miami Beach	mnt	True	True	False	1	1	1	9
North Palm Beach	mnt	True	True	False	2	2	2	9
North Part	spelling	False	False	False	0	9	0	0
North Pelham	mnt	True	True	False	3	5	3	4
North Pharsalia	mnt	True	True	False	1	1	1	4
North Philadelphia vacant lot	unmatched	False	False	False	0	0	0	0
North Prides street residence	unmatched	False	False	False	0	0	0	0
North Ravenswood	mnt	True	True	False	1	1	1	1
North Rockford hospital	unmatched	False	False	False	0	0	0	0
North Rome	mnt	True	True	False	2	4	2	2
North Sanduy Wk street	unmatched	False	False	False	0	0	0	0
North Side	mnt	True	True	False	20	17	7	7
North St. Andrews	unmatched	False	False	False	0	0	0	0
North Tenth Street	unmatched	False	False	False	0	0	0	0
North Union street residence	unmatched	False	False	False	0	0	0	0
North Washington Street	unmatched	False	False	False	0	0	0	0
North Western railroad yards	unmatched	False	False	False	0	0	0	0
North Weymouth	mnt	True	True	False	1	1	1	8
North and Race streets	unmatched	False	False	False	0	0	0	0
North of Southern Methodist University	transform	False	False	False	0	1	0	0
Northampton	mnt	True	True	False	22	14	12	487
Northern District	transform	False	False	False	0	8	0	0
Northern Mahaska Nursing and Rehab Center	unmatched	False	False	False	0	0	0	0
Northern Saudi Arabia	unmatched	False	False	False	0	0	0	0
Northestern police station	unmatched	False	False	False	0	0	0	0
Northumberland County	transform	False	False	False	0	4	0	0
Northwest London	mnt	True	True	False	1	1	1	1
Northwest Territories	mnt	True	True	False	1	1	1	1
Northwestern North Carolina	unmatched	False	False	False	0	0	0	0
Northwestern Town	unmatched	False	False	False	0	0	0	0
Norton	mnt	True	True	False	56	167	40	89
Norvalay	unmatched	False	False	False	0	0	0	0
Norwalk	mnt	True	True	False	11	10	10	69
Norway	mnt	True	True	False	26	28	26	485
Norway township	transform	False	False	False	0	11	0	0
Norwich	mnt	True	True	False	25	21	20	487
Norwood	mnt	True	True	False	40	44	32	29
Norwood United Methodist Church	unmatched	False	False	False	0	0	0	0
Notre Dame campus near the campus	unmatched	False	False	False	0	0	0	0
Noyes	mnt	True	True	False	2	6	2	4
Nuevo Laredo	mnt	True	True	False	2	2	2	3
Nupi	unmatched	False	False	False	0	0	0	0
Nuremberg	mnt	True	True	False	2	1	1	8
Nyssa	mnt	True	True	False	2	4	2	14
O	unmatched	False	False	False	0	0	0	0
O.	unmatched	False	False	False	0	0	0	0
O.T.	unmatched	False	False	False	0	0	0	0
OFallon	spelling	True	True	False	2	11	2	3
OK	mnt	True	True	False	3	9	3	1146
ORRTANNA	mnt	False	True	False	1	1	1	8
Oahu	mnt	True	True	False	1	1	1	14
Oak	mnt	True	True	False	21	13	13	7
Oak Creek mine	unmatched	False	False	False	0	0	0	0
Oak Forest	mnt	True	True	False	11	13	11	10
Oak Haven Drive	unmatched	False	False	False	0	0	0	0
Oak Hill	mnt	True	True	False	33	55	28	19
Oak Hill Cemetery	mnt	True	True	False	5	44	5	1
Oak Hill Rt. 1.	unmatched	False	False	False	0	0	0	0
Oak Hill Rt. 3	unmatched	False	False	False	0	0	0	0
Oak Lawn	mnt	True	True	False	7	15	7	14
Oak Park	mnt	True	True	False	17	21	17	47
Oak Ridge North	mnt	True	True	False	2	2	2	3
Oakhurst Rest Home	unmatched	False	False	False	0	0	0	0
Oakland	mnt	True	True	False	61	67	58	407
Oakland vicinity	transform	False	False	False	0	67	0	0
Oateville	spelling	False	False	False	0	4	0	0
Oatlands House	unmatched	False	False	False	0	0	0	0
Obama	spelling	False	False	True	0	1	0	0
Oban	mnt	True	True	False	3	3	2	3
Oberant Leaknang	unmatched	False	False	False	0	0	0	0
Ocean City	mnt	True	True	False	4	4	4	12
Ocean Grove	mnt	True	True	False	3	4	3	9
Ocean View	mnt	True	True	False	6	12	6	10
Oceanside	mnt	True	True	False	4	4	4	17
Ochsner Foundation hospital	unmatched	False	True	False	1	0	0	3
Oelwain	spelling	False	False	False	0	1	0	0
Oelwein	mnt	True	True	False	1	1	1	34
Office of Byrne Green	unmatched	False	False	False	0	0	0	0
Office of J. D. Mansfield	unmatched	False	False	False	0	0	0	0
Ogdensburg	mnt	True	True	False	4	4	4	31
Ogle county	transform	False	False	False	0	1	0	0
Oglesby	mnt	True	True	False	5	5	5	16
Ohio	mnt	True	True	False	36	27	27	29121
Ohio 111	unmatched	False	False	False	0	0	0	0
Ohio 133 in Williamsburg	unmatched	False	False	False	0	0	0	0
Ohio 4 south of Sandusky	unmatched	False	False	False	0	0	0	0
Ohio 44515	mnt	False	False	False	0	1	0	0
Ohio County	transform	False	False	False	0	3	0	0
Ohio]	spelling	False	False	False	0	27	0	0
Oil City	mnt	True	True	False	14	14	13	49
Oildale	mnt	True	True	False	1	3	1	6
Ojinaga	mnt	True	True	False	2	1	1	3
Okaloosa County	transform	True	True	False	1	5	0	1
Okla	mnt	True	True	False	4	10	3	417
Okla.	mnt	True	True	False	2	10	2	88
Oklahoma	mnt	True	True	False	15	9	9	12312
Oklahoma City	mnt	True	True	False	1	1	1	80
Oklo	mnt	True	True	False	1	1	1	1
Old Alexandria	mnt	False	False	False	0	1	0	0
Old Camp	mnt	True	True	False	1	2	1	1
Old DuQuoin	spelling	False	False	False	0	1	0	0
Old Hope Road	unmatched	False	False	False	0	0	0	0
Old Mans river	unmatched	False	False	False	0	0	0	0
Old Point	spelling	True	True	False	1	5	0	1
Oldham	mnt	True	True	False	13	18	11	405
Olean	mnt	True	True	False	5	18	5	56
Oliver and Madison streets	unmatched	False	False	False	0	0	0	0
Olmstedto	unmatched	False	False	False	0	0	0	0
Olney	mnt	True	True	False	14	27	14	57
Olney Avenue	unmatched	False	False	False	0	0	0	0
Omaha	mnt	True	True	False	10	14	10	197
Omaha building	unmatched	False	False	False	0	0	0	0
Omaha track	unmatched	False	False	False	0	0	0	0
Omi	mnt	True	True	False	1	2	1	1
Onalaska	mnt	True	True	False	4	4	3	18
Onehunga	mnt	True	True	False	1	1	1	1
Oneida	mnt	True	True	False	23	24	22	469
Oneida County	mnt	False	False	False	0	2	0	0
Oneida Street	mnt	False	True	False	1	1	1	1
Oneida-Lincoln county line	unmatched	False	False	False	0	0	0	0
Onondaga County	mnt	False	True	False	1	1	0	1
Ont	mnt	True	True	False	1	1	1	4
Ontare	unmatched	False	False	False	0	0	0	0
Ontario	mnt	True	True	False	17	16	16	2091
Oostburg	mnt	True	True	False	1	1	1	12
Opera House Block	unmatched	False	False	False	0	0	0	0
Ophir Township	transform	False	False	False	0	2	0	0
Oquawka	mnt	True	True	False	1	1	1	12
Ora	mnt	True	True	False	10	11	10	5
Orange	mnt	True	True	False	59	76	51	458
Orange County	mnt	False	True	False	1	26	0	1
Orange Park	mnt	True	True	False	1	1	1	13
Orange Park Acres	mnt	True	True	False	1	1	1	3
Orangeville	mnt	True	True	False	13	19	13	11
Orangeville area	transform	False	False	False	0	19	0	0
Ore	mnt	True	True	False	4	20	3	218
Ore.	mnt	True	True	False	1	18	1	331
Oregon	mnt	True	True	False	21	22	18	9439
Oregon City	mnt	True	True	False	2	2	2	19
Orhisonia	spelling	False	False	False	0	1	0	0
Orland township	transform	False	False	False	0	41	0	0
Orlando	mnt	True	True	False	8	16	8	52
Orleans County	transform	False	False	False	0	3	0	0
Orlesby	spelling	False	False	False	0	6	0	0
Orne	mnt	True	True	False	2	2	2	82
Osage county	transform	False	False	False	0	9	0	0
Oskaloosa	mnt	True	True	False	5	8	5	26
Osprey	mnt	True	True	False	3	3	3	9
Ossinning	spelling	False	False	False	0	1	0	0
Osten	mnt	False	True	False	1	10	1	1
Oswacoville	unmatched	False	False	False	0	0	0	0
Oswego	mnt	True	True	False	14	15	11	281
Otisco Township	transform	False	False	False	0	3	0	0
Ottawa County	transform	False	False	False	0	9	0	0
Ottawa Township	transform	False	False	False	0	8	0	0
Ottewau	unmatched	False	False	False	0	0	0	0
Otto country	unmatched	False	False	False	0	0	0	0
Ottumwa	mnt	True	True	False	3	3	3	61
Ottumwa Route 1	mnt	False	False	False	0	1	0	0
Ottumwa Route 2	mnt	False	False	False	0	1	0	0
Ouachita County	transform	False	False	False	0	1	0	0
Our Lady of Lourdes Church in North Pownal	unmatched	False	False	False	0	0	0	0
Our Lady of the Annuncia	unmatched	False	False	False	0	0	0	0
Our Lady of the Tely Rosary Church	unmatched	False	False	False	0	0	0	0
Our Savior Church	unmatched	False	False	False	0	0	0	0
Overlook Heights	mnt	True	True	False	2	2	2	1
Ovil	mnt	True	True	False	1	1	1	3
Owensboro	mnt	True	True	False	2	2	2	35
Owensville	mnt	True	True	False	9	9	8	13
Owl Crest	unmatched	False	False	False	0	0	0	0
Owosso	mnt	True	True	False	2	3	2	28
Oxford	mnt	True	True	False	57	73	48	398
Oxford Methodist Church	unmatched	False	False	False	0	0	0	0
Oxford Township	transform	False	False	False	0	36	0	0
Oxnard	mnt	True	True	False	1	1	1	20
Oxnard motel	unmatched	False	False	False	0	0	0	0
Oxon	unmatched	True	True	False	4	0	0	5
P.O. Box 334	unmatched	False	False	False	0	0	0	0
P.O. Box 35	unmatched	False	False	False	0	0	0	0
PA	mnt	True	True	False	1	4	1	8221
PARKERSBUR	spelling	False	False	False	0	9	0	0
PARS	unmatched	True	True	False	1	0	0	1
PEKING	mnt	False	True	False	1	11	1	4
PERU	mnt	True	True	False	24	22	21	55
PITTSBURg	mnt	False	True	False	30	30	25	117
PQ	unmatched	False	False	False	0	0	0	0
Pa	mnt	True	True	False	1	4	1	8221
Pa.	mnt	True	True	False	1	4	1	1746
Pacific	mnt	True	True	False	9	8	5	112
Pacific Palisades mansion	unmatched	False	False	False	0	0	0	0
Pacific waters off Santa Catalina Island	unmatched	False	False	False	0	0	0	0
Painesville	mnt	True	True	False	2	33	2	26
Painview	spelling	False	False	False	0	25	0	0
Pair field and District Hospital	unmatched	False	False	False	0	0	0	0
Palace Hotel	unmatched	False	False	False	0	0	0	0
Palestine	mnt	True	True	False	20	24	19	30
Palestine Baptist church east of St. Edward	unmatched	False	False	False	0	0	0	0
Palestine Memorial	unmatched	False	False	False	0	0	0	0
Pallapecpuia	unmatched	False	False	False	0	0	0	0
Palm Beach	mnt	True	True	False	8	5	3	194
Palm Springs area	transform	False	False	False	0	3	0	0
Palnt of Pines Hotel	unmatched	False	False	False	0	0	0	0
Panaoan	unmatched	False	False	False	0	0	0	0
Panola County	transform	False	False	False	0	16	0	0
Panulla	unmatched	False	False	False	0	0	0	0
Paonia	mnt	True	True	False	1	9	1	15
Papabou	unmatched	False	False	False	0	0	0	0
Papineau	mnt	True	True	False	2	2	2	7
Paris	mnt	True	True	False	36	55	31	172
Parish Church	unmatched	False	False	False	0	0	0	0
Parish of Avoyelles	transform	False	False	False	0	1	0	0
Park Avenue	mnt	True	True	False	2	3	2	2
Park Heights avenue and Pinkney road	unmatched	False	False	False	0	0	0	0
Park Row Building	unmatched	False	False	False	0	0	0	0
Park View hospital	mnt	False	True	False	1	1	1	1
Park View hospital in Hollywood	unmatched	False	False	False	0	0	0	0
Park avenue	mnt	False	True	False	2	3	2	2
Park county	transform	False	False	False	0	3	0	0
Parke County	transform	False	False	False	0	71	0	0
Parker County	transform	False	False	False	0	30	0	0
Parker RD 1	transform	False	False	False	0	62	0	0
Parkers switch	unmatched	False	False	False	0	0	0	0
Parkersboro and Stanton pike	unmatched	False	False	False	0	0	0	0
Parkersburg	mnt	True	True	False	10	10	10	47
Parkersburg intersection	unmatched	False	False	False	0	0	0	0
Parkside	mnt	True	True	False	12	18	12	5
Parole St	unmatched	False	False	False	0	0	0	0
Paroose county	unmatched	False	False	False	0	0	0	0
Parshall Hospital	unmatched	False	False	False	0	0	0	0
Parsonage of the Grace United Brethren church	unmatched	False	False	False	0	0	0	0
Passavant Hospital	mnt	True	True	False	1	1	1	1
Passavant hospital	mnt	False	True	False	1	1	1	1
Patchin Hollow	unmatched	False	False	False	0	0	0	0
Patea	mnt	True	True	False	1	9	1	1
Patentville	unmatched	False	False	False	0	0	0	0
Patnie Creek bridge	unmatched	False	False	False	0	0	0	0
Patoka	mnt	True	True	False	7	15	7	14
Patoka Cemetery	unmatched	False	False	False	0	0	0	0
Patuxent River	unmatched	False	False	False	0	0	0	0
Paules's apartment	unmatched	False	False	False	0	0	0	0
Payette	mnt	True	True	False	7	40	6	50
Payette County	transform	False	False	False	0	39	0	0
Peabody	mnt	True	True	False	8	9	8	29
Peabody mine	unmatched	False	False	False	0	0	0	0
Peace Ev. Lutheran Church	unmatched	False	False	False	0	0	0	0
Peansziventa hotel	unmatched	False	False	False	0	0	0	0
Pearisburg	mnt	True	True	False	1	2	1	18
Peavine Baptist church	unmatched	False	False	False	0	0	0	0
Pebble Drive	unmatched	False	False	False	0	0	0	0
Peckham	mnt	True	True	False	4	5	3	111
Pecos	mnt	True	True	False	3	3	3	40
Pecos Valley Rehabilitation Center	unmatched	False	False	False	0	0	0	0
Pekin	mnt	True	True	False	12	16	8	31
Pelham	mnt	True	True	False	13	28	11	15
Pendleiin	unmatched	False	False	False	0	0	0	0
Pendleton	mnt	True	True	False	19	21	19	95
Penn	mnt	True	True	False	40	41	38	137
Penn Highlands Jefferson Manor	unmatched	False	False	False	0	0	0	0
Penn Yan	mnt	True	True	False	1	1	1	17
Penn.	mnt	True	True	False	2	46	1	161
Penna	mnt	True	True	False	4	62	2	111
Pennell road	unmatched	False	False	False	0	0	0	0
Pennsylvania	mnt	True	True	False	5	4	3	41339
Pennsylvania 53 near Dysart	unmatched	False	False	False	0	0	0	0
Pennsylvania Canal	unmatched	False	False	False	0	0	0	0
Pennsylvania Railroad yards	unmatched	False	False	False	0	0	0	0
Pennsylvania railroad and 6th street northwest	unmatched	False	False	False	0	0	0	0
Pennsylvania)	spelling	True	True	False	1	4	1	1
Pensacola	mnt	True	True	False	3	3	3	46
Pent water	spelling	False	False	False	0	1	0	0
Pentta	unmatched	False	False	False	0	0	0	0
Peo Tiz	unmatched	False	False	False	0	0	0	0
Peoples Bank	unmatched	False	False	False	0	0	0	0
Peoria	mnt	True	True	False	17	19	15	184
Perkasie	mnt	True	True	False	1	1	1	17
Pernax	unmatched	False	False	False	0	0	0	0
Perrine	mnt	True	True	False	2	6	2	6
Perry County	transform	False	False	False	0	84	0	0
Perry County Memorial Hospital	unmatched	False	False	False	0	0	0	0
Perrysburg	mnt	True	True	False	4	6	4	27
Peru	mnt	True	True	False	24	22	21	55
Petersboro	mnt	True	True	False	1	2	1	5
Petersburg	mnt	True	True	False	33	33	28	61
Peterson Catholic church	unmatched	False	False	False	0	0	0	0
Petit House on Fourth street	unmatched	False	False	False	0	0	0	0
Petoskey	mnt	True	True	False	1	1	1	21
Pettis county	transform	False	False	False	0	11	0	0
Pettit's rooms at the resort	unmatched	False	False	False	0	0	0	0
Pewee Valley	mnt	True	True	False	1	1	1	8
Pexx.	unmatched	False	False	False	0	0	0	0
Peyton	mnt	True	True	False	6	26	6	9
Pfaeffikon Canton	unmatched	False	False	False	0	0	0	0
Philadelphia	mnt	True	True	False	16	12	12	932
Philadelphia Covenant Tabernacle	unmatched	False	False	False	0	0	0	0
Philadelphia division of Baltimore and Ohio railroad near Leslie Station	unmatched	False	False	False	0	0	0	0
Philippines	mnt	True	True	False	2	1	1	356
Phillipatreat	unmatched	False	False	False	0	0	0	0
Phillips Gallery	unmatched	False	False	False	0	0	0	0
Phoenix	mnt	True	True	False	18	22	17	71
Phoenix speed way	unmatched	False	False	False	0	0	0	0
Pi Kappa Alpha house	unmatched	False	False	False	0	0	0	0
Pico	mnt	True	True	False	7	4	4	4
Pierce Field	spelling	False	False	False	0	1	0	0
Pierre	mnt	True	True	False	3	34	2	18
Pigeon creek	mnt	False	True	False	2	2	2	7
Pigott	spelling	False	False	False	0	1	0	0
Piitaeianis	unmatched	False	False	False	0	0	0	0
Pilgrim Congregational Church	mnt	True	True	False	1	1	1	1
Pillsboro	spelling	False	False	False	0	37	0	0
Pilsa	spelling	False	False	False	0	8	0	0
Pine Creek Indian Reserve	unmatched	False	False	False	0	0	0	0
Pine Grove Methodist church	unmatched	False	False	False	0	0	0	0
Pine Lake	mnt	True	True	False	13	20	13	4
Pine View Apartments	unmatched	False	False	False	0	0	0	0
Pinegrove Dr.	unmatched	False	False	False	0	0	0	0
Pineville	mnt	True	True	False	18	37	17	22
Pinnell apartments	unmatched	False	False	False	0	0	0	0
Piper City	mnt	True	True	False	1	1	1	11
Piqua	mnt	True	True	False	3	4	3	29
Piret Christien church	unmatched	False	False	False	0	0	0	0
PisherTitus Medical Center	unmatched	False	False	False	0	0	0	0
Pitts field	spelling	False	False	False	0	10	0	0
Pittsburg	mnt	True	True	False	30	30	25	117
Pittsburgh	mnt	True	True	False	9	28	9	394
Pittsburgh (Strip District)	unmatched	False	False	False	0	0	0	0
Pittsfield	mnt	True	True	False	11	10	10	82
Pittsford	mnt	True	True	False	5	6	5	14
Piute county	transform	False	False	False	0	2	0	0
Placerville	mnt	True	True	False	3	3	3	22
Plainfield	mnt	True	True	False	24	25	23	31
Plaistow Marshes	unmatched	False	False	False	0	0	0	0
Plato Township	transform	False	False	False	0	34	0	0
Platt Township	spelling	False	False	False	0	59	0	0
Plattsburgh	mnt	True	True	False	2	7	1	18
Pleasant Alley	spelling	False	False	False	0	64	0	0
Pleasant Grove	mnt	True	True	False	37	36	35	24
Pleasant Hill	mnt	True	True	False	44	51	39	18
Pleasant View Lutheran Church	unmatched	False	False	False	0	0	0	0
Pleasant township	transform	False	False	False	0	48	0	0
Pleasantview Home in Kalona	unmatched	False	False	False	0	0	0	0
Pleasantville	mnt	True	True	False	17	15	15	16
Plymouth	mnt	True	True	False	44	41	40	748
Plymouth County	transform	True	True	False	1	2	0	1
Plymouth township (at his home)	unmatched	False	False	False	0	0	0	0
Pocantico Hills	mnt	True	True	False	1	1	1	6
Pocatello	mnt	True	True	False	1	2	1	55
Poedjen	unmatched	False	False	False	0	0	0	0
Poesavant Memorial Hospital	unmatched	False	False	False	0	0	0	0
Point No.Point	unmatched	False	False	False	0	0	0	0
Point cemetery	unmatched	False	False	False	0	0	0	0
Poland	mnt	True	True	False	14	39	11	911
Polish Catholic Church	unmatched	False	False	False	0	0	0	0
Polk County	transform	False	False	False	0	12	0	0
Poll River	unmatched	False	False	False	0	0	0	0
Polo	mnt	True	True	False	5	6	5	16
Poloniaweg 31. 3203 Cefround	unmatched	False	False	False	0	0	0	0
Pomeroy	mnt	True	True	False	10	12	8	26
Pomona	mnt	True	True	False	16	20	14	34
Ponsonby	mnt	True	True	False	2	2	2	5
Pontodsuc lake	unmatched	False	False	False	0	0	0	0
Pool	mnt	True	True	False	8	4	3	4
Pope Nursing Home	unmatched	False	False	False	0	0	0	0
Port Angeles Courtroom	unmatched	False	False	False	0	0	0	0
Port Arthur	mnt	True	True	False	3	5	3	29
Port Arthur General Hospital	unmatched	False	False	False	0	0	0	0
Port Charlotte	mnt	True	True	False	1	1	1	14
Port Charlotte area	transform	False	False	False	0	1	0	0
Port Clinton	mnt	True	True	False	2	2	2	16
Port Huron	mnt	True	True	False	2	3	2	58
Port Jervis	mnt	True	True	False	1	1	1	27
Port Maria Public Hospital	unmatched	False	False	False	0	0	0	0
Port St. Joseph	unmatched	False	False	False	0	0	0	0
Port Washington	mnt	True	True	False	3	3	3	25
Port William	mnt	True	True	False	4	6	3	5
Portage County	mnt	False	False	False	0	1	0	0
Portland	mnt	True	True	False	37	46	36	913
Portsmouth	mnt	True	True	False	13	12	11	382
Portsmouth rt 3	unmatched	False	False	False	0	0	0	0
Portugal	mnt	True	True	False	1	1	1	281
Post Oak Prairie	unmatched	False	False	False	0	0	0	0
Pottawattamle county	spelling	False	False	False	0	1	0	0
Pottenstein	mnt	False	False	False	0	2	0	0
Potter county	mnt	False	False	False	0	55	0	0
Potts Town	mnt	False	True	False	1	2	1	3
Potts Town Hospital	mnt	False	False	False	0	1	0	0
Pottsgrove	mnt	True	True	False	2	4	2	7
Pottstown	mnt	True	True	False	3	5	2	37
Poughkeepsie	mnt	True	True	False	4	3	3	60
Poughkeepsie and Wappingers Falls	unmatched	False	False	False	0	0	0	0
Powell Park	mnt	True	True	False	3	3	2	2
Pra da	spelling	False	False	False	0	1	0	0
Prague	mnt	True	True	False	4	12	3	16
Prairie Du Rocher	mnt	True	True	False	1	1	1	9
Prairie Greek	spelling	False	False	False	0	10	0	0
Prairie Grove	mnt	True	True	False	4	4	4	15
Prairie Rose E. M. Church	unmatched	False	False	False	0	0	0	0
Prairie du Chien	mnt	True	True	False	1	1	1	16
Pratt sanitarium	unmatched	False	False	False	0	0	0	0
Preble County	transform	False	False	False	0	2	0	0
Presbyterian Church	unmatched	False	False	False	0	0	0	0
Presbyterian Manor Nursing Home	unmatched	False	False	False	0	0	0	0
Presbyterian church	unmatched	False	False	False	0	0	0	0
Presbyterian hospital	mnt	True	True	False	2	1	1	2
Priestman Collieries	unmatched	False	False	False	0	0	0	0
Prighton	spelling	False	False	False	0	45	0	0
Primstead	spelling	False	False	False	0	1	0	0
Prince Bay	unmatched	True	True	False	1	0	0	2
Prince Georges County	mnt	False	False	False	0	4	0	0
Prince Georges county	mnt	False	False	False	0	4	0	0
Prince Rupert	mnt	True	True	False	1	1	1	4
Princeton	mnt	True	True	False	33	35	33	39
Princeton Community Hospital ICU	unmatched	False	False	False	0	0	0	0
Princetown Reformed church	unmatched	False	False	False	0	0	0	0
Prineville	mnt	True	True	False	1	34	1	17
Probate Court	unmatched	True	True	False	22	0	0	2
Probate Court of Jackson County	unmatched	False	False	False	0	0	0	0
Probate Division	unmatched	False	False	False	0	0	0	0
Probate office	unmatched	False	True	False	1	0	0	1
Prospect St.	unmatched	False	False	False	0	0	0	0
Providence	mnt	True	True	False	37	32	31	407
Province of British Columbia	transform	False	False	False	0	1	0	0
Province of Quebsd Canada	unmatched	False	False	False	0	0	0	0
Provo	mnt	True	True	False	6	7	4	87
Ps	unmatched	False	False	False	0	0	0	0
Pt. Pleasant	mnt	True	True	False	2	1	1	5
Pucsot	unmatched	False	False	False	0	0	0	0
Pulaski county	transform	False	False	False	0	9	0	0
Pullinan	unmatched	False	False	False	0	0	0	0
Pullman	mnt	True	True	False	7	10	7	20
Pulton	spelling	False	False	False	0	68	0	0
Punala county	spelling	False	False	False	0	2	0	0
Punta Gorda	mnt	True	True	False	1	1	1	14
Punxantawney	unmatched	False	False	False	0	0	0	0
Purcell	mnt	True	True	False	8	11	8	16
Purgitsville	mnt	True	True	False	1	1	1	7
Putnam Avenue	unmatched	False	False	False	0	0	0	0
Putnam County Memorial Hospital	unmatched	False	False	False	0	0	0	0
Putten	mnt	True	True	False	1	9	1	3
Pyramid	mnt	True	True	False	4	3	3	5
QC	mnt	False	False	False	0	9	0	0
Qsney	spelling	False	False	False	0	3	0	0
Quaker Apartments	unmatched	False	False	False	0	0	0	0
Quaker City	mnt	True	True	False	3	3	3	11
Que	mnt	True	True	False	2	1	1	2
Quebec	mnt	True	True	False	9	11	9	2187
Queensland	mnt	True	True	False	3	3	3	93
Quinn Chapel church	unmatched	False	False	False	0	0	0	0
R. 1	unmatched	True	True	False	1	0	0	1
R. I.	mnt	True	True	False	1	1	1	1
R.A.1	unmatched	False	False	False	0	0	0	0
RD 3 Luzerne Rd.	unmatched	False	False	False	0	0	0	0
RD 3 Uniontown	unmatched	False	False	False	0	0	0	0
RD 3.	unmatched	False	False	False	0	0	0	0
RE 5	unmatched	False	False	False	0	0	0	0
RFD 1	unmatched	False	False	False	0	0	0	0
RFD 2 Keyser	unmatched	False	False	False	0	0	0	0
RFD 3	unmatched	False	False	False	0	0	0	0
RFD No. 1	unmatched	False	False	False	0	0	0	0
RI	mnt	True	True	False	1	3	1	336
ROOMS	spelling	False	False	False	0	9	0	0
RR 1 Box 28	unmatched	False	False	False	0	0	0	0
Raccoon river south of Lanesboro	unmatched	False	False	False	0	0	0	0
Racine	mnt	True	True	False	9	12	8	115
Ragan Mill community home	unmatched	False	False	False	0	0	0	0
Rahway	mnt	True	True	False	1	3	1	34
Railroad Shop	unmatched	False	False	False	0	0	0	0
Rajasthan	mnt	True	True	False	1	1	1	1
Raleigh	mnt	True	True	False	19	20	16	360
Ramsay	mnt	True	True	False	6	32	6	8
Ranch House chapel of the Marine Corps base at Camp Pendleton	unmatched	False	False	False	0	0	0	0
Randolph	mnt	True	True	False	51	47	47	200
Randolph County	transform	True	True	False	1	8	0	1
Randolph Rd.	transform	False	False	False	0	47	0	0
Range in Boxelder	unmatched	False	False	False	0	0	0	0
Ranger	mnt	True	True	False	7	37	7	23
Ranger General Hospital	unmatched	False	False	False	0	0	0	0
Ranthambhore wildlife park	unmatched	False	False	False	0	0	0	0
Rantoul	mnt	True	True	False	3	3	3	17
Rapallo	mnt	True	True	False	1	2	1	1
Rapid City	mnt	True	True	False	3	4	3	28
Rapids City	mnt	True	True	False	1	4	1	5
Ratcliff Grove Christian Church	unmatched	False	False	False	0	0	0	0
Ravenswood	mnt	True	True	False	6	16	6	17
Raymore	mnt	True	True	False	2	6	2	8
Reading	mnt	True	True	False	21	29	19	244
Reavine	spelling	False	False	False	0	6	0	0
Reception Road house	unmatched	False	False	False	0	0	0	0
Red Bank	mnt	True	True	False	15	23	15	18
Red Canoe Club grounds	unmatched	False	False	False	0	0	0	0
Red Cross first aid station	unmatched	False	False	False	0	0	0	0
Red Deer hospital	unmatched	False	False	False	0	0	0	0
Red Oak township	transform	False	False	False	0	7	0	0
Red River	mnt	True	True	False	16	15	15	127
Redds section of Aiken County	unmatched	False	False	False	0	0	0	0
Redeemer Lutheran church	unmatched	False	False	False	0	0	0	0
Redfield	mnt	True	True	False	8	17	8	11
Reesville Methodist Parsonage	unmatched	False	False	False	0	0	0	0
Reichsachsen Kries Eschwege	unmatched	False	False	False	0	0	0	0
Reidsville nursing home	unmatched	False	False	False	0	0	0	0
Reno	mnt	True	True	False	20	20	17	249
Residence	unmatched	False	False	False	0	0	0	0
Residence at 120 East 90th St.	unmatched	False	False	False	0	0	0	0
Residence in Continental	unmatched	False	False	False	0	0	0	0
Residence of Harry Uncles	unmatched	False	False	False	0	0	0	0
Residence of Joe Shaw and wife	unmatched	False	False	False	0	0	0	0
Residence of Mr. Richard Wood near Washington	unmatched	False	False	False	0	0	0	0
Residence of Mr. Taylor Williams	unmatched	False	False	False	0	0	0	0
Residence of Mr. Thomas McGehee	unmatched	False	False	False	0	0	0	0
Residence of Mr. and Mrs. G. Monaghan	unmatched	False	False	False	0	0	0	0
Residence of Mrs. A. E. Boyer	unmatched	False	False	False	0	0	0	0
Residence of her sister	unmatched	False	False	False	0	0	0	0
Residence of his sister	unmatched	False	False	False	0	0	0	0
Residence of his son	unmatched	False	False	False	0	0	0	0
Resort home	unmatched	False	False	False	0	0	0	0
Resthaven South	unmatched	False	False	False	0	0	0	0
Reston	mnt	True	True	False	6	159	6	8
Reston Hospital in Reston	unmatched	False	False	False	0	0	0	0
Retreat for the Sick Hospital in Richmond	unmatched	False	False	False	0	0	0	0
Rev. M. Hanenkrat	unmatched	False	False	False	0	0	0	0
Rev. W. G. Pitcher's home	unmatched	False	False	False	0	0	0	0
Reykjavik	mnt	True	True	False	1	1	1	1
Reynolds Army Hospital	unmatched	False	False	False	0	0	0	0
Reynolds Funeral Home	unmatched	False	False	False	0	0	0	0
Reynoldsville	mnt	True	True	False	6	6	6	36
Reynosa	mnt	True	True	False	2	3	2	3
Rhine Parls	unmatched	False	False	False	0	0	0	0
Rhinealnder	spelling	False	False	False	0	1	0	0
Rhinelander	mnt	True	True	False	1	1	1	31
Rice Lake Evangelical UB church	unmatched	False	False	False	0	0	0	0
Rich field	spelling	False	False	False	0	25	0	0
Richants Funeral Home	unmatched	False	False	False	0	0	0	0
Richard Pen	unmatched	False	False	False	0	0	0	0
Richie funeral home	unmatched	False	False	False	0	0	0	0
Richland	mnt	True	True	False	157	157	152	250
Richland Center community	transform	False	False	False	0	4	0	0
Richland Towers	unmatched	False	False	False	0	0	0	0
Richland parish	mnt	False	False	False	0	10	0	0
Richland township	transform	False	True	False	1	115	0	1
Richmond	mnt	True	True	False	76	70	60	174
Richmond Township	transform	False	False	False	0	14	0	0
Rictimony	unmatched	False	False	False	0	0	0	0
Ridge Road	mnt	True	True	False	1	1	1	1
Ridgewood Manor Rehabilitation Center	unmatched	False	False	False	0	0	0	0
Ridley Park	mnt	True	True	False	1	2	1	17
Ridley Township	transform	False	False	False	0	84	0	0
Ridora	spelling	False	False	False	0	1	0	0
Rieglern	unmatched	False	False	False	0	0	0	0
Rigby	mnt	True	True	False	2	29	1	20
Rigby Canal north of the Inn Cafe	unmatched	False	False	False	0	0	0	0
Riggs Memorial Presbyterian church	unmatched	False	False	False	0	0	0	0
Rillito	mnt	True	True	False	1	1	1	5
Rimto Rim bridge which spanned the Snake river canyon	unmatched	False	False	False	0	0	0	0
Ringgold County	transform	False	False	False	0	2	0	0
Ringzold	spelling	False	False	False	0	16	0	0
Rio Grande	mnt	True	True	False	10	5	4	53
Ripler	spelling	False	False	False	0	35	0	0
Ripley	mnt	True	True	False	33	74	33	136
River Avon near Bradford	unmatched	False	False	False	0	0	0	0
River Falls	mnt	True	True	False	5	5	5	15
River Forest	mnt	True	True	False	5	5	5	17
River Heights	mnt	True	True	False	4	4	4	5
River road	mnt	False	True	False	4	4	4	2
Riverview	mnt	True	True	False	28	39	28	11
Riverville	mnt	True	True	False	1	9	1	2
Roannke	spelling	False	False	False	0	17	0	0
Roanoke	mnt	True	True	False	18	17	16	208
Roanoke Memorial Hospital	unmatched	False	False	False	0	0	0	0
Roanoke Sound	unmatched	False	False	False	0	0	0	0
Robartadale	unmatched	False	False	False	0	0	0	0
Robbins	mnt	True	True	False	11	19	10	9
Robbinsdale	mnt	True	True	False	1	1	1	11
Roberts County	transform	False	False	False	0	11	0	0
Robertsville	mnt	True	True	False	9	10	9	7
Roby's home	unmatched	False	False	False	0	0	0	0
Rocheport and Fayette area	unmatched	False	False	False	0	0	0	0
Rochester	mnt	True	True	False	32	34	29	202
Rochester N.Y.	unmatched	False	False	False	0	0	0	0
Rochester NW	unmatched	False	False	False	0	0	0	0
Rock Alow Springs	unmatched	False	False	False	0	0	0	0
Rock Falls	mnt	True	True	False	7	6	6	17
Rock Island	mnt	True	True	False	11	12	10	147
Rock River below the power dam	unmatched	False	False	False	0	0	0	0
Rock county	mnt	False	False	False	0	1	0	0
Rock creek bottom	unmatched	False	False	False	0	0	0	0
Rockcastle county	transform	False	False	False	0	4	0	0
Rockefeller Chapel	unmatched	False	False	False	0	0	0	0
Rockefeller home	unmatched	False	False	False	0	0	0	0
Rockingham County	transform	False	False	False	0	3	0	0
Rockingham county	transform	False	False	False	0	3	0	0
Rocklynn Place	unmatched	False	False	False	0	0	0	0
Rockwell and Mason City areas	unmatched	False	False	False	0	0	0	0
Rocky Mount	mnt	True	True	False	7	10	7	27
Rogers hospital	unmatched	False	False	False	0	0	0	0
Roman Catholic Church in St. Lazare	unmatched	False	False	False	0	0	0	0
Romania	mnt	True	True	False	2	3	2	82
Rome	mnt	True	True	False	34	32	31	49
Romes University hospital	unmatched	False	False	False	0	0	0	0
Romney	mnt	True	True	False	4	21	4	15
Ronham	spelling	False	False	False	0	7	0	0
Rooks Creek church	unmatched	False	False	False	0	0	0	0
Rooks Creek township	pa_name	False	False	False	0	2	0	0
Roosevelt County	transform	False	False	False	0	2	0	0
Roscon monmon county	unmatched	False	False	False	0	0	0	0
Rose City sand pit	unmatched	False	False	False	0	0	0	0
Roseau Area	transform	False	False	False	0	5	0	0
Roseau Area hospital	unmatched	False	False	False	0	0	0	0
Rosebud	mnt	True	True	False	17	19	17	61
Rosebud IHS Hospital	unmatched	False	False	False	0	0	0	0
Roseburg	mnt	True	True	False	5	10	4	30
Rosedale	mnt	True	True	False	44	52	38	11
Roselle	mnt	True	True	False	6	15	6	16
Rosemead and Washington Blvd.	unmatched	False	False	False	0	0	0	0
Rosemount	mnt	True	True	False	6	24	6	12
Roseville	mnt	True	True	False	24	44	22	14
Rosewood	mnt	True	True	False	20	25	20	6
Rosewood Heights	mnt	True	True	False	3	3	3	4
Ross county	mnt	False	False	False	0	1	0	0
Rossford	mnt	True	True	False	3	3	3	11
Roswell	mnt	True	True	False	9	27	9	54
Rot	unmatched	False	False	False	0	0	0	0
Roubaix	mnt	True	True	False	2	2	2	8
Round Pond	mnt	True	True	False	3	3	3	6
Route 2 near Buncansville	unmatched	False	False	False	0	0	0	0
Route 209 near Port Carbon	unmatched	False	False	False	0	0	0	0
Route 385 and South James Street	unmatched	False	False	False	0	0	0	0
Route 40 east of Uniontown near the Dinner Bell Rd	unmatched	False	False	False	0	0	0	0
Route 62 about six miles north of Mercer	unmatched	False	False	False	0	0	0	0
Route one	unmatched	False	False	False	0	0	0	0
Rowan County	mnt	False	False	False	0	27	0	0
Rowlett	mnt	True	True	False	1	2	1	12
Rowlett Creek Cemetery	unmatched	False	False	False	0	0	0	0
Roxbury	mnt	True	True	False	21	19	17	114
Roxett county	unmatched	False	False	False	0	0	0	0
Royal Centre	mnt	False	False	False	0	1	0	0
Royal Hawaiian	unmatched	False	False	False	0	0	0	0
Royal Melbourne Hospital	mnt	True	True	False	1	1	1	1
Royalton Center	mnt	True	True	False	1	1	1	3
Royalton township	transform	False	True	False	1	7	0	1
Rt. 1 Box 144	unmatched	False	False	False	0	0	0	0
Rt. 2 Bessemer City	unmatched	False	False	False	0	0	0	0
Rt. 3 Navasota	unmatched	False	False	False	0	0	0	0
Rt. 44 south of East Canton	unmatched	False	False	False	0	0	0	0
Rt. 72 Devon Ave.	unmatched	False	False	False	0	0	0	0
Rt. near Cresson	unmatched	False	False	False	0	0	0	0
Rte. 1	unmatched	False	False	False	0	0	0	0
Rte. 9N	unmatched	False	False	False	0	0	0	0
Ruby Valley Hospital	unmatched	False	False	False	0	0	0	0
Rue de Presbourg	unmatched	False	False	False	0	0	0	0
Rupert	mnt	True	True	False	7	8	7	33
Rural Route 1	unmatched	False	False	False	0	0	0	0
Rural Route No. 3 From Lumberton	unmatched	False	False	False	0	0	0	0
Rush County	mnt	False	False	False	0	1	0	0
Rush County Courthouse (Rush Circuit Court)	unmatched	False	False	False	0	0	0	0
Rushville	mnt	True	True	False	16	24	16	33
Russell County	transform	False	False	False	0	6	0	0
Russell Gray home at Washta	unmatched	False	False	False	0	0	0	0
Russiaville	mnt	True	True	False	1	1	1	20
Rustad	mnt	True	True	False	1	2	1	2
Ruston	mnt	True	True	False	4	39	3	28
S Marks Church	unmatched	False	False	False	0	0	0	0
S. Benton	unmatched	False	False	False	0	0	0	0
S. Berwick	unmatched	False	False	False	0	0	0	0
S. C.	mnt	True	True	False	1	1	1	1
S.C.	mnt	True	True	False	1	1	1	1
S.D.	mnt	True	True	False	1	1	1	1
S.E.	unmatched	False	False	False	0	0	0	0
S912 3rd Ave. S.	unmatched	False	False	False	0	0	0	0
SC	mnt	True	True	False	2	1	1	1680
SD	mnt	True	True	False	1	1	1	660
SE	unmatched	False	False	True	0	0	0	0
SIL New Jersey avenue northwear	unmatched	False	False	False	0	0	0	0
SPRINGFIELD	mnt	True	True	False	85	89	79	170
SR 72 near Bowersville	unmatched	False	False	False	0	0	0	0
SURREY	mnt	True	True	False	11	12	9	1450
SW	unmatched	True	True	False	1	0	0	1
Sabina	mnt	True	True	False	3	32	2	12
Sabina residence	unmatched	False	False	False	0	0	0	0
Sabine county	transform	False	False	False	0	41	0	0
Sackersberger farm	unmatched	False	False	False	0	0	0	0
Saco	mnt	True	True	False	8	7	7	20
Sacramento	mnt	True	True	False	9	8	7	191
Sacramento (orchard area)	unmatched	False	False	False	0	0	0	0
Sacramento County	mnt	False	False	False	0	1	0	0
Sacramento county	mnt	False	False	False	0	1	0	0
Sacred Heart Catholic Church of Chester	unmatched	False	False	False	0	0	0	0
Sacred Heart Catholic church	mnt	False	True	False	2	3	2	2
Sacred Heart Church	mnt	True	True	False	7	7	6	1
Sacred Heart Hospital	unmatched	True	True	False	3	0	0	1
Sacred Heart hospital	unmatched	True	True	False	3	0	0	1
Sacrinten	unmatched	False	False	False	0	0	0	0
Saint Anthony Catholic Church	name_variant	False	False	False	0	1	0	0
Saint Bieu	unmatched	False	False	False	0	0	0	0
Saint Bleu	unmatched	False	False	False	0	0	0	0
Saint James	pa_name	True	True	False	16	31	9	8
Saint Michaels church	unmatched	False	False	False	0	0	0	0
Sairleysburg R.D.	spelling	False	False	False	0	1	0	0
Sairleysburg Rd	spelling	False	False	False	0	1	0	0
Salem	mnt	True	True	False	91	101	83	174
Salida	mnt	True	True	False	5	33	5	20
Salisbury	mnt	True	True	False	21	23	17	134
Salisbury Route 3 Shaping Mill section	unmatched	False	False	False	0	0	0	0
Salt Lake City	mnt	True	True	False	2	1	1	187
Salt Lake County	transform	False	False	False	0	1	0	0
Salt Philpin	unmatched	False	False	False	0	0	0	0
Saltcreek township	transform	False	False	False	0	24	0	0
Saltzburg	spelling	True	True	False	1	4	1	1
Samuel McCubbins	unmatched	False	False	False	0	0	0	0
Samuel T. Herndon	unmatched	False	False	False	0	0	0	0
San Anselmo	mnt	True	True	False	1	1	1	11
San Antonio	mnt	True	True	False	22	39	16	143
San Benito	mnt	True	True	False	4	8	4	32
San Diego County	mnt	False	False	False	0	1	0	0
San Domingo Bay	unmatched	False	False	False	0	0	0	0
San Francisco	mnt	True	True	False	10	22	8	478
San Francisco (hotel window)	unmatched	False	False	False	0	0	0	0
San Francisco bay waters near the Marin county shore	unmatched	False	False	False	0	0	0	0
San Graben	unmatched	False	False	False	0	0	0	0
San Jacinto County	transform	False	False	False	0	1	0	0
San Joaquin River	mnt	False	True	False	1	1	1	1
San Lorenzo	mnt	True	True	False	9	26	7	41
San Luis	mnt	True	True	False	8	20	5	9
San Luis Obispo	mnt	True	True	False	2	2	2	143
San Luis Obispo CA hospital	unmatched	False	False	False	0	0	0	0
San Luis Rey Church	unmatched	False	False	False	0	0	0	0
San Mateo	mnt	True	True	False	8	11	6	179
San Quentin	mnt	True	True	False	2	2	1	6
San Rafael	mnt	True	True	False	6	30	6	39
Sanatorium Mehierau	unmatched	False	False	False	0	0	0	0
Sanatorium at Thomasville	unmatched	False	False	False	0	0	0	0
Sand Prairie township	transform	False	False	False	0	1	0	0
Sander County	spelling	False	False	False	0	30	0	0
Sandpoint	mnt	True	True	False	1	7	1	16
Sandusky	mnt	True	True	False	15	15	14	209
Sandwich	mnt	True	True	False	6	7	4	50
Sandyville	mnt	True	True	False	5	11	5	7
Sanilac County	transform	False	False	False	0	1	0	0
Santa Ana	mnt	True	True	False	9	24	5	39
Santa Barbara	mnt	True	True	False	4	4	3	148
Santa Fe	mnt	True	True	False	19	20	16	142
Santa Fe Espanola area	unmatched	False	False	False	0	0	0	0
Santamaria Clinic	unmatched	False	False	False	0	0	0	0
Santiago	mnt	True	True	False	23	28	15	7
Santiago military prison	unmatched	False	False	False	0	0	0	0
Sarah Jackson	unmatched	False	False	False	0	0	0	0
Sarasota	mnt	True	True	False	8	2	2	67
Sarasota Memorial Hospital?	unmatched	False	False	False	0	0	0	0
Saratoga	mnt	True	True	False	32	30	28	328
Saratoga Springs	mnt	True	True	False	4	4	4	30
Sarbrook Drive	unmatched	False	False	False	0	0	0	0
Saskatchewan	mnt	True	True	False	2	1	1	512
Saudi Arabia	mnt	True	True	False	1	1	1	3
Saugerties	mnt	True	True	False	1	1	1	23
Saugus River	unmatched	False	False	False	0	0	0	0
Sault Ste. Marie	spelling	True	True	False	2	2	2	15
Savannah	mnt	True	True	False	15	18	15	50
Saxton	mnt	True	True	False	8	61	7	20
Sayre	mnt	True	True	False	6	14	6	26
Sayre and Wyalusing	unmatched	False	False	False	0	0	0	0
Scandia communities	unmatched	False	False	False	0	0	0	0
Scarborough	mnt	True	True	False	5	9	5	216
Schenectady	mnt	True	True	False	2	2	2	126
Schuylkill County	mnt	False	False	False	0	1	0	0
Schwartz apartment (West Philadelphia	unmatched	False	False	False	0	0	0	0
Schwarzwald	mnt	True	True	False	1	1	1	1
Scioto Memorial	unmatched	False	False	False	0	0	0	0
Scipio R1	unmatched	False	False	False	0	0	0	0
Scituate	mnt	True	True	False	3	3	3	53
Scotch Grove	mnt	True	True	False	2	2	2	7
Scotland	mnt	True	True	False	19	26	17	2964
Scotland County	transform	False	False	False	0	6	0	0
Scotland Neck	mnt	True	True	False	1	1	1	14
Scotstoun district	spelling	False	False	False	0	2	0	0
Scott	mnt	True	True	False	80	89	74	209
Scott County	transform	False	False	False	0	24	0	0
Scottsdale	mnt	True	True	False	7	13	7	27
Scottsdale hospice	unmatched	False	False	False	0	0	0	0
Scourhion	unmatched	False	False	False	0	0	0	0
Sea Island Hotel	unmatched	False	False	False	0	0	0	0
Seagrove	mnt	True	True	False	1	4	1	7
Seal Rock near Port Stephens lighthouse	unmatched	False	False	False	0	0	0	0
Seaman Funeral Home Inc.	unmatched	False	False	False	0	0	0	0
Seattle	mnt	True	True	False	2	5	2	133
Seattle VA Medical Center	unmatched	False	False	False	0	0	0	0
Second Avenue	unmatched	False	False	False	0	0	0	0
Second United Presbyterian church	unmatched	False	False	False	0	0	0	0
Second street	unmatched	False	False	False	0	0	0	0
Security	mnt	True	True	False	4	4	4	5
Sedalia	mnt	True	True	False	12	12	11	49
Sedalia and Fort Scott (prior to nursing home)	unmatched	False	False	False	0	0	0	0
Sefton Park	pa_name	False	False	False	0	1	0	0
Sehome	spelling	False	False	False	0	1	0	0
Sel fossi	spelling	False	False	False	0	1	0	0
Selby ave	unmatched	False	False	False	0	0	0	0
Selkirk	mnt	True	True	False	7	9	7	19
Sellwood	mnt	True	True	False	1	43	1	3
Selwyn	mnt	True	True	False	1	8	1	1
Selwyn farm	unmatched	False	False	False	0	0	0	0
Seminole	mnt	True	True	False	11	9	9	110
Senate	mnt	True	True	False	1	5	1	1
Seneca Cranberry Township	unmatched	False	False	False	0	0	0	0
Seneca county	transform	False	False	False	0	4	0	0
Senior Citizen Home	unmatched	False	False	False	0	0	0	0
Serra hall	unmatched	False	False	False	0	0	0	0
Seventeenth Avenue	unmatched	False	False	False	0	0	0	0
Seventy-fourth and State streets	unmatched	False	False	False	0	0	0	0
Sevilla	mnt	True	True	False	3	12	3	19
Seville	mnt	True	True	False	9	23	9	9
Seville Nursing Home	unmatched	False	False	False	0	0	0	0
Seymour House	unmatched	False	False	False	0	0	0	0
Sh. Barnabas Church	unmatched	False	False	False	0	0	0	0
Sha nee county	spelling	False	False	False	0	25	0	0
Shady Brooklyn Cabaret	unmatched	False	False	False	0	0	0	0
Shaffer Ave.	unmatched	False	False	False	0	0	0	0
Shafter	mnt	True	True	False	7	10	6	10
Shamrock	mnt	True	True	False	19	20	18	16
Shandon	mnt	True	True	False	4	34	4	6
Shanesville	mnt	True	True	False	2	8	2	4
Shanghai	mnt	True	True	False	7	8	7	24
Shank homestead	unmatched	False	False	False	0	0	0	0
Shannon house	unmatched	False	False	False	0	0	0	0
Shanta's bedroom	unmatched	False	False	False	0	0	0	0
Sharon	mnt	True	True	False	45	47	42	42
Shauna gviden	unmatched	False	False	False	0	0	0	0
Shaw Low	spelling	False	False	False	0	1	0	0
Shawnee	mnt	True	True	False	26	27	25	147
Shawnee Christian Nursing Center in Herrin	unmatched	False	False	False	0	0	0	0
Shawnee County	transform	False	False	False	0	3	0	0
Shawnee Medical Center Clinic	unmatched	False	False	False	0	0	0	0
Shawnee Park Pavilion	unmatched	False	False	False	0	0	0	0
Shawnee Township	transform	False	False	False	0	9	0	0
Shawvers Mill	spelling	False	False	False	0	1	0	0
Sheboygan County	mnt	False	False	False	0	3	0	0
Sheely Rd.	spelling	False	False	False	0	11	0	0
Sheep Creek mountains	unmatched	False	False	False	0	0	0	0
Sheffield	mnt	True	True	False	27	29	24	529
Shelbirn	spelling	False	False	False	0	3	0	0
Shelby	mnt	True	True	False	35	44	32	348
Shelby County	transform	False	False	False	0	21	0	0
Shelsley Beauchamp	mnt	False	True	False	1	1	1	4
Shenandoah Health Village Center	unmatched	False	False	False	0	0	0	0
Shenandoah county	mnt	False	False	False	0	3	0	0
Shenango Valley Home for Senior Citizens in Sharon	unmatched	False	False	False	0	0	0	0
Sheopshead Bay	spelling	False	False	False	0	1	0	0
Shereville	unmatched	False	False	False	0	0	0	0
Sheridan	mnt	True	True	False	63	63	62	72
Sheridan county Mo.	unmatched	False	False	False	0	0	0	0
Sherman	mnt	True	True	False	79	93	78	47
Sherman Oaks mansion	unmatched	False	False	False	0	0	0	0
Sherrystown	mnt	True	True	False	1	1	1	1
Shinnston	mnt	True	True	False	1	1	1	16
Ship Abe Marella	unmatched	False	False	False	0	0	0	0
Shirleysburg	mnt	True	True	False	1	1	1	18
Shoregate United Methodist Church	unmatched	False	False	False	0	0	0	0
Shoreham	mnt	True	True	False	6	6	5	35
Shorthills estate	unmatched	False	False	False	0	0	0	0
Show Low	mnt	True	True	False	2	1	1	10
Shreeve	spelling	False	False	False	0	4	0	0
Shreve	mnt	True	True	False	4	4	4	7
Shreveport	mnt	True	True	False	1	1	1	69
Shrewsbury	mnt	True	True	False	15	13	13	208
ShrinerNeushwan der Funeral Home	unmatched	False	False	False	0	0	0	0
Shriver	spelling	False	False	False	0	1	0	0
Shull hotel	unmatched	False	False	False	0	0	0	0
Shuts Corners	unmatched	False	False	False	0	0	0	0
Siakiyou county	spelling	False	False	False	0	1	0	0
Sicily	mnt	True	True	False	4	3	3	112
Sickler ranch on Reservation creek near Forsyth	unmatched	False	False	False	0	0	0	0
Sickles Corner	mnt	True	True	False	1	2	1	1
Sideling Hill	unmatched	False	False	False	0	0	0	0
Sikeston Rural Route	unmatched	False	False	False	0	0	0	0
Silver Bow County	transform	False	False	False	0	2	0	0
Silver Spring	mnt	True	True	False	4	16	4	13
Silver Stream Nursing Home	unmatched	False	False	False	0	0	0	0
Silverstreet	mnt	True	True	False	1	6	1	8
Silvis	mnt	True	True	False	1	7	1	11
SimsburyWeatogue	unmatched	False	False	False	0	0	0	0
Sinaia	pa_name	True	True	False	1	9	0	1
Sinclair	mnt	True	True	False	9	9	9	6
Sinking Valley	mnt	True	True	False	3	2	2	1
Sioux Rapids	mnt	True	True	False	1	1	1	10
Sir. Agness Church	unmatched	False	False	False	0	0	0	0
Sirews	unmatched	False	False	False	0	0	0	0
Sisseton Hospital	unmatched	False	False	False	0	0	0	0
Sixth avenue and Twenty eighth street	unmatched	False	False	False	0	0	0	0
Sk Lake Street	unmatched	False	False	False	0	0	0	0
Skyron Bucks County Airport	unmatched	False	False	False	0	0	0	0
Slatestone Road community	unmatched	False	False	False	0	0	0	0
Slavania	mnt	True	True	False	1	3	1	1
Sligo	mnt	True	True	False	11	11	10	10
Sloanestreet	mnt	True	True	False	1	1	1	1
Smartville	mnt	True	True	False	2	3	1	2
SmithBarr Manor Nursing Home	unmatched	False	False	False	0	0	0	0
Smithfield	mnt	True	True	False	31	34	28	29
Smithfield 3rd5th Ward chapel	unmatched	False	False	False	0	0	0	0
Smithfield Stake House	unmatched	False	False	False	0	0	0	0
Smyrna	mnt	True	True	False	25	24	24	13
Snake River Rehabilitation and Living Center	unmatched	False	False	False	0	0	0	0
Snyder avenue near Fourth alrch	unmatched	False	False	False	0	0	0	0
Snyder county	transform	False	False	False	0	7	0	0
So.	unmatched	False	False	False	0	0	0	0
Soerabain	unmatched	False	False	False	0	0	0	0
Sokliers and Sailors Memorial hospital	unmatched	False	False	False	0	0	0	0
Soldiers and Sailors Memorial Hospital	mnt	True	True	False	1	1	1	1
Somerset	mnt	True	True	False	42	39	37	1949
Sontana	mnt	False	True	False	1	21	1	1
Sour Lake	mnt	True	True	False	1	2	1	8
South	mnt	True	True	False	147	13	4	128
South Acton	mnt	True	True	False	2	2	2	4
South Ashfield	mnt	True	True	False	1	1	1	2
South Bay Village	unmatched	False	False	False	0	0	0	0
South Bend	mnt	True	True	False	11	21	11	80
South Boston	mnt	True	True	False	2	3	2	43
South Braintree	mnt	True	True	False	1	1	1	4
South Broad Street	unmatched	False	False	False	0	0	0	0
South Bronx	mnt	True	True	False	1	1	1	1
South Carolina	mnt	True	True	False	3	1	1	12348
South Cedar Street home	unmatched	False	False	False	0	0	0	0
South Charleston	mnt	True	True	False	2	3	2	17
South Chicago Heights	mnt	True	True	False	1	1	1	5
South Coast	unmatched	False	False	False	0	0	0	0
South Croydon	unmatched	False	False	False	0	0	0	0
South Dakota	mnt	True	True	False	3	1	1	8111
South Eagle Lake Road	unmatched	False	False	False	0	0	0	0
South East Ave	unmatched	False	False	False	0	0	0	0
South East Orange	unmatched	False	False	False	0	0	0	0
South Eighteenth street (home)	unmatched	False	False	False	0	0	0	0
South Glens Falls	mnt	True	True	False	1	1	1	11
South Holland	mnt	True	True	False	3	2	2	44
South Jacksonville	mnt	True	True	False	2	2	2	5
South Lawrence Avenue	unmatched	False	False	False	0	0	0	0
South Lowell	mnt	True	True	False	2	2	2	4
South Main Street	unmatched	False	False	False	0	0	0	0
South Ottumwa	mnt	True	True	False	1	1	1	1
South Plainfield	mnt	True	True	False	1	1	1	10
South Range Township	spelling	False	False	False	0	1	0	0
South River near Waynesboro	unmatched	False	False	False	0	0	0	0
South Road	unmatched	False	False	False	0	0	0	0
South Street	pa_name	False	False	False	0	5	0	0
South Street Road	unmatched	False	False	False	0	0	0	0
South Third street	unmatched	False	False	False	0	0	0	0
South Viet Nam	mnt	False	False	False	0	1	0	0
South Wales	mnt	True	True	False	3	4	2	9
Southeast Medical Center	unmatched	False	False	False	0	0	0	0
Southerton	mnt	True	True	False	1	3	1	1
Southington	mnt	True	True	False	2	3	2	38
Space 18	unmatched	False	False	False	0	0	0	0
Spain	mnt	True	True	False	4	12	4	363
Sparkesville	spelling	False	False	False	0	2	0	0
Sparta	mnt	True	True	False	29	32	27	32
Spencer	mnt	True	True	False	38	46	37	148
Spicer (home of her daughter)	unmatched	False	False	False	0	0	0	0
Spike Grove cemetery	unmatched	False	False	False	0	0	0	0
Spivak	mnt	True	True	False	1	2	1	2
Spokane	mnt	True	True	False	8	7	7	208
Spokane Falls	mnt	False	False	False	0	1	0	0
Sportsmens Lake near Wilkes-Barre	unmatched	False	False	False	0	0	0	0
Spring Grove	mnt	True	True	False	22	22	22	13
Springfield	mnt	True	True	False	85	89	79	170
Springfield Township	transform	False	False	False	0	38	0	0
Springfield hospital	unmatched	False	False	False	0	0	0	0
Springhill Township	transform	False	False	False	0	52	0	0
Spritfield	unmatched	False	False	False	0	0	0	0
Spruce Creek	mnt	True	True	False	2	2	2	7
Spruce Street	unmatched	False	False	False	0	0	0	0
Ssiacluse NoY	unmatched	False	False	False	0	0	0	0
St Anns hospital	mnt	False	True	False	2	1	1	1
St Catharines	mnt	True	True	False	1	4	1	4
St Galls Catholic church	unmatched	False	False	False	0	0	0	0
St James Episcopal Church	unmatched	False	False	False	0	0	0	0
St John	mnt	True	True	False	56	42	23	23
St Kilda	mnt	True	True	False	2	3	1	4
St Louis	mnt	True	True	False	12	16	7	357
St Marys church	spelling	True	True	False	7	26	3	1
St Michael	mnt	True	True	False	38	15	10	7
St Patrick's Church	mnt	False	False	False	0	3	0	0
St Therese Hospital	unmatched	False	False	False	0	0	0	0
St.	spelling	False	False	False	0	8	0	0
St. Agnes Cemetery (burial site)	unmatched	False	False	False	0	0	0	0
St. Albans	spelling	True	True	False	8	11	7	14
St. Aloysius Church	unmatched	False	False	False	0	0	0	0
St. Alphonsus Church	unmatched	False	False	False	0	0	0	0
St. Andrews Episcopal Church	unmatched	False	False	False	0	0	0	0
St. Andrews Episcopal Church in San Bruno	unmatched	False	False	False	0	0	0	0
St. Anne home	unmatched	False	False	False	0	0	0	0
St. Annes nursing home	unmatched	False	False	False	0	0	0	0
St. Annis Hospital	unmatched	False	False	False	0	0	0	0
St. Anthonys Hospital	unmatched	False	False	False	0	0	0	0
St. Augustine	mnt	True	True	False	4	5	3	14
St. Bartholomews Church	unmatched	False	False	False	0	0	0	0
St. Catherine	spelling	True	True	False	2	3	1	4
St. Catherines	spelling	True	True	False	1	1	0	1
St. Charles	name_variant	True	True	False	20	21	17	36
St. Charles Township	spelling	False	False	False	0	1	0	0
St. Clair Apts.	unmatched	False	False	False	0	0	0	0
St. Clairsville	spelling	True	True	False	2	2	2	3
St. ClementGÇÖs Catholic Church	unmatched	False	False	False	0	0	0	0
St. Columbias church 34 Haig	unmatched	False	False	False	0	0	0	0
St. Denis Church in Westport	unmatched	False	False	False	0	0	0	0
St. Edwards rectory	unmatched	False	False	False	0	0	0	0
St. Elisabeth Hospital	unmatched	False	False	False	0	0	0	0
St. Elizabeth	spelling	True	True	False	3	2	2	5
St. Francis Episcopal Church	unmatched	False	False	False	0	0	0	0
St. Francis Faculty Home	unmatched	False	False	False	0	0	0	0
St. Francis Hospital	unmatched	True	True	False	1	0	0	1
St. Francis Rectory	unmatched	False	False	False	0	0	0	0
St. Francis Xavier Church	unmatched	False	False	False	0	0	0	0
St. Francis de Sales Catholic Church in Manistique	unmatched	False	False	False	0	0	0	0
St. Francis hospital	unmatched	False	True	False	1	0	0	1
St. Francis hospital in Peoria	unmatched	False	False	False	0	0	0	0
St. Gaspar del Bufalo Church	unmatched	False	False	False	0	0	0	0
St. George	spelling	True	True	False	20	27	14	20
St. George's	spelling	True	True	False	5	8	3	3
St. Harlan	unmatched	False	False	False	0	0	0	0
St. Hospital	unmatched	False	False	False	0	0	0	0
St. Ignatius Church	unmatched	False	False	False	0	0	0	0
St. Jeas a Brethren parsonage	unmatched	False	False	False	0	0	0	0
St. Johannes German Evangelical Lutheran Church	unmatched	False	False	False	0	0	0	0
St. John Lutheran church of Nashua	unmatched	False	False	False	0	0	0	0
St. John's Episcopal Church	unmatched	False	False	False	0	0	0	0
St. Johns A.M.E. Church	unmatched	False	False	False	0	0	0	0
St. Johns Catholic Church in Carrollton	unmatched	False	False	False	0	0	0	0
St. Johns Church	unmatched	False	False	False	0	0	0	0
St. Johns Episcopal Church	unmatched	False	False	False	0	0	0	0
St. Joseph	name_variant	True	True	False	20	27	16	96
St. Joseph hospital	unmatched	False	True	False	4	0	0	3
St. Josephs Church	unmatched	False	False	False	0	0	0	0
St. Josephs Hospital	unmatched	True	True	False	1	0	0	1
St. Josephs church	unmatched	False	False	False	0	0	0	0
St. Josephs hospital	unmatched	False	True	False	1	0	0	1
St. Josephs nursing home	unmatched	False	False	False	0	0	0	0
St. Judes cemetery	unmatched	False	False	False	0	0	0	0
St. Kae church	unmatched	False	False	False	0	0	0	0
St. Kilda Nurse Beards	unmatched	False	False	False	0	0	0	0
St. Lawrence Catholic church	unmatched	False	False	False	0	0	0	0
St. Lawrence County	mnt	False	False	False	0	1	0	0
St. Lonin	unmatched	False	False	False	0	0	0	0
St. Louis	mnt	True	True	False	10	16	6	946
St. Louis Church	unmatched	False	False	False	0	0	0	0
St. Louis Church Rectory in Batesville	unmatched	False	False	False	0	0	0	0
St. Louis County	spelling	False	False	False	0	4	0	0
St. Lucys Catholic Church	unmatched	False	False	False	0	0	0	0
St. Luke's Hospital	unmatched	True	True	False	1	0	0	1
St. Lukes Hospice	unmatched	False	False	False	0	0	0	0
St. Lukes hospital	unmatched	False	False	False	0	0	0	0
St. Macys Cathedral	unmatched	False	False	False	0	0	0	0
St. Margaret Mary Church	unmatched	False	False	False	0	0	0	0
St. Margarets hog pila	unmatched	False	False	False	0	0	0	0
St. Mary	spelling	True	True	False	18	18	9	49
St. Mary's Church	spelling	False	False	False	0	23	0	0
St. Mary's Hospital	unmatched	True	True	False	5	0	0	3
St. Mary.	unmatched	False	False	False	0	0	0	0
St. Marylebone	unmatched	True	True	False	1	0	0	1
St. Marys Byzantine Catholic Church of Monessen	unmatched	False	False	False	0	0	0	0
St. Marys Catholic Church	unmatched	False	False	False	0	0	0	0
St. Marys Charen	unmatched	False	False	False	0	0	0	0
St. Marys Church in Alpena	unmatched	False	False	False	0	0	0	0
St. Marys County	mnt	False	False	False	0	1	0	0
St. Marys Hospital	unmatched	False	False	False	0	0	0	0
St. Marys Hospital and Medical Center	unmatched	False	False	False	0	0	0	0
St. Marys River	unmatched	False	False	False	0	0	0	0
St. Nicholas Byzantine Catholic Church	unmatched	False	False	False	0	0	0	0
St. OlafGÇÖs Catholic Church	unmatched	False	False	False	0	0	0	0
St. Olai Hospital	unmatched	False	False	False	0	0	0	0
St. Patrick's Catholic Church in Sheffield	unmatched	False	False	False	0	0	0	0
St. Patrick's Church	spelling	False	False	False	0	3	0	0
St. Patricks cathedral	unmatched	False	False	False	0	0	0	0
St. Paul	name_variant	True	True	False	11	22	9	137
St. Paul United Church of Christ	unmatched	False	False	False	0	0	0	0
St. Pauls Church	unmatched	False	False	False	0	0	0	0
St. Pauls Evangelical Lutheran Church in Brunkild	unmatched	False	False	False	0	0	0	0
St. Pauls Lutheran Church	unmatched	False	False	False	0	0	0	0
St. Pauls Lutheran church	unmatched	False	False	False	0	0	0	0
St. Pauls Lutheran church in Berne	unmatched	False	False	False	0	0	0	0
St. Pauls Wolf United Church of Christ	unmatched	False	False	False	0	0	0	0
St. Pauls ontheHill Episcopal Church	unmatched	False	False	False	0	0	0	0
St. Peter and Paul Catholic Church	unmatched	False	False	False	0	0	0	0
St. Peters Cathedral	unmatched	False	False	False	0	0	0	0
St. Peters Catholic Church	unmatched	False	False	False	0	0	0	0
St. Peters Church	unmatched	False	False	False	0	0	0	0
St. Peters Lutheran Church	unmatched	False	False	False	0	0	0	0
St. Petersburg	mnt	True	True	False	3	4	3	14
St. Rose of Lima Church at Cadott	unmatched	False	False	False	0	0	0	0
St. Rose of Lima's church	unmatched	False	False	False	0	0	0	0
St. Sebastians Catholic church	unmatched	False	False	False	0	0	0	0
St. Simons OnTheSound Episcopal Church	unmatched	False	False	False	0	0	0	0
St. Thaddeus Episcopal church	unmatched	False	False	False	0	0	0	0
St. Theresa Parish	unmatched	False	False	False	0	0	0	0
St. Ursula Roman Catholic Church	unmatched	False	False	False	0	0	0	0
St. Vincent hospital	unmatched	False	False	False	0	0	0	0
St. Vincent's church (Belfort)	unmatched	False	False	False	0	0	0	0
St. Vincet Hospital	unmatched	False	False	False	0	0	0	0
St. Wilfrids Church	unmatched	False	False	False	0	0	0	0
St.Georges Church	unmatched	False	False	False	0	0	0	0
St.Mary	spelling	True	True	False	1	18	1	1
Stafford farm	unmatched	False	False	False	0	0	0	0
Stage	mnt	True	True	False	2	17	2	2
Stamford Hill	mnt	False	True	False	1	1	1	12
Stanley	mnt	True	True	False	46	58	42	34
Stanton Hall	spelling	False	False	False	0	1	0	0
Staples	mnt	True	True	False	3	5	3	19
Staples Municipal hospital	unmatched	False	False	False	0	0	0	0
Star Route 2	transform	False	False	False	0	20	0	0
Stark County	mnt	True	True	False	1	46	0	1
Starkey farm	unmatched	False	False	False	0	0	0	0
State Ave crossing	unmatched	False	False	False	0	0	0	0
State Hospital in Jamestown	unmatched	False	False	False	0	0	0	0
State Route 135	spelling	False	False	False	0	22	0	0
State Route 56 near Laurelville	unmatched	False	False	False	0	0	0	0
State hospital	unmatched	False	True	False	2	0	0	1
State of California	mnt	False	False	False	0	2	0	0
State of Idaho	mnt	False	False	False	0	2	0	0
State of Indiana	mnt	False	False	False	0	7	0	0
State of Kansas	mnt	False	False	False	0	1	0	0
State of Michigan	mnt	False	False	False	0	2	0	0
State of New York	mnt	False	False	False	0	2	0	0
Stauffer Funeral Home	unmatched	False	False	False	0	0	0	0
Stayattesville	unmatched	False	False	False	0	0	0	0
Ste. Ros	unmatched	False	False	False	0	0	0	0
Stearnsrq@ crossing	unmatched	False	False	False	0	0	0	0
Steele County	transform	False	False	False	0	13	0	0
Steffee Ginea home with Rev. Crage	unmatched	False	False	False	0	0	0	0
Stellar Air Park area / crash site near Chandler	unmatched	False	False	False	0	0	0	0
Stephenson County	transform	False	False	False	0	2	0	0
Stephenson area	transform	False	False	False	0	10	0	0
Stephenson hospital	unmatched	False	False	False	0	0	0	0
Stephenville	mnt	True	True	False	6	5	4	27
Stephenville Convalescent Home	unmatched	False	False	False	0	0	0	0
Stepstons creek	unmatched	False	False	False	0	0	0	0
Sterling	mnt	True	True	False	48	49	41	37
Steubenville	mnt	True	True	False	4	5	4	74
Stewart	mnt	True	True	False	25	28	22	86
Stewart Street	unmatched	False	False	False	0	0	0	0
Stillwater	mnt	True	True	False	18	18	18	67
Stingley residence in Kingman	unmatched	False	False	False	0	0	0	0
Stockton	mnt	True	True	False	35	30	29	130
Stoke Poges	mnt	True	True	False	1	1	1	31
Stone Lutheran church	unmatched	False	False	False	0	0	0	0
Story County	transform	False	False	False	0	11	0	0
Stotford	spelling	True	True	False	1	8	1	1
Stoughton	mnt	True	True	False	6	6	6	25
Straban Twp.	transform	False	False	False	0	8	0	0
Straight	mnt	True	True	False	2	1	1	1
Strand Diner	unmatched	False	False	False	0	0	0	0
Stratton Island	unmatched	False	False	False	0	0	0	0
Strawberry Point United Methodist church	unmatched	False	False	False	0	0	0	0
Streatlam	spelling	True	True	False	1	3	0	2
Sturgeon Day	spelling	False	False	False	0	1	0	0
Sturtevant house	unmatched	False	False	False	0	0	0	0
Sufferin	spelling	False	False	False	0	5	0	0
Suffolk	mnt	True	True	False	11	7	7	3367
Sugar Camp	mnt	True	True	False	3	3	3	6
Sugar Creek	mnt	True	True	False	36	38	36	14
Sugar Grove	mnt	True	True	False	18	18	18	14
Sugar Valley	mnt	True	True	False	4	5	4	9
Sugarcreek Twp.	mnt	False	False	False	0	33	0	0
Sugarcreek church	unmatched	False	False	False	0	0	0	0
Suite 14	unmatched	False	False	False	0	0	0	0
Suitland	mnt	True	True	False	1	1	1	12
Sullivan County	mnt	False	False	False	0	3	0	0
Sullivan county	mnt	False	False	False	0	3	0	0
Sullivans Island	spelling	True	True	False	1	1	1	4
Summer road	unmatched	False	False	False	0	0	0	0
Summerhall	spelling	False	False	False	0	12	0	0
Summit	mnt	True	True	False	66	60	59	326
Sumter County	transform	True	True	False	1	57	0	1
Sun day	mnt	True	True	False	1	2	1	1
Suna beach near here	unmatched	False	False	False	0	0	0	0
Sunfield	mnt	True	True	False	2	9	2	10
Sunny Acres Nursing home	unmatched	False	False	False	0	0	0	0
Sunny Brae	mnt	True	True	False	2	4	2	1
Sunnyside Home	unmatched	False	False	False	0	0	0	0
Sunset Lane	spelling	False	False	False	0	1	0	0
Sur ry county	spelling	False	False	False	0	5	0	0
Surrey	mnt	True	True	False	11	12	9	1450
Susquehanna	mnt	True	True	False	8	7	7	235
Susquehanna River at Long Level	unmatched	False	False	False	0	0	0	0
Susquehanna River near Cooperstown	unmatched	False	False	False	0	0	0	0
Susquehanna avenue and America street	unmatched	False	False	False	0	0	0	0
Sussex	mnt	True	True	False	17	13	9	607
Sussex County	transform	True	True	False	1	6	0	1
Sutherlandshire	mnt	True	True	False	3	1	1	2
Swarthmore	mnt	True	True	False	2	1	1	11
Sweden	mnt	True	True	False	6	8	6	867
Swees	spelling	False	False	False	0	5	0	0
Swift Bu	unmatched	False	False	False	0	0	0	0
Swisavale	spelling	False	False	False	0	3	0	0
Swisher Memorial Hospital	mnt	False	False	False	0	1	0	0
Swiss Village	unmatched	False	False	False	0	0	0	0
Switzerland	mnt	True	True	False	5	5	5	622
Syaney Hospital	unmatched	False	False	False	0	0	0	0
Sycamore	mnt	True	True	False	28	31	28	33
Sydney	mnt	True	True	False	9	31	9	31
Sylvan Hills	mnt	True	True	False	4	5	4	1
Symmes	mnt	True	True	False	3	4	3	5
Syracuse	mnt	True	True	False	12	10	9	312
T. C. Seyler	unmatched	False	False	False	0	0	0	0
TH	mnt	False	False	False	0	1	0	0
TIL	unmatched	False	False	False	0	0	0	0
TL	mnt	False	False	False	0	1	0	0
TUNGRING	unmatched	False	False	False	0	0	0	0
TX	mnt	True	True	False	1	28	1	4040
Tabor	mnt	True	True	False	19	30	16	10
Tacoma	mnt	True	True	False	9	24	9	127
Tacoma hotel	unmatched	False	False	False	0	0	0	0
Taffs Well	spelling	False	True	False	1	1	1	1
Tagle River	spelling	False	False	False	0	3	0	0
Tahlequah	mnt	True	True	False	2	2	2	17
Talbot County	mnt	False	False	False	0	4	0	0
Talesboro	spelling	False	False	False	0	2	0	0
Talladega County	transform	False	False	False	0	1	0	0
Tama County	transform	False	False	False	0	1	0	0
Tamps.	abbreviation	True	True	False	1	1	1	1
Taney county	transform	False	False	False	0	35	0	0
Tannersville	mnt	True	True	False	4	5	4	9
Tarbolton district	mnt	False	False	False	0	1	0	0
Tarbox Cemetery Rd.	unmatched	False	False	False	0	0	0	0
Tarland	mnt	False	True	False	1	42	1	1
Tarrytown	mnt	True	True	False	5	15	5	27
Tasmania	mnt	True	True	False	1	1	1	41
Taylor Medical Center	unmatched	False	False	False	0	0	0	0
Taylor Township	transform	False	False	False	0	55	0	0
Tazewell county	mnt	False	False	False	0	1	0	0
Teague	mnt	True	True	False	3	5	3	8
Techny	mnt	True	True	False	1	1	1	6
Tecklew hill	unmatched	False	False	False	0	0	0	0
Teeryville	spelling	False	False	False	0	6	0	0
Tegucigalpa	mnt	True	True	False	1	1	1	1
Telelmebir	unmatched	False	False	False	0	0	0	0
Tempe Hospital?	unmatched	False	False	False	0	0	0	0
Temple	mnt	True	True	False	19	19	13	39
Temple area	transform	False	False	False	0	19	0	0
Temple sanitarium	unmatched	False	False	False	0	0	0	0
Tenn.	mnt	True	True	False	1	7	1	490
Tennessee	mnt	True	True	False	10	6	5	19878
Terra Nova Hotel	unmatched	False	False	False	0	0	0	0
Terre Haute	mnt	True	True	False	5	7	5	89
Tesus City	unmatched	False	False	False	0	0	0	0
Tex.	mnt	True	True	False	1	28	1	164
Texarkana	mnt	True	True	False	2	2	2	28
Texas	mnt	True	True	False	30	31	26	33692
Texas City	mnt	True	True	False	2	2	2	24
Texas City bayou	unmatched	False	False	False	0	0	0	0
Texas Township	transform	False	False	False	0	12	0	0
Teyloe hospital	unmatched	False	False	False	0	0	0	0
Thald	spelling	False	False	False	0	3	0	0
Thdlaute	unmatched	False	False	False	0	0	0	0
The Abbe Wood	unmatched	False	False	False	0	0	0	0
The Albemarle	unmatched	False	False	False	0	0	0	0
The Dalles	mnt	True	True	False	2	1	1	17
The New York Nursery and Childs hospital	unmatched	False	False	False	0	0	0	0
The Shades	unmatched	False	False	False	0	0	0	0
The Shady Lawn Nursing Home	unmatched	False	False	False	0	0	0	0
The Village Health Care Center	unmatched	False	False	False	0	0	0	0
The death occurred as reported in the locality	unmatched	False	False	False	0	0	0	0
Theodore	mnt	True	True	False	6	8	5	11
Theresa	mnt	True	True	False	3	5	3	9
Thermopolis	mnt	True	True	False	1	1	1	17
Third street entrance to Prospect Park	unmatched	False	False	False	0	0	0	0
Thirteenth Street crossing	unmatched	False	False	False	0	0	0	0
This County	unmatched	False	False	False	0	0	0	0
Thomas Ross	unmatched	False	False	False	0	0	0	0
Thomas and Grady counties	unmatched	False	False	False	0	0	0	0
Thomas county	transform	False	False	False	0	6	0	0
Thomas township near Saginaw city	unmatched	False	False	False	0	0	0	0
Thomasville	mnt	True	True	False	12	13	12	33
Thompson	mnt	True	True	False	36	41	33	28
Thompson Erinte	unmatched	False	False	False	0	0	0	0
Thompson hill	pa_name	False	False	False	0	3	0	0
Three Springs	mnt	True	True	False	3	4	3	17
Three Springs R.D. 1	transform	False	False	False	0	4	0	0
Three miles north of St. Pauls on the Fayetteville Highway	unmatched	False	False	False	0	0	0	0
Three miles northeast of Crawfordsville	unmatched	False	False	False	0	0	0	0
Throga Neck	spelling	False	False	False	0	1	0	0
Thuringen	mnt	True	True	False	1	1	1	4
Thurlow	mnt	True	True	False	3	3	3	3
Thurmont R	unmatched	False	False	False	0	0	0	0
Ti	mnt	True	True	False	1	1	1	1
Tianesta RD 4	spelling	False	False	False	0	3	0	0
Ticino	mnt	True	True	False	1	1	1	11
Tidicote	unmatched	False	False	False	0	0	0	0
Tie Jay street	unmatched	False	False	False	0	0	0	0
Tignish	pa_name	False	False	False	0	1	0	0
Tile	mnt	True	True	False	1	1	1	1
Times Square movie theater	unmatched	False	False	False	0	0	0	0
Timmins Hospital Barn	unmatched	False	False	False	0	0	0	0
Tina	mnt	True	True	True	3	3	3	7
Tintah	mnt	True	True	False	1	5	1	6
Tioga County	transform	False	False	False	0	7	0	0
Tioga General Hospital	unmatched	False	False	False	0	0	0	0
Tippecanoe County	mnt	False	False	False	0	1	0	0
Tippecanoe county	mnt	False	False	False	0	1	0	0
Tipton (near Tipton)	unmatched	False	False	False	0	0	0	0
Tipton First Baptist Church	unmatched	False	False	False	0	0	0	0
Tiron	spelling	False	False	True	0	20	0	0
Titusville	mnt	True	True	False	4	4	4	45
Toledo	mnt	True	True	False	17	24	17	158
Tollock	spelling	False	False	False	0	5	0	0
Toluca	mnt	True	True	False	7	7	7	13
Tomahawk	mnt	True	True	False	7	9	7	19
Tonawanda	mnt	True	True	False	2	2	2	31
Tongfellow Street	unmatched	False	False	False	0	0	0	0
Tongue River	unmatched	True	True	False	1	0	0	1
Topeka	mnt	True	True	False	4	4	4	109
TorEeng	unmatched	False	False	False	0	0	0	0
Toronto	mnt	True	True	False	10	11	10	114
Torrens Road	unmatched	False	False	False	0	0	0	0
Tosawich	unmatched	False	False	False	0	0	0	0
Tostrup	spelling	False	False	False	0	2	0	0
Toton county	spelling	False	False	False	0	24	0	0
Touchat	spelling	False	False	False	0	1	0	0
Toulon Baptist church	unmatched	False	False	False	0	0	0	0
Towanda	mnt	True	True	False	5	7	4	37
Town Hall	mnt	True	True	False	1	8	1	1
Town of Albion road	unmatched	False	False	False	0	0	0	0
Town of Andes	mnt	False	False	False	0	9	0	0
Town of Corinth	transform	False	False	False	0	6	0	0
Town of Dane	mnt	False	False	False	0	1	0	0
Town of Geddes	mnt	False	False	False	0	1	0	0
Town of Granville	transform	False	False	False	0	24	0	0
Town of Sharon	transform	False	False	False	0	8	0	0
Town of Ulster	mnt	False	False	False	0	4	0	0
Town of York	transform	False	False	False	0	6	0	0
Townsend	mnt	True	True	False	18	33	16	15
Townsville Cemetery	unmatched	False	False	False	0	0	0	0
Traill street	unmatched	False	False	False	0	0	0	0
Travis Parks	unmatched	False	False	False	0	0	0	0
Tri	mnt	True	True	False	2	1	1	2
TriCity Speedway	unmatched	False	False	False	0	0	0	0
TriState Hospital	unmatched	False	False	False	0	0	0	0
Trinity	mnt	True	True	False	26	22	21	90
Trinity Cathedral in Omaha	unmatched	False	False	False	0	0	0	0
Trinity Lutheran Church	mnt	True	True	False	5	6	5	1
Trinity Lutheran Church in Alamogordo	unmatched	False	False	False	0	0	0	0
Trinity Methodist Church	unmatched	False	False	False	0	0	0	0
Trivoli Township	transform	False	False	False	0	17	0	0
Trotwood	mnt	True	True	False	1	1	1	8
Troy	mnt	True	True	False	63	57	57	99
Troy RD 3	transform	False	False	False	0	57	0	0
Trumble County Hospital	unmatched	False	False	False	0	0	0	0
Tt. D. 1	unmatched	False	False	False	0	0	0	0
Tuam	mnt	True	True	False	1	1	1	6
Tucson	mnt	True	True	False	2	2	2	53
Tujunga	mnt	True	True	False	1	1	1	7
Tulsa	mnt	True	True	False	3	16	3	105
Tunnelston	spelling	False	False	False	0	3	0	0
Tuolumne County	transform	False	False	False	0	1	0	0
Tupelo	mnt	True	True	False	5	5	5	23
Turkey Creek area west of the Turkey Creek Bridge on the Taylor Waterloo Road	unmatched	False	False	False	0	0	0	0
Tuscarawas	mnt	True	True	False	4	4	4	283
Tuscarawas County	mnt	False	False	False	0	1	0	0
Tuscarora Mountain near McConnellsburg	unmatched	False	False	False	0	0	0	0
Tweed River N.S.W.	unmatched	False	False	False	0	0	0	0
Tweeten Memorial Hospital	unmatched	False	False	False	0	0	0	0
Twentieth and Spear streets	unmatched	False	False	False	0	0	0	0
Twentyfifth street	unmatched	False	False	False	0	0	0	0
Twilight Rest Home	unmatched	False	False	False	0	0	0	0
Twin Falls	mnt	True	True	False	3	3	3	128
Twin Falls County	transform	False	False	False	0	1	0	0
Twin Falls county	transform	False	False	False	0	1	0	0
Twin Lows Road	unmatched	False	False	False	0	0	0	0
Twin Peaks apartment	unmatched	False	False	False	0	0	0	0
Twin Towers	unmatched	False	False	False	0	0	0	0
Twin county recorder's office	unmatched	False	False	False	0	0	0	0
Tyler Mountain	mnt	True	True	False	1	1	1	2
Tyler Road	unmatched	False	False	False	0	0	0	0
Tyrone	mnt	True	True	False	26	26	24	44
Tyrone R.D. 1	transform	False	False	False	0	26	0	0
Tyrone RD 4	transform	False	False	False	0	26	0	0
U.	unmatched	False	False	False	0	0	0	0
U. S. 166 about two miles east of South Haven	unmatched	False	False	False	0	0	0	0
U. S. 331 five miles north of Laverne	unmatched	False	False	False	0	0	0	0
U. S. Army Hospital	unmatched	False	False	False	0	0	0	0
U. S. Naval hospital	unmatched	False	False	False	0	0	0	0
U. S. Route 1	transform	False	False	False	0	1	0	0
U. S. Veterans hospital in Huntington	unmatched	False	False	False	0	0	0	0
U.S. 36 west of Rockville	unmatched	False	False	False	0	0	0	0
U.S. 52 bypass at Lafayette	unmatched	False	False	False	0	0	0	0
U.S. 70 at the south edge of Clovis	unmatched	False	False	False	0	0	0	0
U.S. 73	unmatched	False	False	False	0	0	0	0
U.S. Highway 40 near the bridge over the Pennsylvania railroad	unmatched	False	False	False	0	0	0	0
U.S. Highway 66	unmatched	False	False	False	0	0	0	0
U.S. Highway 80	unmatched	False	False	False	0	0	0	0
U.S.A.	mnt	True	True	False	1	1	1	52
UF Hospital	unmatched	False	False	False	0	0	0	0
UL	unmatched	False	False	False	0	0	0	0
US High street	unmatched	False	False	False	0	0	0	0
US12 west of Coldwater	unmatched	False	False	False	0	0	0	0
Uaetel grande	unmatched	False	False	False	0	0	0	0
Uh richtsville	unmatched	False	False	False	0	0	0	0
Ukrainian Reader Hall	unmatched	False	False	False	0	0	0	0
Underwood	mnt	True	True	False	16	17	15	6
Undon City	spelling	False	False	False	0	17	0	0
Union City	mnt	True	True	False	17	17	17	20
Union County	transform	True	True	False	1	21	0	1
Union County Hospital	unmatched	False	False	False	0	0	0	0
Union Methodist Episcopal parsonage	unmatched	False	False	False	0	0	0	0
Union Railway Company powerhouse	unmatched	False	False	False	0	0	0	0
Uniontown	mnt	True	True	False	21	19	17	66
Unionville	mnt	True	True	False	20	19	18	18
United Church CE Building	unmatched	False	False	False	0	0	0	0
United Methodist Church in Aurelia	unmatched	False	False	False	0	0	0	0
United Methodist Home in Laporte	unmatched	False	False	False	0	0	0	0
United States	mnt	True	True	False	15	1	1	85407
United States Naval Hospital at San Diego	unmatched	False	False	False	0	0	0	0
United States gunboat Bennington	unmatched	False	False	False	0	0	0	0
Unity Point HealthTrinity Regional Medical Center	unmatched	False	False	False	0	0	0	0
University City	mnt	True	True	False	3	3	3	12
University Heights	mnt	True	True	False	12	12	12	4
University Hospital	unmatched	True	True	False	2	0	0	2
University of Maryland Hospitals trauma unit	unmatched	False	False	False	0	0	0	0
University of Pennsylvania	mnt	True	True	False	1	1	1	3
University of Utah Medical Center	unmatched	False	False	False	0	0	0	0
Unoccupied United Presbyterian Church parsonage	unmatched	False	False	False	0	0	0	0
Unstern Sanitarium	unmatched	False	False	False	0	0	0	0
Unter Schozenthal	unmatched	False	False	False	0	0	0	0
Upper Mangerville	unmatched	False	False	False	0	0	0	0
Upper Marsh Creek Church of the Brethren	unmatched	False	False	False	0	0	0	0
Upper Montclaire	spelling	False	False	False	0	1	0	0
Upper Providence	mnt	True	True	False	2	2	2	7
Upper Sandusky	mnt	True	True	False	1	1	1	23
Upper Victoria	unmatched	False	False	False	0	0	0	0
Upper West Tennessee	unmatched	False	False	False	0	0	0	0
Upshur County	transform	False	False	False	0	2	0	0
Upton street	unmatched	False	False	False	0	0	0	0
Urbana	mnt	True	True	False	13	24	13	30
Us county	unmatched	False	False	False	0	0	0	0
Utah	mnt	True	True	False	11	5	5	7722
V. A. Hospital in Miles City	unmatched	False	False	False	0	0	0	0
V2.	unmatched	False	False	False	0	0	0	0
VA	mnt	True	True	False	2	21	1	2690
VT	mnt	True	True	False	1	6	1	855
Va	mnt	True	True	False	2	21	1	2690
Va.	mnt	True	True	False	1	21	1	1114
Vajont Dam disaster	unmatched	False	False	False	0	0	0	0
Valdosta	mnt	True	True	False	2	3	2	22
Valle 202	unmatched	False	False	False	0	0	0	0
Valley Methodist Church	unmatched	False	False	False	0	0	0	0
Valley View Home	mnt	True	True	False	1	1	1	1
Valley View Terrace	mnt	True	True	False	1	1	1	1
Valmeyer	mnt	True	True	False	1	1	1	9
Valparaiso	mnt	True	True	False	6	5	4	35
Van Buren County	mnt	False	False	False	0	1	0	0
Van Duyn Center for Rehabilitation and Nursing in Syracuse	unmatched	False	False	False	0	0	0	0
Vance air force base hospital	unmatched	False	False	False	0	0	0	0
Vancouver	mnt	True	True	False	2	2	2	54
Vanderarift	spelling	False	False	False	0	1	0	0
Vandergrift Heights	mnt	True	True	False	1	1	1	3
Vanderlieth Living Center	unmatched	False	False	False	0	0	0	0
Vanport	mnt	True	True	False	1	1	1	10
Varade Street	unmatched	False	False	False	0	0	0	0
Varreberg	unmatched	False	False	False	0	0	0	0
Vatican Palace	unmatched	False	False	False	0	0	0	0
Ven dome hotel	unmatched	False	False	False	0	0	0	0
Venango County	mnt	False	False	False	0	2	0	0
Venice	mnt	True	True	False	18	20	15	14
Venice Beach boardwalk	unmatched	False	False	False	0	0	0	0
Venice Gardens	mnt	True	True	False	1	1	1	1
Venice Memorial Hospital	unmatched	False	False	False	0	0	0	0
Ventua	spelling	False	False	False	0	6	0	0
Ventura	mnt	True	True	False	6	8	6	164
Ventura County	mnt	False	False	False	0	3	0	0
Verdun	mnt	True	True	False	6	13	5	6
Verlor	spelling	False	False	False	0	2	0	0
Vermont	mnt	True	True	False	8	10	5	4204
Verna neighborhood	transform	False	False	False	0	69	0	0
Vernon	mnt	True	True	False	63	65	58	174
Verona	mnt	True	True	False	27	39	26	21
Versailles	mnt	True	True	False	14	15	13	18
Veterans Administration Hospital at Houston	unmatched	False	False	False	0	0	0	0
Veterans Affairs hospital	unmatched	False	False	False	0	0	0	0
Veterans hospital	unmatched	False	True	False	1	0	0	1
Veterans hospital at Legion	unmatched	False	False	False	0	0	0	0
Vicarage	mnt	True	True	False	1	1	1	1
Vicksburg	mnt	True	True	False	12	15	12	31
Victor	mnt	True	True	False	29	41	27	13
Victoria	mnt	True	True	False	44	46	36	257
Vienna	mnt	True	True	False	29	29	25	24
Vietnam	mnt	True	True	False	2	2	2	115
Vigo County	mnt	False	False	False	0	1	0	0
Villa Flectra Clinic	unmatched	False	False	False	0	0	0	0
Village	mnt	True	True	False	6	5	4	19
Village of Blabon	spelling	False	False	False	0	3	0	0
Village of Larchmont	spelling	False	False	False	0	1	0	0
Village of Neid	unmatched	False	False	False	0	0	0	0
Vincennes	mnt	True	True	False	4	4	4	40
Vincent cafe	unmatched	False	False	False	0	0	0	0
Vine yard	spelling	False	False	False	0	10	0	0
Vineyard ranch	unmatched	False	False	False	0	0	0	0
Vining Congregational Church	unmatched	False	False	False	0	0	0	0
Virginia	mnt	True	True	False	27	22	17	20295
Virginia City	mnt	True	True	False	4	4	4	10
Virginia Dare resort	unmatched	False	False	False	0	0	0	0
Virginia Legislature	unmatched	False	False	False	0	0	0	0
Virginiaars	unmatched	False	False	False	0	0	0	0
Virtua Health Memorial Hospital	unmatched	False	False	False	0	0	0	0
Vitlo WaAytng	unmatched	False	False	False	0	0	0	0
Vivenant	unmatched	False	False	False	0	0	0	0
Voorheesville	mnt	True	True	False	1	1	1	9
Voorheesville road	unmatched	False	False	False	0	0	0	0
Vopnafirdi	mnt	True	True	False	1	1	1	1
Vorster	spelling	False	False	False	0	3	0	0
Vrove	spelling	False	False	False	0	32	0	0
Vt	mnt	True	True	False	1	6	1	855
Vt.	mnt	True	True	False	1	6	1	8
W	unmatched	False	False	True	0	0	0	0
W.	unmatched	False	False	False	0	0	0	0
W. St. Paul	unmatched	True	True	False	1	0	0	1
W. Va	mnt	True	True	False	1	1	1	1
W. Va.	mnt	True	True	False	1	1	1	1
W. Va. 16 at Dixie	unmatched	False	False	False	0	0	0	0
W.C.A. Hospital	unmatched	False	False	False	0	0	0	0
W.Va	mnt	True	True	False	1	1	1	1
W.Va.	mnt	True	True	False	1	1	1	1
W.va.	mnt	False	True	False	1	1	1	1
WALKERS CLEANERS	unmatched	False	False	False	0	0	0	0
WI	mnt	True	True	False	1	3	1	2663
WI.	mnt	True	True	False	1	3	1	24
WM Moss Ave	unmatched	False	False	False	0	0	0	0
WV-62 about one mile north of Buffalo	unmatched	False	False	False	0	0	0	0
Wa.	mnt	True	True	False	1	320	1	44
Wabash	mnt	True	True	False	17	20	17	124
Waco	mnt	True	True	False	13	13	13	70
Wadsworth	mnt	True	True	False	13	16	12	45
Waerox	unmatched	False	False	False	0	0	0	0
Wagga	mnt	True	True	False	1	2	1	2
Wahatoa	unmatched	False	False	False	0	0	0	0
Wailerawunge road	unmatched	False	False	False	0	0	0	0
Waiting Room	unmatched	False	False	False	0	0	0	0
Wakefield	mnt	True	True	False	32	36	25	353
Walcott	mnt	True	True	False	12	26	12	8
Wales	mnt	True	True	False	20	38	16	1035
Walker Township	transform	False	False	False	0	33	0	0
Walla Walla	mnt	True	True	False	4	5	4	128
Wallingford	mnt	True	True	False	10	8	8	104
Wallington	mnt	True	True	False	9	70	7	17
Walnut	mnt	True	True	False	50	45	44	16
Walnut Avenue and Coll Street	unmatched	False	False	False	0	0	0	0
Walnut Cove	mnt	True	True	False	2	2	2	13
Walnut Creek	mnt	True	True	False	10	10	10	20
Walthorpe Funeral Chapel	unmatched	False	False	False	0	0	0	0
Walton	mnt	True	True	False	48	155	34	114
Wamac	mnt	True	True	False	1	5	1	5
Wandlig	unmatched	False	False	False	0	0	0	0
Wantona	unmatched	False	False	False	0	0	0	0
Wapakoneta	mnt	True	True	False	1	1	1	23
Wapello County	mnt	False	False	False	0	5	0	0
Wapsinicon river	unmatched	False	False	False	0	0	0	0
War zone C northwest of Saigon	unmatched	False	False	False	0	0	0	0
Warathh Bloxgital	unmatched	False	False	False	0	0	0	0
Wardner Russells sugar mill	unmatched	False	False	False	0	0	0	0
Wardville	mnt	True	True	False	3	7	3	5
Wareham	mnt	True	True	False	4	8	2	75
Warleigh	mnt	True	True	False	1	6	1	1
Warren	mnt	True	True	False	85	95	76	223
Warren Air Force Base	unmatched	False	False	False	0	0	0	0
Warren County	transform	False	False	False	0	31	0	0
Warren General Hospital	mnt	False	False	False	0	1	0	0
Warren residence	unmatched	False	False	False	0	0	0	0
Warrensburg	mnt	True	True	False	6	5	5	19
Warrensburg State Teachers College	unmatched	False	False	False	0	0	0	0
Warrenton	mnt	True	True	False	14	17	14	23
Warrington United Methodist Church	unmatched	False	False	False	0	0	0	0
Warriors Mark valley (old Trimble homestead)	unmatched	False	False	False	0	0	0	0
Wash	mnt	True	True	False	24	321	24	265
Wash street	spelling	False	False	False	0	3	0	0
Wash.	mnt	True	True	False	2	321	2	332
Washington	mnt	True	True	False	351	326	320	11847
Washington County	transform	True	True	False	1	34	0	1
Washington County Hospital	mnt	True	True	False	1	1	0	3
Washington County near State Line	unmatched	False	False	False	0	0	0	0
Washington St.	unmatched	False	False	False	0	0	0	0
Washington Township	transform	True	True	False	1	248	0	1
Washington coun	unmatched	False	False	False	0	0	0	0
Washington county	transform	False	True	False	1	34	0	1
Washington suburbs	unmatched	False	False	False	0	0	0	0
Washington township near Ewing	unmatched	False	False	False	0	0	0	0
Washingtonville	mnt	True	True	False	3	3	3	11
Washington|Pennsylvania	unmatched	False	False	False	0	0	0	0
Washtenaw	mnt	True	True	False	1	1	1	204
Watauga County	transform	False	False	False	0	3	0	0
Waterloo	mnt	True	True	False	45	51	42	64
Watertown	mnt	True	True	False	17	23	16	104
Watseka	mnt	True	True	False	1	1	1	17
Watson	mnt	True	True	False	30	45	30	9
Waukegan	mnt	True	True	False	3	4	3	51
Waukesha	mnt	True	True	False	2	2	2	177
Waukesha County	transform	False	False	False	0	1	0	0
Waushara County	transform	False	False	False	0	1	0	0
Wawanesa	mnt	True	True	False	1	1	1	3
Wawanesa United Church	unmatched	False	False	False	0	0	0	0
Waymesboro	spelling	False	False	False	0	6	0	0
Wayne	mnt	True	True	False	102	131	97	573
Wayne County	transform	False	False	False	0	49	0	0
Wayne Hospital	unmatched	False	False	False	0	0	0	0
Waynesboro	mnt	True	True	False	7	6	6	44
Waynesville	mnt	True	True	False	7	29	7	25
Weat Newbury	spelling	False	False	False	0	2	0	0
Weatherford	mnt	True	True	False	3	3	3	25
Weatherford Highway in Fort Worth	unmatched	False	False	False	0	0	0	0
Webb City	mnt	True	True	False	3	3	3	18
Weber County	transform	False	False	False	0	18	0	0
Webster County	transform	False	False	False	0	7	0	0
Wecheptonets	unmatched	False	False	False	0	0	0	0
Wedding Gazebo at Disneys Yacht Club in Walt Disney World	unmatched	False	False	False	0	0	0	0
Weechdale Road	unmatched	False	False	False	0	0	0	0
Weepawa	spelling	False	False	False	0	2	0	0
Weepawa United Church parsonage	unmatched	False	False	False	0	0	0	0
Weerford	spelling	False	False	False	0	2	0	0
Weight township	spelling	False	False	False	0	32	0	0
Weigis	unmatched	False	False	False	0	0	0	0
Weingell	unmatched	False	False	False	0	0	0	0
Weirton	mnt	True	True	False	1	3	1	48
Weka Street	unmatched	False	False	False	0	0	0	0
Wellclose Square lodginghouse	unmatched	False	False	False	0	0	0	0
Wellesley Hills	mnt	True	True	False	1	1	1	9
Wellington	mnt	True	True	False	47	74	41	94
Wellington Street	unmatched	False	False	False	0	0	0	0
Wellington public hospital	unmatched	False	False	False	0	0	0	0
Wells Tannery	mnt	True	True	False	1	1	1	6
Wellsboro	mnt	True	True	False	3	4	3	22
Wellsburg	mnt	True	True	False	7	11	6	29
Wellsville	mnt	True	True	False	11	15	11	22
Welona hospital	unmatched	False	False	False	0	0	0	0
Wendling	mnt	True	True	False	2	2	2	6
Wenona	mnt	True	True	False	4	36	4	13
Wergen Beach	spelling	False	False	False	0	1	0	0
Wesley Bailey	unmatched	False	False	False	0	0	0	0
Wesleyan Arms Inc.	unmatched	False	False	False	0	0	0	0
Wesleyan Methodist parsonage	unmatched	False	False	False	0	0	0	0
West 15th St.	unmatched	False	False	False	0	0	0	0
West 5th street	unmatched	False	False	False	0	0	0	0
West Burlington	mnt	True	True	False	4	4	4	10
West Burlington Church	unmatched	False	False	False	0	0	0	0
West Central Community Hospital in Clinton	unmatched	False	False	False	0	0	0	0
West Clark street	unmatched	False	False	False	0	0	0	0
West Des Moines	mnt	True	True	False	2	2	2	8
West End	mnt	True	True	False	23	68	21	6
West Falls	mnt	True	True	False	2	2	2	7
West Germany	mnt	True	True	False	1	1	1	1
West Grand street	unmatched	False	False	False	0	0	0	0
West Hanover plant of National Fireworks	unmatched	False	False	False	0	0	0	0
West Huntington	mnt	True	True	False	1	2	1	2
West Jefferson	mnt	True	True	False	5	5	5	12
West Liberty	mnt	True	True	False	12	10	10	13
West Main Street	unmatched	False	False	False	0	0	0	0
West Monroe	mnt	True	True	False	3	3	3	19
West Monter ay	unmatched	False	False	False	0	0	0	0
West Newbury	mnt	True	True	False	2	2	2	11
West Palm Beach	mnt	True	True	False	1	1	1	31
West Paum Beach	spelling	False	False	False	0	1	0	0
West Perth	mnt	True	True	False	1	3	1	2
West Philadelphia	mnt	True	True	False	3	3	3	5
West Point	mnt	True	True	False	29	30	28	25
West Riding of Yorkshire	mnt	False	False	False	0	1	0	0
West Side	mnt	True	True	False	16	17	6	7
West Side Methodist Episcopal church	unmatched	False	False	False	0	0	0	0
West Side apartment?	unmatched	False	False	False	0	0	0	0
West Simsbury	mnt	True	True	False	1	1	1	8
West Spring Street	unmatched	False	False	False	0	0	0	0
West Texas	mnt	False	False	False	0	1	0	0
West Union	mnt	True	True	False	12	12	12	26
West Virginia	mnt	True	True	False	4	2	2	15446
West Whitehall Street	unmatched	False	False	False	0	0	0	0
Westchester County	mnt	False	False	False	0	8	0	0
Western Australia	mnt	True	True	False	1	1	1	4
Western Pike near Clear Spring	unmatched	False	False	False	0	0	0	0
Western part of the township of Freeborn	unmatched	False	False	False	0	0	0	0
Westerzoland	unmatched	False	False	False	0	0	0	0
Westgate Plaza	unmatched	False	False	False	0	0	0	0
Westminster	mnt	True	True	False	21	20	17	331
Westminster Presbyterian Church	unmatched	False	False	False	0	0	0	0
Weston	mnt	True	True	False	60	83	47	39
Westover	mnt	True	True	False	16	16	16	7
Westphalia	mnt	True	True	False	8	8	8	11
Westport	mnt	True	True	False	30	31	28	73
Westside Care	unmatched	False	False	False	0	0	0	0
Westside Hospital	unmatched	False	False	False	0	0	0	0
Westward Apts.	unmatched	False	False	False	0	0	0	0
Westwood Park	mnt	True	True	False	3	4	3	1
Wexford County	transform	False	False	False	0	13	0	0
Weyers Cave	mnt	True	True	False	1	1	1	7
Weymouth river	unmatched	False	False	False	0	0	0	0
What Cheer	mnt	True	True	False	1	1	1	12
Wheatfields	mnt	True	True	False	2	11	2	3
Wheatland Center	mnt	True	True	False	1	1	1	1
Whisky Slough	unmatched	False	False	False	0	0	0	0
White Co. hospital	unmatched	False	False	False	0	0	0	0
White County	transform	False	False	False	0	19	0	0
White Creek	mnt	True	True	False	4	5	4	8
White Mortuary	unmatched	False	False	False	0	0	0	0
White Sulphur Springs Methodist Church	unmatched	False	False	False	0	0	0	0
Whitehall	mnt	True	True	False	24	45	22	19
Whiteside county	transform	False	False	False	0	1	0	0
Whiteside neighborhood	transform	False	False	False	0	8	0	0
Whiteville	mnt	True	True	False	13	23	11	17
Whitewater	mnt	True	True	False	14	18	14	21
Whitewater General hospital	unmatched	False	False	False	0	0	0	0
Whitlier	spelling	False	False	False	0	8	0	0
Whitter Hill Sanitorum	unmatched	False	False	False	0	0	0	0
Wig land	spelling	False	False	False	0	1	0	0
Wilcox premises	unmatched	False	False	False	0	0	0	0
Wilder	mnt	True	True	False	10	24	9	6
Wilkin County road east of center	unmatched	False	False	False	0	0	0	0
Will County	transform	False	False	False	0	1	0	0
Willamette River	unmatched	False	False	False	0	0	0	0
Willamneton	unmatched	False	False	False	0	0	0	0
William H. Coleman Hospital	unmatched	False	False	False	0	0	0	0
Williamsburg	mnt	True	True	False	33	33	32	195
Williamsburg R.D.	transform	False	False	False	0	33	0	0
Williamson County	mnt	False	False	False	0	6	0	0
Williamson County Courthouse	unmatched	False	False	False	0	0	0	0
Williamsport	mnt	True	True	False	10	10	10	115
Willoughby	mnt	True	True	False	12	11	9	23
Willow Flowage	unmatched	False	False	False	0	0	0	0
Willow Gardens care facility	unmatched	False	False	False	0	0	0	0
Willowick	mnt	True	True	False	1	2	1	10
Wilmington	mnt	True	True	False	26	38	23	106
Wilms	spelling	False	False	False	0	11	0	0
Wilson Funeral	unmatched	False	False	False	0	0	0	0
Wiltshire	mnt	True	True	False	8	12	6	1968
Winaman	spelling	False	False	False	0	1	0	0
Winchester	mnt	True	True	False	39	38	34	183
Windham County	mnt	False	False	False	0	12	0	0
Windsor	mnt	True	True	False	51	56	46	268
Windsor Place	mnt	True	True	False	3	3	3	1
Windsor township	transform	False	False	False	0	16	0	0
Windsoryood	unmatched	False	False	False	0	0	0	0
Winfred Cornett	unmatched	False	False	False	0	0	0	0
Wingate of Andover	unmatched	False	False	False	0	0	0	0
Winlaton	mnt	False	True	False	1	2	1	57
Winnemuces	unmatched	False	False	False	0	0	0	0
Winner and Sterling	unmatched	False	False	False	0	0	0	0
Winnesheik County	mnt	False	False	False	0	2	0	0
Winneshiek County	mnt	False	False	False	0	1	0	0
Winneshiek county	mnt	False	False	False	0	1	0	0
Winnetka	mnt	True	True	False	2	3	2	13
Winnipeg	mnt	True	True	False	4	3	3	102
Winnipeg District	transform	False	False	False	0	3	0	0
Winnipeg?	spelling	False	False	False	0	3	0	0
Winona	mnt	True	True	False	21	27	21	183
Winseon hospital	unmatched	False	False	False	0	0	0	0
Winterthur (near Wilmington)	unmatched	False	False	False	0	0	0	0
Wir.	unmatched	False	False	False	0	0	0	0
Wis	mnt	True	True	False	1	3	1	596
Wis.	mnt	True	True	False	1	3	1	494
Wisconsin	mnt	True	True	False	11	3	3	14515
Wisconsin 23 between Princeton and Green Lake	unmatched	False	False	False	0	0	0	0
Wise County	transform	False	False	False	0	2	0	0
Wise River	mnt	True	True	False	1	1	1	4
Withee	mnt	True	True	False	1	2	1	9
Witkentown	unmatched	False	False	False	0	0	0	0
Woburn	mnt	True	True	False	6	15	4	91
Wol fwye	unmatched	False	False	False	0	0	0	0
Wolfes Corners	spelling	False	False	False	0	1	0	0
Wollongong	mnt	True	True	False	1	1	1	4
Wood	mnt	True	True	False	23	23	21	343
Wood River	mnt	True	True	False	7	9	7	24
Wood lawn Hospital in Rochester	unmatched	False	False	False	0	0	0	0
Woodard	mnt	True	True	False	2	19	2	3
Woodbury Twp.	transform	False	False	False	0	17	0	0
Woodcliff	mnt	True	True	False	3	4	3	4
Woodeide	spelling	False	False	False	0	38	0	0
Woodland Drive	unmatched	False	False	False	0	0	0	0
Woodland Park	mnt	True	True	False	18	19	18	10
Woodlawn Convalescent Home	mnt	True	True	False	1	1	1	1
Woodpecker	unmatched	False	False	False	0	0	0	0
Woodruff school	unmatched	False	False	False	0	0	0	0
Woodward	mnt	True	True	False	16	21	15	68
Woodworth Lake	unmatched	False	False	False	0	0	0	0
Woolferta Roost	unmatched	False	False	False	0	0	0	0
Woolton	mnt	True	True	False	2	17	2	68
Woosterville	spelling	False	False	False	0	3	0	0
Worcester	mnt	True	True	False	14	13	12	918
Worcester Memorial hospital	unmatched	False	False	False	0	0	0	0
Work House	unmatched	False	False	False	0	0	0	0
Worl Hollis rd	unmatched	False	False	False	0	0	0	0
Worster	mnt	True	True	False	1	10	1	2
Worth	mnt	True	True	False	26	48	22	84
Worth Homes	unmatched	False	False	False	0	0	0	0
Worthy Hotel on Quarrier St.	unmatched	False	False	False	0	0	0	0
Wright City	mnt	True	True	False	3	3	3	8
Wright City Methodist Church	unmatched	False	False	False	0	0	0	0
Wright County	mnt	False	False	False	0	15	0	0
Wschel	unmatched	False	False	False	0	0	0	0
Wyanbah Station	unmatched	False	False	False	0	0	0	0
Wyandot County	transform	False	False	False	0	1	0	0
Wye	mnt	True	True	False	4	5	4	34
Wyes	unmatched	False	False	False	0	0	0	0
Wyevville	spelling	False	False	False	0	1	0	0
Wyndham	mnt	True	True	False	1	17	1	1
Wyo.	mnt	True	True	False	1	25	1	3
Wyoming	mnt	True	True	False	29	25	24	2684
Xavier Hospital	unmatched	False	False	False	0	0	0	0
Xenia	mnt	True	True	False	6	12	6	43
YEDAR RAPIDS	spelling	False	False	False	0	3	0	0
Ya.	unmatched	False	False	False	0	0	0	0
Yaagow	unmatched	False	False	False	0	0	0	0
Yale medical complex	unmatched	False	False	False	0	0	0	0
Yalo county superior court	unmatched	False	False	False	0	0	0	0
Yardley	mnt	True	True	False	5	11	3	153
Yazoo county	mnt	False	False	False	0	2	0	0
Yeadon	mnt	True	True	False	2	6	2	43
Yellow Springs	mnt	True	True	False	6	6	6	10
Yellowstone county	transform	False	False	False	0	1	0	0
Yoder	mnt	True	True	False	8	10	8	6
Yolo	mnt	True	True	False	3	3	3	112
Yolo County	mnt	False	False	False	0	1	0	0
Yonkers	mnt	True	True	False	4	5	4	76
York	mnt	True	True	False	87	68	66	725
York County	mnt	False	False	False	0	1	0	0
York county	mnt	False	False	False	0	1	0	0
York township	transform	False	True	False	1	28	0	1
Yorkshire	mnt	True	True	False	22	11	11	160
Youngs Motel	unmatched	False	False	False	0	0	0	0
Youngstown	mnt	True	True	False	14	23	14	132
Youngsville	mnt	True	True	False	8	10	8	12
Youngwood	mnt	True	True	False	2	3	2	13
Ysleta	mnt	True	True	False	1	4	1	8
Yukon River near Mountain Village	unmatched	False	False	False	0	0	0	0
Yuma	mnt	True	True	False	12	9	9	96
Yuma County	transform	False	False	False	0	2	0	0
Yumbolt Hospital	unmatched	False	False	False	0	0	0	0
ZUMBLOTA	spelling	False	False	False	0	2	0	0
Ziekenhuis van Reesstraat 12 Soerabain	unmatched	False	False	False	0	0	0	0
Zierikzee	mnt	True	True	False	1	1	1	2
Zion Nursing Home	unmatched	False	False	False	0	0	0	0
Zion Tabernacle	unmatched	False	False	False	0	0	0	0
"[""Saint Ann"""	unmatched	False	False	False	0	0	0	0
[Xenia	spelling	False	False	False	0	7	0	0
a city street in York	unmatched	False	False	False	0	0	0	0
a county highway near Louisville	unmatched	False	False	False	0	0	0	0
a farm near Terre Haute	unmatched	False	False	False	0	0	0	0
a farm near town	unmatched	False	False	False	0	0	0	0
a farm one mile south of Mendota	unmatched	False	False	False	0	0	0	0
a hospital in Atlanta	unmatched	False	False	False	0	0	0	0
a point between New Bern and Minnesota Beach	unmatched	False	False	False	0	0	0	0
a road 2.5 miles north of Washington	unmatched	False	False	False	0	0	0	0
a rural road about one mile north of Shelby	unmatched	False	False	False	0	0	0	0
a rural town in the Yucatan peninsula	unmatched	False	False	False	0	0	0	0
a small theater on North avenue	unmatched	False	False	False	0	0	0	0
a suburb	unmatched	False	False	False	0	0	0	0
a suburb of Paris	unmatched	False	False	False	0	0	0	0
a white mansion overlooking the Sunset Strip	unmatched	False	False	False	0	0	0	0
a.	unmatched	False	False	False	0	0	0	0
abandoned summer cottage near Reels Corner	unmatched	False	False	False	0	0	0	0
aboard the steamer Prospector	unmatched	False	False	False	0	0	0	0
aboard the yacht of F. Creigh Nelson	unmatched	False	False	False	0	0	0	0
about 12 miles east of Sulphur Springs	unmatched	False	False	False	0	0	0	0
about 12 miles southwest of Sullivan	unmatched	False	False	False	0	0	0	0
about 23 miles east of Pecos	unmatched	False	False	False	0	0	0	0
about three miles east of Commerce	unmatched	False	False	False	0	0	0	0
about three miles west of Lancaster	unmatched	False	False	False	0	0	0	0
about two miles north of Cecil	unmatched	False	False	False	0	0	0	0
accident scene near Bentonville	unmatched	False	False	False	0	0	0	0
accident scene near intersection of U.S. 281 and Farm Market Road 1177	unmatched	False	False	False	0	0	0	0
afd.	unmatched	False	False	False	0	0	0	0
ailwerleardia hospital	unmatched	False	False	False	0	0	0	0
alley at the rear of the Clinton Trust Company building	unmatched	False	False	False	0	0	0	0
along Ind. 46 at the northwest edge of Riley	unmatched	False	False	False	0	0	0	0
along State Route 67	unmatched	False	False	False	0	0	0	0
along a Joliet area country road	unmatched	False	False	False	0	0	0	0
along a county road near here	unmatched	False	False	False	0	0	0	0
along the Belke Vernon Fayette City pike	unmatched	False	False	False	0	0	0	0
along the highway at Sandy Hill church on the New Salem road	unmatched	False	False	False	0	0	0	0
altar at St. Elizabeth's Catholic Church	unmatched	False	False	False	0	0	0	0
anesville	spelling	False	False	False	0	29	0	0
apartment at 14 W California	unmatched	False	False	False	0	0	0	0
apartment at 2651 Sixteenth Street N.W.	unmatched	False	False	False	0	0	0	0
apartment at 4 East 66th st	unmatched	False	False	False	0	0	0	0
apartment building near her home on Portland Ave	unmatched	False	False	False	0	0	0	0
apartment in the C. C. Williams home	unmatched	False	False	False	0	0	0	0
apartments	unmatched	False	False	False	0	0	0	0
at 421 N. Baxter St	unmatched	False	False	False	0	0	0	0
at Carthage	unmatched	False	False	False	0	0	0	0
at Wooxley	unmatched	False	False	False	0	0	0	0
at her home	unmatched	False	False	False	0	0	0	0
at her home (717 Court Street)	unmatched	False	False	False	0	0	0	0
at his home	unmatched	False	False	False	0	0	0	0
at his home in Arengt	unmatched	False	False	False	0	0	0	0
at his home near Clay City	unmatched	False	False	False	0	0	0	0
at his home on Salisbury Street	unmatched	False	False	False	0	0	0	0
at his residence	unmatched	False	False	False	0	0	0	0
at home on Wheelersburg Rt. 3	unmatched	False	False	False	0	0	0	0
at residence near Teil Brook	unmatched	False	False	False	0	0	0	0
at residence of Mrs. Henry Bailey	unmatched	False	False	False	0	0	0	0
at the residence of George Herd	unmatched	False	False	False	0	0	0	0
at their home five miles north of Staunton	unmatched	False	False	False	0	0	0	0
back yard	unmatched	False	False	False	0	0	0	0
back yard at 8000 Pinckney Street	unmatched	False	False	False	0	0	0	0
backyard	unmatched	False	False	False	0	0	0	0
ballroom at Hotel 2400	unmatched	False	False	False	0	0	0	0
barn at the home of Miss Hattie Hardesty's father	unmatched	False	False	False	0	0	0	0
barn back of Mike Barts saloon	unmatched	False	False	False	0	0	0	0
barn beside Route 9	unmatched	False	False	False	0	0	0	0
barricaded home	unmatched	False	False	False	0	0	0	0
basement at No. 15 Leidesdorff street	unmatched	False	False	False	0	0	0	0
bath establishment at Bagnoles-de-l'Orne	unmatched	False	False	False	0	0	0	0
bath room of an apartment house in Unis city	unmatched	False	False	False	0	0	0	0
bathroom of a San Antonio hotel	unmatched	False	False	False	0	0	0	0
bathroom of a public transit bus in Francisco Escarcega	unmatched	False	False	False	0	0	0	0
bathroom of residence on East Fortieth street	unmatched	False	False	False	0	0	0	0
bean field near Chillicothe	unmatched	False	False	False	0	0	0	0
bedroom at an OU fraternity house	unmatched	False	False	False	0	0	0	0
bedroom of a house	unmatched	False	False	False	0	0	0	0
bedroom/bed	unmatched	False	False	False	0	0	0	0
behind an Orange Park nightclub	unmatched	False	False	False	0	0	0	0
behind and north of Gardner	unmatched	False	False	False	0	0	0	0
below the lower bridge in this place	unmatched	False	False	False	0	0	0	0
below the vinegar factory	unmatched	False	False	False	0	0	0	0
berland County	spelling	False	False	False	0	11	0	0
between Cook and Varet streets	unmatched	False	False	False	0	0	0	0
between Dover and Zearing	unmatched	False	False	False	0	0	0	0
between Eighteenth and Nineteenth Streets	unmatched	False	False	False	0	0	0	0
between Poplar and Lombard	unmatched	False	False	False	0	0	0	0
between Rainsboro and Boston	unmatched	False	False	False	0	0	0	0
between Richmond and Eaton	unmatched	False	False	False	0	0	0	0
between Saegertown and Venango	unmatched	False	False	False	0	0	0	0
between the jetties at the entrance of Fernandina harbor	unmatched	False	False	False	0	0	0	0
boarding house	unmatched	False	False	False	0	0	0	0
bride's home	unmatched	False	False	False	0	0	0	0
brushy area off Chesterfield Avenue	unmatched	False	False	False	0	0	0	0
bungalow	mnt	False	True	False	1	3	1	1
bush near Western Australia	unmatched	False	False	False	0	0	0	0
calle Peru 3135	unmatched	False	False	False	0	0	0	0
camp chapel at In diantown Gap Military Reservation	unmatched	False	False	False	0	0	0	0
capilla particular del Cardenal Martinelli	unmatched	False	False	False	0	0	0	0
carrying medical assistance to a sick miner	unmatched	False	False	False	0	0	0	0
cemetery at the M. BE. church	unmatched	False	False	False	0	0	0	0
central Huron County	unmatched	False	False	False	0	0	0	0
chantry of St Thomas Church	unmatched	False	False	False	0	0	0	0
chapel at Jekyl Island	unmatched	False	False	False	0	0	0	0
chapel of the Little Sisters of the Poor	unmatched	False	False	False	0	0	0	0
cistern under Levee in front of Bryan Bros mill	unmatched	False	False	False	0	0	0	0
city	mnt	True	True	False	8	1	1	46
city cemetery	mnt	False	True	False	2	1	1	1
city hall	unmatched	False	False	False	0	0	0	0
city of Sacramento	transform	False	False	False	0	6	0	0
city park	mnt	False	True	False	1	1	1	1
city police auto	unmatched	False	False	False	0	0	0	0
city square	unmatched	False	False	False	0	0	0	0
clinic in Rapallo	unmatched	False	False	False	0	0	0	0
columbus	mnt	False	True	False	35	29	28	179
commission merchants Muse	unmatched	False	False	False	0	0	0	0
community hall	unmatched	False	False	False	0	0	0	0
con. 2	unmatched	False	False	False	0	0	0	0
corn field on the Theo Best farm	unmatched	False	False	False	0	0	0	0
corner College Ave and Dickson street	unmatched	False	False	False	0	0	0	0
corner Court and horalements	unmatched	False	False	False	0	0	0	0
corner Washington and Fourth	unmatched	False	False	False	0	0	0	0
corner of Baet an Toowres Street	unmatched	False	False	False	0	0	0	0
corner of Baldwin and Market streets	unmatched	False	False	False	0	0	0	0
corner of Davis and Wilson streets	unmatched	False	False	False	0	0	0	0
corner of Fifth South and First West street	unmatched	False	False	False	0	0	0	0
corner of Grant and Grove streets	unmatched	False	False	False	0	0	0	0
corner of Harmar and Pearl Streets	unmatched	False	False	False	0	0	0	0
corner of Hudson and Dominick streets	unmatched	False	False	False	0	0	0	0
corner of Linn and Galena streets	unmatched	False	False	False	0	0	0	0
corner of Prairie avenue and 18th street	unmatched	False	False	False	0	0	0	0
corner of Prospect Avenue and Division Street	unmatched	False	False	False	0	0	0	0
corner of Quincy and Mexnard Streets	unmatched	False	False	False	0	0	0	0
corner of South Eleventh and First streets	unmatched	False	False	False	0	0	0	0
corner of Wise and Eldorado streets	unmatched	False	False	False	0	0	0	0
corner of a house / Austin	unmatched	False	False	False	0	0	0	0
corridor of the New York Life Insurance Building	unmatched	False	False	False	0	0	0	0
cottage in South Vineland	unmatched	False	False	False	0	0	0	0
country home	spelling	False	False	False	0	3	0	0
country home near Ryan	unmatched	False	False	False	0	0	0	0
county	spelling	True	True	False	61	5	4	39
county of Cumberland	mnt	False	False	False	0	2	0	0
court house	mnt	False	True	False	9	6	5	5
court room	unmatched	False	False	False	0	0	0	0
court room of said court	unmatched	False	False	False	0	0	0	0
court room of the Probate Court	unmatched	False	False	False	0	0	0	0
courtyard beneath the windows of her Fifth avenue apartment	unmatched	False	False	False	0	0	0	0
cowstable	spelling	False	False	False	0	1	0	0
crash site south of San Pierre	unmatched	False	False	False	0	0	0	0
creek	mnt	False	True	False	10	16	8	125
creek near Crawfordsville	unmatched	False	False	False	0	0	0	0
criminal court	unmatched	False	False	False	0	0	0	0
dark clothes room of her mothers residence	unmatched	False	False	False	0	0	0	0
deep gulch six miles this side of the White River Agency	unmatched	False	False	False	0	0	0	0
desert home	unmatched	False	False	False	0	0	0	0
distillation plant of the Beacon Oil company	unmatched	False	False	False	0	0	0	0
district	mnt	False	True	False	2	1	1	5
ditch beside a road	unmatched	False	False	False	0	0	0	0
door yard at his home	unmatched	False	False	False	0	0	0	0
downtown street	unmatched	False	False	False	0	0	0	0
duPont highway crash site	unmatched	False	False	False	0	0	0	0
duplex apartment	unmatched	False	False	False	0	0	0	0
east central Kansas	unmatched	False	False	False	0	0	0	0
east end of the Chicago Northwestern railway yards	unmatched	False	False	False	0	0	0	0
east of Freemont	transform	False	False	False	0	54	0	0
east of Hiawatha	transform	False	False	False	0	10	0	0
east of Rawlina	spelling	False	False	False	0	5	0	0
edge of Big Arroyo canyon	unmatched	False	False	False	0	0	0	0
edge of a wood	unmatched	False	False	False	0	0	0	0
edge of the Camdenton airport	unmatched	False	False	False	0	0	0	0
edge of the river near Stans tavern	unmatched	False	False	False	0	0	0	0
eight miles south of Cannon Falls	unmatched	False	False	False	0	0	0	0
elev a miles northwest of the city	unmatched	False	False	False	0	0	0	0
elevated railroad station at Rector street	unmatched	False	False	False	0	0	0	0
elevator at Tracy	unmatched	False	False	False	0	0	0	0
family farm near Haw Creek	unmatched	False	False	False	0	0	0	0
family farm near here	unmatched	False	False	False	0	0	0	0
family home in Union township	unmatched	False	False	False	0	0	0	0
family home in the Tabor community	unmatched	False	False	False	0	0	0	0
family home near Claquato	unmatched	False	False	False	0	0	0	0
family home on College hill	unmatched	False	False	False	0	0	0	0
family home on Mulligan Lane	unmatched	False	False	False	0	0	0	0
family residence	unmatched	False	False	False	0	0	0	0
family residence corner of Mt. Hope avenue and First street	unmatched	False	False	False	0	0	0	0
family residence in Bofegol Grove	unmatched	False	False	False	0	0	0	0
family residence in East Greenville	unmatched	False	False	False	0	0	0	0
family residence on Allegheny Street	unmatched	False	False	False	0	0	0	0
far m home near Verona on Madison St.	unmatched	False	False	False	0	0	0	0
farm	unmatched	False	False	False	0	0	0	0
farm cottage at Cressy	unmatched	False	False	False	0	0	0	0
farm home	unmatched	False	False	False	0	0	0	0
farm home near Chatham	unmatched	False	False	False	0	0	0	0
farm home of her daughter	unmatched	False	False	False	0	0	0	0
farm house	unmatched	False	False	False	0	0	0	0
farm house near here	unmatched	False	False	False	0	0	0	0
farm near Cannelburg	unmatched	False	False	False	0	0	0	0
farm near Celestine	unmatched	False	False	False	0	0	0	0
farm near Morning Sun	unmatched	False	False	False	0	0	0	0
farm near Royal Centre	unmatched	False	False	False	0	0	0	0
farm near Springfield	unmatched	False	False	False	0	0	0	0
farm near St. Clair	unmatched	False	False	False	0	0	0	0
farm near Stratford	unmatched	False	False	False	0	0	0	0
farm of C. C. Viverett	unmatched	False	False	False	0	0	0	0
farm of Emil Johnson	unmatched	False	False	False	0	0	0	0
farm of the boy's grandfather	unmatched	False	False	False	0	0	0	0
farm on the Cincinnati Pike	unmatched	False	False	False	0	0	0	0
farm southwest of Decatur	unmatched	False	False	False	0	0	0	0
farm three miles southwest of Argos	unmatched	False	False	False	0	0	0	0
field	mnt	False	True	False	8	20	8	4
field hospital somewhere in France	unmatched	False	False	False	0	0	0	0
field near Alpine Valley Music Theater	unmatched	False	False	False	0	0	0	0
field near South Solon	unmatched	False	False	False	0	0	0	0
field off County Rd. 63 on Wolfe Run Farm south of Midvale	unmatched	False	False	False	0	0	0	0
five miles east of Bozeman	unmatched	False	False	False	0	0	0	0
five miles east of Garden City	unmatched	False	False	False	0	0	0	0
five miles north of Danville	unmatched	False	False	False	0	0	0	0
five miles south of Dwight	unmatched	False	False	False	0	0	0	0
five miles west of Atchison	unmatched	False	False	False	0	0	0	0
five story tenement house on Madison Avenue near 106th Street	unmatched	False	False	False	0	0	0	0
flying field	unmatched	False	False	False	0	0	0	0
foot of Twelfth Street	unmatched	False	False	False	0	0	0	0
former residence on the Hastert Promenade	unmatched	False	False	False	0	0	0	0
formerly of the Nelson Nursing Home	unmatched	False	False	False	0	0	0	0
found in his Ford car alongside Waukegan road	unmatched	False	False	False	0	0	0	0
four miles from Nashua	unmatched	False	False	False	0	0	0	0
four miles north of Gilbert Plains	unmatched	False	False	False	0	0	0	0
four miles north of Peru	unmatched	False	False	False	0	0	0	0
four miles north of Upper Alton	unmatched	False	False	False	0	0	0	0
frame home east of here	unmatched	False	False	False	0	0	0	0
from drowning at Interstate Park (St. Croix River area)	unmatched	False	False	False	0	0	0	0
from the residence	unmatched	False	False	False	0	0	0	0
front line in Normandy	unmatched	False	False	False	0	0	0	0
front of	unmatched	False	False	False	0	0	0	0
front of Miss Pika's home	unmatched	False	False	False	0	0	0	0
front seat of the Regan car in the garage	unmatched	False	False	False	0	0	0	0
funeral of Mrs Horning	unmatched	False	False	False	0	0	0	0
garage	spelling	False	False	False	0	1	0	0
gelatine mixing house	unmatched	False	False	False	0	0	0	0
general store in Willoughby	unmatched	False	False	False	0	0	0	0
graafschap Louth	unmatched	False	False	False	0	0	0	0
grade crossing northwest of here	unmatched	False	False	False	0	0	0	0
grandmother's house in Goliad	unmatched	False	False	False	0	0	0	0
gravel pit east of Camden	unmatched	False	False	False	0	0	0	0
grove north of here	unmatched	False	False	False	0	0	0	0
head-on collision in N.C.	unmatched	False	False	False	0	0	0	0
her home	unmatched	False	False	False	0	0	0	0
her home here	unmatched	False	False	False	0	0	0	0
her home in Bend	unmatched	False	False	False	0	0	0	0
her home in Black River	unmatched	False	False	False	0	0	0	0
her home in Jamesville	unmatched	False	False	False	0	0	0	0
her home in South Corydon	unmatched	False	False	False	0	0	0	0
her home near Greenwood cemetery	unmatched	False	False	False	0	0	0	0
her home on South Meridian street	unmatched	False	False	False	0	0	0	0
highway 163 four miles east of Des Moines	unmatched	False	False	False	0	0	0	0
highway entrance ramp	unmatched	False	False	False	0	0	0	0
highway intersection	unmatched	False	False	False	0	0	0	0
hills above the Monongahela River near Elizabeth	unmatched	False	False	False	0	0	0	0
his home	unmatched	False	False	False	0	0	0	0
his home (Donnellson)	unmatched	False	False	False	0	0	0	0
his home at Little Cooley ASL	unmatched	False	False	False	0	0	0	0
his home here	unmatched	False	False	False	0	0	0	0
his home in Flora	unmatched	False	False	False	0	0	0	0
his home in Geneva	unmatched	False	False	False	0	0	0	0
his home in Lincoln	unmatched	False	False	False	0	0	0	0
his home in Oak Creek	unmatched	False	False	False	0	0	0	0
his home in Plattsburgh	unmatched	False	False	False	0	0	0	0
his home on Burbank street	unmatched	False	False	False	0	0	0	0
his late residence	unmatched	False	False	False	0	0	0	0
home	mnt	True	True	False	10	8	8	11
home (37 EH Burkhart Street)	unmatched	False	False	False	0	0	0	0
home (823 Kentucky Street)	unmatched	False	False	False	0	0	0	0
home at 1103 Fry avenue	unmatched	False	False	False	0	0	0	0
home at 1501 Taylor	unmatched	False	False	False	0	0	0	0
home at 1504 South Presa Street	unmatched	False	False	False	0	0	0	0
home at 218 Elliot street	unmatched	False	False	False	0	0	0	0
home at 411 2nd Ave. S.	unmatched	False	False	False	0	0	0	0
home at 903 13th street northwest	unmatched	False	False	False	0	0	0	0
home at Kauffmans Station	unmatched	False	False	False	0	0	0	0
home at Sucker Lake	unmatched	False	False	False	0	0	0	0
home at the Sorong Vrewn Oj company pumping station ten miles southeast of Hawarden	unmatched	False	False	False	0	0	0	0
home below White Store	unmatched	False	False	False	0	0	0	0
home east of West Point	unmatched	False	False	False	0	0	0	0
home for incurables in Fordham	unmatched	False	False	False	0	0	0	0
home here	unmatched	False	False	False	0	0	0	0
home in Allensburg	unmatched	False	False	False	0	0	0	0
home in Bancroft	unmatched	False	False	False	0	0	0	0
home in Bantam	unmatched	False	False	False	0	0	0	0
home in Bloomfield	unmatched	False	False	False	0	0	0	0
home in Brodhead	unmatched	False	False	False	0	0	0	0
home in Cooks town	unmatched	False	False	False	0	0	0	0
home in East Helena (smelter town)	unmatched	False	False	False	0	0	0	0
home in Freemont township	unmatched	False	False	False	0	0	0	0
home in Houstonia	unmatched	False	False	False	0	0	0	0
home in Icemarlee	unmatched	False	False	False	0	0	0	0
home in Kinkaid township	unmatched	False	False	False	0	0	0	0
home in Mather	unmatched	False	False	False	0	0	0	0
home in Melrose Park	unmatched	False	False	False	0	0	0	0
home in Milo	unmatched	False	False	False	0	0	0	0
home in Mission Viejo	unmatched	False	False	False	0	0	0	0
home in North Tewksbury	unmatched	False	False	False	0	0	0	0
home in Pineville	unmatched	False	False	False	0	0	0	0
home in Shafter	unmatched	False	False	False	0	0	0	0
home in Sugar Creek	unmatched	False	False	False	0	0	0	0
home in Sweet Springs	unmatched	False	False	False	0	0	0	0
home in Traer	unmatched	False	False	False	0	0	0	0
home in West Seattle	unmatched	False	False	False	0	0	0	0
home in Wetherfield township	unmatched	False	False	False	0	0	0	0
home in northwest Decatur	unmatched	False	False	False	0	0	0	0
home in northwest Washington	unmatched	False	False	False	0	0	0	0
home in the Ruisseaumont colony	unmatched	False	False	False	0	0	0	0
home in the town of Madison	unmatched	False	False	False	0	0	0	0
home in weet Monroe town	unmatched	False	False	False	0	0	0	0
home near Antler	unmatched	False	False	False	0	0	0	0
home near Berkley Springs	unmatched	False	False	False	0	0	0	0
home near Blanchester	unmatched	False	False	False	0	0	0	0
home near Cairo	unmatched	False	False	False	0	0	0	0
home near Hanover Landing	unmatched	False	False	False	0	0	0	0
home near Holgate	unmatched	False	False	False	0	0	0	0
home near Jonesboro	unmatched	False	False	False	0	0	0	0
home near Libertyville	unmatched	False	False	False	0	0	0	0
home near Lowell	unmatched	False	False	False	0	0	0	0
home near Moose Lake	unmatched	False	False	False	0	0	0	0
home near Mount Hope	unmatched	False	False	False	0	0	0	0
home near Mount Olivet Methodist Episcopal church	unmatched	False	False	False	0	0	0	0
home near New York City	unmatched	False	False	False	0	0	0	0
home near Ottumwa	unmatched	False	False	False	0	0	0	0
home near Shipshewana	unmatched	False	False	False	0	0	0	0
home near here	unmatched	False	False	False	0	0	0	0
home near hyre	unmatched	False	False	False	0	0	0	0
home northeast of Cresco	unmatched	False	False	False	0	0	0	0
home northwest of Hedrick	unmatched	False	False	False	0	0	0	0
home of A. W. Strickland	unmatched	False	False	False	0	0	0	0
home of B. P. Davidson	unmatched	False	False	False	0	0	0	0
home of Becky's grandparents at 840 North Bowie Street	unmatched	False	False	False	0	0	0	0
home of Bill and Sharon Bain	unmatched	False	False	False	0	0	0	0
home of Dr. B. E. Gabhert	unmatched	False	False	False	0	0	0	0
home of Dr. and Mrs. Geo. F. Lee in Iola	unmatched	False	False	False	0	0	0	0
home of G. D. Glascock	unmatched	False	False	False	0	0	0	0
home of Gamilton Van Dyck	unmatched	False	False	False	0	0	0	0
home of George Meaw	unmatched	False	False	False	0	0	0	0
home of George Mellen	unmatched	False	False	False	0	0	0	0
home of H. W. Durham	unmatched	False	False	False	0	0	0	0
home of Honemte Schroder	unmatched	False	False	False	0	0	0	0
home of J. E. Saillhammer	unmatched	False	False	False	0	0	0	0
home of J. M. Campbell	unmatched	False	False	False	0	0	0	0
home of James Amos	unmatched	False	False	False	0	0	0	0
home of James Appleby	unmatched	False	False	False	0	0	0	0
home of John E. Reed	unmatched	False	False	False	0	0	0	0
home of Joseph Wilson on the New Britain road	unmatched	False	False	False	0	0	0	0
home of Judge and Mrs. C. A. Bennett	unmatched	False	False	False	0	0	0	0
home of Justice of the Peace	unmatched	False	False	False	0	0	0	0
home of Minnie Benjamin	unmatched	False	False	False	0	0	0	0
home of Miss Rhoda Maye	unmatched	False	False	False	0	0	0	0
home of Mr. George Quint	unmatched	False	False	False	0	0	0	0
home of Mr. P. J. Meagher	unmatched	False	False	False	0	0	0	0
home of Mr. Vernon Burton	unmatched	False	False	False	0	0	0	0
home of Mr. and Mrs. A.O. Narverud	unmatched	False	False	False	0	0	0	0
home of Mr. and Mrs. B. Baker	unmatched	False	False	False	0	0	0	0
home of Mr. and Mrs. Elmer Brown on N. St. Johns Place	unmatched	False	False	False	0	0	0	0
home of Mr. and Mrs. Floyd Ammon on Dale avenue	unmatched	False	False	False	0	0	0	0
home of Mr. and Mrs. G. L. Corbin	unmatched	False	False	False	0	0	0	0
home of Mr. and Mrs. Henry Hays	unmatched	False	False	False	0	0	0	0
home of Mr. and Mrs. John B. Dougan	unmatched	False	False	False	0	0	0	0
home of Mr. and Mrs. John Creech	unmatched	False	False	False	0	0	0	0
home of Mr. and Mrs. M. C. Edmunds	unmatched	False	False	False	0	0	0	0
home of Mr. and Mrs. Pearl Frazier	unmatched	False	False	False	0	0	0	0
home of Mr. and Mrs. Robert Emig	unmatched	False	False	False	0	0	0	0
home of Mr. and Mrs. Thomas Roddy	unmatched	False	False	False	0	0	0	0
home of Mr. and Mrs. William Elders	unmatched	False	False	False	0	0	0	0
home of Mr. and Mrs. William Mc Daniel	unmatched	False	False	False	0	0	0	0
home of Mrn J Quin	unmatched	False	False	False	0	0	0	0
home of Mrs. Batty	unmatched	False	False	False	0	0	0	0
home of Mrs. Burr	unmatched	False	False	False	0	0	0	0
home of Mrs. Charles Robert on North Rife street	unmatched	False	False	False	0	0	0	0
home of Mrs. John Graves	unmatched	False	False	False	0	0	0	0
home of Mrs. Nycz's parents	unmatched	False	False	False	0	0	0	0
home of Mrs. S. T. Budd	unmatched	False	False	False	0	0	0	0
home of Mrs. Winget Thompson	unmatched	False	False	False	0	0	0	0
home of Peter Barth	unmatched	False	False	False	0	0	0	0
home of Principal Richards	unmatched	False	False	False	0	0	0	0
home of Rev. E. A. Orr	unmatched	False	False	False	0	0	0	0
home of Rev. E. W. Harrison	unmatched	False	False	False	0	0	0	0
home of Rev. F. A. Shape	unmatched	False	False	False	0	0	0	0
home of Rev. J. J. McCloud	unmatched	False	False	False	0	0	0	0
home of Rev. S. K. Coats	unmatched	False	False	False	0	0	0	0
home of Rev. Ward	unmatched	False	False	False	0	0	0	0
home of Roger and Ruth Groening	unmatched	False	False	False	0	0	0	0
home of Sgt. Stevenson's parents at 6731 Bartmer	unmatched	False	False	False	0	0	0	0
home of W. W. Taylor in Eagle Point	unmatched	False	False	False	0	0	0	0
home of a brother	unmatched	False	False	False	0	0	0	0
home of a daughter	unmatched	False	False	False	0	0	0	0
home of a friend on Cumberland St.	unmatched	False	False	False	0	0	0	0
home of a son	unmatched	False	False	False	0	0	0	0
home of a son Arch Adamson	unmatched	False	False	False	0	0	0	0
home of daughter	unmatched	False	False	False	0	0	0	0
home of grandmother	unmatched	False	False	False	0	0	0	0
home of her aunt on Lisbon street	unmatched	False	False	False	0	0	0	0
home of her daughter	unmatched	False	False	False	0	0	0	0
home of her daughter near Luana	unmatched	False	False	False	0	0	0	0
home of her daughter near Rock Springs	unmatched	False	False	False	0	0	0	0
home of her daughter west of Polson	unmatched	False	False	False	0	0	0	0
home of her father in Washington township	unmatched	False	False	False	0	0	0	0
home of her parents	unmatched	False	False	False	0	0	0	0
home of her sister	unmatched	False	False	False	0	0	0	0
home of her sister in Hitchcock	unmatched	False	False	False	0	0	0	0
home of her son	unmatched	False	False	False	0	0	0	0
home of her son Orion on North Seventh	unmatched	False	False	False	0	0	0	0
home of her son Warren Wells	unmatched	False	False	False	0	0	0	0
home of her son east of Langing	unmatched	False	False	False	0	0	0	0
home of her son on West Penning Avenue	unmatched	False	False	False	0	0	0	0
home of her son-in-law and daughter	unmatched	False	False	False	0	0	0	0
home of her stepfather	unmatched	False	False	False	0	0	0	0
home of his brother	unmatched	False	False	False	0	0	0	0
home of his brother in Gallatine	unmatched	False	False	False	0	0	0	0
home of his brother near Unionville	unmatched	False	False	False	0	0	0	0
home of his brother on Denm hill	unmatched	False	False	False	0	0	0	0
home of his daughter	unmatched	False	False	False	0	0	0	0
home of his daughter (633 N. 7th St.)	unmatched	False	False	False	0	0	0	0
home of his daughter near Omaha	unmatched	False	False	False	0	0	0	0
home of his daughter on Oscar Street	unmatched	False	False	False	0	0	0	0
home of his daughter on Woodlawn Avenue	unmatched	False	False	False	0	0	0	0
home of his father in law	unmatched	False	False	False	0	0	0	0
home of his foster son	unmatched	False	False	False	0	0	0	0
home of his mother on East Gordon Ave	unmatched	False	False	False	0	0	0	0
home of his niece	unmatched	False	False	False	0	0	0	0
home of his parents in DaCosta	unmatched	False	False	False	0	0	0	0
home of his parents on Seneca Street	unmatched	False	False	False	0	0	0	0
home of his parents on West Seventh street	unmatched	False	False	False	0	0	0	0
home of his parents six miles north of Coyofeg	unmatched	False	False	False	0	0	0	0
home of his sister	unmatched	False	False	False	0	0	0	0
home of his son	unmatched	False	False	False	0	0	0	0
home of his son Gerald Katich in Bunker Hill	unmatched	False	False	False	0	0	0	0
home of his son Justin Winchester in Byron	unmatched	False	False	False	0	0	0	0
home of his valet	unmatched	False	False	False	0	0	0	0
home of the Mitchells	unmatched	False	False	False	0	0	0	0
home of the Rev John W. Mangum	unmatched	False	False	False	0	0	0	0
home of the Rev. George Crenshaw	unmatched	False	False	False	0	0	0	0
home of the Rev. J. R. Hutcherson	unmatched	False	False	False	0	0	0	0
home of the Rev. Stephen Bach elder	unmatched	False	False	False	0	0	0	0
home of the bride	unmatched	False	False	False	0	0	0	0
home of the bride on Surlle Creek	unmatched	False	False	False	0	0	0	0
home of the bride's brother	unmatched	False	False	False	0	0	0	0
home of the bride's father	unmatched	False	False	False	0	0	0	0
home of the bride's mother	unmatched	False	False	False	0	0	0	0
home of the bride's sister	unmatched	False	False	False	0	0	0	0
home of the brides aunt and uncle	unmatched	False	False	False	0	0	0	0
home of the brides grandparents	unmatched	False	False	False	0	0	0	0
home of the brides mother	unmatched	False	False	False	0	0	0	0
home of the brides mother in Fresno	unmatched	False	False	False	0	0	0	0
home of the brides parents	unmatched	False	False	False	0	0	0	0
home of the brides parents in St. Louis	unmatched	False	False	False	0	0	0	0
home of the brides parents in Washington township	unmatched	False	False	False	0	0	0	0
home of the brides parents on Adolphus street	unmatched	False	False	False	0	0	0	0
home of the bridetobes father	unmatched	False	False	False	0	0	0	0
home of the former parents	unmatched	False	False	False	0	0	0	0
home of the parents	unmatched	False	False	False	0	0	0	0
home of the parents on Barhar Street	unmatched	False	False	False	0	0	0	0
home on 4th street	unmatched	False	False	False	0	0	0	0
home on Grove street	unmatched	False	False	False	0	0	0	0
home on Lawn Avenue	unmatched	False	False	False	0	0	0	0
home on Lockwood Ridge	unmatched	False	False	False	0	0	0	0
home on Main street	unmatched	False	False	False	0	0	0	0
home on Orange ave	unmatched	False	False	False	0	0	0	0
home on Route 1	unmatched	False	False	False	0	0	0	0
home on Shady avenue	unmatched	False	False	False	0	0	0	0
home on Sherbourne road	unmatched	False	False	False	0	0	0	0
home on South Alfred street	unmatched	False	False	False	0	0	0	0
home on South Race Street	unmatched	False	False	False	0	0	0	0
home on Waukegan street	unmatched	False	False	False	0	0	0	0
home on the west side of Jersey City Heights	unmatched	False	False	False	0	0	0	0
home overlooking the ocean	unmatched	False	False	False	0	0	0	0
home several miles south of Bellevue	unmatched	False	False	False	0	0	0	0
home three miles north of Madison	unmatched	False	False	False	0	0	0	0
home west of Cedarville on the Yellow Springs road	unmatched	False	False	False	0	0	0	0
home west of Chester on the Fountain City pike	unmatched	False	False	False	0	0	0	0
homestead near Waucoma	unmatched	False	False	False	0	0	0	0
hospital	pa_name	True	True	False	19	2	0	1
hospital Hackensack	unmatched	False	False	False	0	0	0	0
hospital at Parris Island	unmatched	False	False	False	0	0	0	0
hospital in Bremerton	unmatched	False	False	False	0	0	0	0
hospital in Chester	unmatched	False	False	False	0	0	0	0
hospital in Englewood	unmatched	False	False	False	0	0	0	0
hospital in Hardinsburg	unmatched	False	False	False	0	0	0	0
hospital in La Mars	unmatched	False	False	False	0	0	0	0
hospital in Lancaster	unmatched	False	False	False	0	0	0	0
hospital in Milton	unmatched	False	False	False	0	0	0	0
hospital in Shanghai outskirts	unmatched	False	False	False	0	0	0	0
hospital in Tulsa	unmatched	False	False	False	0	0	0	0
hospital in Wilkesboro	unmatched	False	False	False	0	0	0	0
hotel in Elmira	unmatched	False	False	False	0	0	0	0
hotel room	unmatched	False	False	False	0	0	0	0
house fire near downtown Wolf Point	unmatched	False	False	False	0	0	0	0
house in HalfWay Tree	unmatched	False	False	False	0	0	0	0
house in southeast St. Louis	unmatched	False	False	False	0	0	0	0
house of a Long Branch minister	unmatched	False	False	False	0	0	0	0
house where crash occurred in Marietta	unmatched	False	False	False	0	0	0	0
household of C. C. Seibert	unmatched	False	False	False	0	0	0	0
household of Gen. Ben. Harrison	unmatched	False	False	False	0	0	0	0
ihlyswan	unmatched	False	False	False	0	0	0	0
in Berryville	unmatched	False	False	False	0	0	0	0
in Champaign	unmatched	False	False	False	0	0	0	0
in Dayton Wash	unmatched	False	False	False	0	0	0	0
in North Columbus street	unmatched	False	False	False	0	0	0	0
in a corn crib near his home	unmatched	False	False	False	0	0	0	0
in a little patch of woods between Porter and Rodman streets	unmatched	False	False	False	0	0	0	0
in front of 295 Main St	unmatched	False	False	False	0	0	0	0
in front of 6240 Betts Ave.	unmatched	False	False	False	0	0	0	0
in front of La Casa Coin Co.	unmatched	False	False	False	0	0	0	0
in front of the Wallkill Central School	unmatched	False	False	False	0	0	0	0
in front of the home of John Osbon	unmatched	False	False	False	0	0	0	0
in his barn	unmatched	False	False	False	0	0	0	0
in his car on the shore of Lake Michigan	unmatched	False	False	False	0	0	0	0
in his home	unmatched	False	False	False	0	0	0	0
in his pickup truck along the Wabash River	unmatched	False	False	False	0	0	0	0
in his room at the home of his mother	unmatched	False	False	False	0	0	0	0
in the home of her daughter	unmatched	False	False	False	0	0	0	0
inside Lubbock city limits	unmatched	False	False	False	0	0	0	0
inside the bicycle race course at Glenns Ferry	unmatched	False	False	False	0	0	0	0
intersection of Fifth Avenue and Fortieth Street	unmatched	False	False	False	0	0	0	0
intersection of Kembla and Market street	unmatched	False	False	False	0	0	0	0
intersection of Laramie Ave and W. Van Buren St	unmatched	False	False	False	0	0	0	0
intersection of Ohio 61 and Ohio 162	unmatched	False	False	False	0	0	0	0
intersection of Third Street and the U.S. 50 bypass	unmatched	False	False	False	0	0	0	0
intersection of U. S. 41 and Wis. 11	unmatched	False	False	False	0	0	0	0
intersection of U.S. 52 and Goodhue County Road 9	unmatched	False	False	False	0	0	0	0
jail cell in Lugano	unmatched	False	False	False	0	0	0	0
just outside of Santa Paula	unmatched	False	False	False	0	0	0	0
kerkgebouw der Chr. Gereformeerde gemeente	unmatched	False	False	False	0	0	0	0
kitchen at the home of her sister	unmatched	False	False	False	0	0	0	0
kitchen of Miss Sinkler's summer home	unmatched	False	False	False	0	0	0	0
kitchen of her home	unmatched	False	False	False	0	0	0	0
la	mnt	True	True	False	2	6	2	1682
la casa numero 25 de la calle Allende	unmatched	False	False	False	0	0	0	0
la.	mnt	False	True	False	1	3	1	476
lake at Kirksville	unmatched	False	False	False	0	0	0	0
lake at Lanark	unmatched	False	False	False	0	0	0	0
lake at the Driftwood State Fish Hatchery near Wallonia	unmatched	False	False	False	0	0	0	0
lane behind her home	unmatched	False	False	False	0	0	0	0
late residence	unmatched	False	False	False	0	0	0	0
law office in Tekemah	unmatched	False	False	False	0	0	0	0
lenn.	spelling	False	False	False	0	3	0	0
little Tuolumne mining camp	unmatched	False	False	False	0	0	0	0
lngoon near Feppova	unmatched	False	False	False	0	0	0	0
local Pennsylvania yard	unmatched	False	False	False	0	0	0	0
local hotel room	unmatched	False	False	False	0	0	0	0
log cabin three miles north of Albany	unmatched	False	False	False	0	0	0	0
log house at State Road	unmatched	False	False	False	0	0	0	0
lonely roadside near Durant	unmatched	False	False	False	0	0	0	0
lot 19	spelling	False	False	False	0	6	0	0
lumber camp of the BK. H.Sudduth Lumber Company	unmatched	False	False	False	0	0	0	0
main street crossing	unmatched	False	False	False	0	0	0	0
manse of the First Presbyterian church	unmatched	False	False	False	0	0	0	0
marsh near Woodbine	unmatched	False	False	False	0	0	0	0
maternity clinic	unmatched	False	False	False	0	0	0	0
memorial service in Santa Monica	unmatched	False	False	False	0	0	0	0
meres	spelling	False	False	False	0	20	0	0
military cemetery in Nahariya	unmatched	False	False	False	0	0	0	0
mill pond trestle between Ball Ground and Nelson	unmatched	False	False	False	0	0	0	0
mine in Birmingham	unmatched	False	False	False	0	0	0	0
mine near Kimberley	unmatched	False	False	False	0	0	0	0
mine of the Laurel Valley Coal Co.	unmatched	False	False	False	0	0	0	0
morgue	spelling	False	False	False	0	1	0	0
mountaintop	spelling	False	True	False	1	5	1	4
naval hospital at Portsmouth	unmatched	False	False	False	0	0	0	0
near Acequia	transform	False	False	False	0	2	0	0
near Adria	transform	False	False	False	0	26	0	0
near Adrian	mnt	False	False	False	0	3	0	0
near Alanreed	transform	False	False	False	0	1	0	0
near Albion	transform	False	False	False	0	46	0	0
near Alexandria	mnt	False	False	False	0	6	0	0
near Altamont	transform	False	False	False	0	16	0	0
near Arvada	transform	False	False	False	0	11	0	0
near Bampton	transform	False	False	False	0	77	0	0
near Barkeyside	unmatched	False	False	False	0	0	0	0
near Barrs Mills	transform	False	False	False	0	4	0	0
near Bartowville	spelling	False	False	False	0	3	0	0
near Belleville	transform	False	False	False	0	29	0	0
near Belton	transform	False	False	False	0	193	0	0
near Bernice	transform	False	False	False	0	14	0	0
near Binkerton	spelling	False	False	False	0	7	0	0
near Birmingham	mnt	False	False	False	0	3	0	0
near Brisbane	transform	False	False	False	0	4	0	0
near Brookeville	transform	False	False	False	0	22	0	0
near Buckhannon	transform	False	False	False	0	1	0	0
near Cairo	transform	False	False	False	0	33	0	0
near Caldwell	mnt	False	False	False	0	19	0	0
near Cambridge	transform	False	False	False	0	42	0	0
near Castaic	transform	False	False	False	0	1	0	0
near Celina	transform	False	False	False	0	18	0	0
near Charleston	transform	False	False	False	0	61	0	0
near Chas Jolsonville	unmatched	False	False	False	0	0	0	0
near Clyde	transform	False	False	False	0	38	0	0
near Coeur Alene City	unmatched	False	False	False	0	0	0	0
near Columbus	transform	False	False	False	0	29	0	0
near Conway	transform	False	False	False	0	27	0	0
near Cork	transform	False	True	False	1	8	0	2
near Cottage City	transform	False	False	False	0	2	0	0
near Curwensville	transform	False	False	False	0	1	0	0
near Despatch	spelling	False	False	False	0	1	0	0
near Dewsonville	spelling	False	False	False	0	6	0	0
near Duck eystown	unmatched	False	False	False	0	0	0	0
near Durham	transform	False	False	False	0	41	0	0
near Edina	transform	False	False	False	0	48	0	0
near Egg Harbor	transform	False	False	False	0	4	0	0
near El Modena	transform	False	False	False	0	1	0	0
near Elwood	transform	False	False	False	0	69	0	0
near Enniskerry	transform	False	False	False	0	2	0	0
near Estoril	transform	False	False	False	0	1	0	0
near Evan	transform	False	False	False	0	2	0	0
near Faulkton	transform	False	False	False	0	1	0	0
near Fordson	spelling	False	False	False	0	5	0	0
near Fort Scott	transform	False	False	False	0	1	0	0
near Fort Worth in the Burleson community	unmatched	False	False	False	0	0	0	0
near Galt	transform	False	False	False	0	9	0	0
near Georgetown	transform	False	False	False	0	56	0	0
near Gillespie	transform	False	False	False	0	6	0	0
near Gorin	transform	False	False	False	0	12	0	0
near Hamler	transform	False	False	False	0	37	0	0
near Hiawatha	transform	False	False	False	0	10	0	0
near Hickory	transform	False	False	False	0	24	0	0
near Highmore	transform	False	False	False	0	1	0	0
near Holy Cross	transform	False	False	False	0	6	0	0
near Houghton	mnt	False	False	False	0	24	0	0
near Jugenheim	transform	False	False	False	0	1	0	0
near Kansas City	mnt	False	False	False	0	1	0	0
near Kidderminster	transform	False	False	False	0	1	0	0
near Kirkville	transform	False	False	False	0	9	0	0
near Lamestone	spelling	False	False	False	0	30	0	0
near Lavaca	transform	False	False	False	0	3	0	0
near Lichfield	mnt	False	False	False	0	47	0	0
near Lischville	spelling	False	False	False	0	2	0	0
near Long Creek	transform	False	False	False	0	14	0	0
near Los Angeles	mnt	False	False	False	0	1	0	0
near Louisville	mnt	False	False	False	0	2	0	0
near Mankato	transform	False	False	False	0	3	0	0
near Marrar	transform	False	False	False	0	10	0	0
near Mather Field	transform	False	False	False	0	1	0	0
near McCoys Ferry	unmatched	False	False	False	0	0	0	0
near Mexia	transform	False	False	False	0	9	0	0
near Milford	transform	False	False	False	0	76	0	0
near Milton	transform	False	False	False	0	171	0	0
near Mount Jackson	unmatched	False	False	False	0	0	0	0
near Mt. Freedom	unmatched	False	False	False	0	0	0	0
near Mt. Hamill	unmatched	False	False	False	0	0	0	0
near New Bedford	transform	False	False	False	0	5	0	0
near Newcastle	transform	False	False	False	0	44	0	0
near Nichols ville	spelling	False	False	False	0	4	0	0
near North Wilkesboro	transform	False	False	False	0	1	0	0
near Notre Dame	transform	False	False	False	0	5	0	0
near Oak Ridge	transform	False	False	False	0	33	0	0
near Oakland	mnt	False	False	False	0	10	0	0
near Ore	transform	False	False	False	0	3	0	0
near Ossinning	spelling	False	False	False	0	1	0	0
near Oxford Valley	transform	False	False	False	0	1	0	0
near Paris	mnt	False	False	False	0	22	0	0
near Pariz	spelling	False	False	False	0	34	0	0
near Pekin	mnt	False	False	False	0	8	0	0
near Pellinzona	spelling	False	False	False	0	2	0	0
near Perryabure	unmatched	False	False	False	0	0	0	0
near Peyton	transform	False	False	False	0	26	0	0
near Port De posit	spelling	False	False	False	0	1	0	0
near Port Washington	transform	False	False	False	0	3	0	0
near Quesnelle	unmatched	False	False	False	0	0	0	0
near Rhineland er	spelling	False	False	False	0	1	0	0
near Rigel Station	unmatched	False	False	False	0	0	0	0
near Riverdale	transform	False	False	False	0	39	0	0
near Ross	transform	False	False	False	0	37	0	0
near Royals Stadium	unmatched	False	False	False	0	0	0	0
near Salt Ash	transform	False	False	False	0	2	0	0
near Saltese	transform	False	False	False	0	1	0	0
near Santa Fe	mnt	False	False	False	0	1	0	0
near Schampa Corners	unmatched	False	False	False	0	0	0	0
near Secord Creek	unmatched	False	False	False	0	0	0	0
near Sharon	transform	False	False	False	0	47	0	0
near Sharps ville	spelling	False	False	False	0	4	0	0
near Shinnston	transform	False	False	False	0	1	0	0
near Siloam Springs enroute from Okmulgee	unmatched	False	False	False	0	0	0	0
near Snow Hill	transform	False	False	False	0	15	0	0
near Socorro	transform	False	False	False	0	4	0	0
near Spencer	transform	False	False	False	0	46	0	0
near Statesville in Iredell County	unmatched	False	False	False	0	0	0	0
near Sterling	transform	False	False	False	0	49	0	0
near Tahlequah	transform	False	False	False	0	2	0	0
near Thermopolis	transform	False	False	False	0	1	0	0
near Tracy	transform	False	False	False	0	21	0	0
near Triumph	transform	False	False	False	0	8	0	0
near Troy	transform	False	False	False	0	57	0	0
near Turkey Creek	transform	False	False	False	0	15	0	0
near Uniontown	transform	False	False	False	0	19	0	0
near Valley Forge	transform	False	False	False	0	5	0	0
near Vend+¦me	spelling	False	False	False	0	1	0	0
near Wagoner	transform	False	False	False	0	21	0	0
near Weaver	transform	False	False	False	0	88	0	0
near Weirton	transform	False	False	False	0	3	0	0
near Whiterock	transform	False	False	False	0	29	0	0
near Woodstock	transform	False	False	False	0	39	0	0
near Worcester	transform	False	False	False	0	13	0	0
near Zurich	transform	False	False	False	0	10	0	0
near here	unmatched	False	False	False	0	0	0	0
near his brother's cabin	unmatched	False	False	False	0	0	0	0
near his home	unmatched	False	False	False	0	0	0	0
near the Madison airport	unmatched	False	False	False	0	0	0	0
near the Main Street crossing of the eastbound mainline of the Pennsylvania Railroad	unmatched	False	False	False	0	0	0	0
near the Washoe smelter	unmatched	False	False	False	0	0	0	0
near the great log jam north of Camden Place	unmatched	False	False	False	0	0	0	0
near the railway track	unmatched	False	False	False	0	0	0	0
near the village of Beryioza	unmatched	False	False	False	0	0	0	0
near the village of Buford	unmatched	False	False	False	0	0	0	0
near the village of Junction on Route 13	unmatched	False	False	False	0	0	0	0
near this rural St. Lawrence County community	unmatched	False	False	False	0	0	0	0
near town	spelling	False	False	False	0	2	0	0
neighborhood school	unmatched	False	False	False	0	0	0	0
none	pa_name	False	False	False	0	1	0	0
north Fifth street	unmatched	False	False	False	0	0	0	0
north east section of the city	unmatched	False	False	False	0	0	0	0
north edge of Black Forest	unmatched	False	False	False	0	0	0	0
north of Alexander	transform	False	False	False	0	23	0	0
north of Belle Plaine	transform	False	False	False	0	9	0	0
north of Dorset	transform	False	False	False	0	16	0	0
north of Edgewood	transform	False	False	False	0	40	0	0
north of Macgregor	transform	False	False	False	0	12	0	0
north of Mt. Pleasant on No. 218	unmatched	False	False	False	0	0	0	0
north of Plattsburgh	transform	False	False	False	0	7	0	0
north of Topeka	transform	False	False	False	0	4	0	0
north west of Lown	unmatched	False	False	False	0	0	0	0
northern Scotland	mnt	False	False	False	0	1	0	0
northern Union County	unmatched	False	False	False	0	0	0	0
northwest of Garrison	transform	False	False	False	0	134	0	0
northwest territory	mnt	False	False	False	0	1	0	0
northwestern Australia	unmatched	False	False	False	0	0	0	0
northwestern suburb of Villa Martelli	unmatched	False	False	False	0	0	0	0
nurse care center in Mooresville	unmatched	False	False	False	0	0	0	0
nursing home in Hiram	unmatched	False	False	False	0	0	0	0
nursing home in Nora Springs	unmatched	False	False	False	0	0	0	0
oe Hospital	unmatched	False	False	False	0	0	0	0
of Freetown	unmatched	False	False	False	0	0	0	0
of Prairieville	unmatched	False	False	False	0	0	0	0
off Castlereagh street	unmatched	False	False	False	0	0	0	0
off Edgemere	unmatched	False	False	False	0	0	0	0
off Harbor Point	unmatched	False	False	False	0	0	0	0
off Nantucket lightship	unmatched	False	False	False	0	0	0	0
off Old Orchard Beach	unmatched	False	False	False	0	0	0	0
off Point Reyes	unmatched	False	False	False	0	0	0	0
office	spelling	False	False	False	0	1	0	0
office of Dr. Albert D. Driscoll	unmatched	False	False	False	0	0	0	0
office of F. G. Hulse	unmatched	False	False	False	0	0	0	0
office of Justice of the Peace Daniel Gorman	unmatched	False	False	False	0	0	0	0
office of the St. Louis Post-Dispatch	unmatched	False	False	False	0	0	0	0
office of the county clerk	unmatched	False	False	False	0	0	0	0
offices of HEILY	unmatched	False	False	False	0	0	0	0
old Fort Randall	unmatched	False	False	False	0	0	0	0
old Glew homestead	unmatched	False	False	False	0	0	0	0
old Gregg farm	unmatched	False	False	False	0	0	0	0
old Kline home place near Broadway	unmatched	False	False	False	0	0	0	0
old Sipes graveyard	unmatched	False	False	False	0	0	0	0
old home in Clay township	unmatched	False	False	False	0	0	0	0
old home of Mr. and Mrs. Howard Nixon	unmatched	False	False	False	0	0	0	0
old homestead	mnt	False	True	False	2	2	2	1
old homestead farm near Sergeantsville	unmatched	False	False	False	0	0	0	0
old homestead of Robert Mason	unmatched	False	False	False	0	0	0	0
old log house near Keshena	unmatched	False	False	False	0	0	0	0
old stone house in their rented home in Lindenburg	unmatched	False	False	False	0	0	0	0
on North Hamilton street	unmatched	False	False	False	0	0	0	0
on Sturgeon Creek	unmatched	False	False	False	0	0	0	0
on U.S. 6 near East Gary	unmatched	False	False	False	0	0	0	0
on U.S. Highway No. 10	unmatched	False	False	False	0	0	0	0
on West Chestnut street	unmatched	False	False	False	0	0	0	0
on a curve near	unmatched	False	False	False	0	0	0	0
on a rural road in Florence County	unmatched	False	False	False	0	0	0	0
on a streetcar near his home	unmatched	False	False	False	0	0	0	0
on a train en route to the Boise Veterans hospital	unmatched	False	False	False	0	0	0	0
on board the Gaa Paa	unmatched	False	False	False	0	0	0	0
on board the steamer Chattahoochee	unmatched	False	False	False	0	0	0	0
on car floor near station	unmatched	False	False	False	0	0	0	0
on gravel road intersection	unmatched	False	False	False	0	0	0	0
on highway near Atlantic	unmatched	False	False	False	0	0	0	0
on his farm	unmatched	False	False	False	0	0	0	0
on his father's farm near Pleasant Hill	unmatched	False	False	False	0	0	0	0
on ship Scharhorst (North German Lloyd steamship)	unmatched	False	False	False	0	0	0	0
on the road six miles north of Peru	unmatched	False	False	False	0	0	0	0
onboard the liner Maasdam	unmatched	False	False	False	0	0	0	0
one Square from the Vatican	unmatched	False	False	False	0	0	0	0
one home	unmatched	False	False	False	0	0	0	0
one mile north of Neeleyville	unmatched	False	False	False	0	0	0	0
one mile north of the Kankakee Will County line	unmatched	False	False	False	0	0	0	0
one mile south of Broadway	unmatched	False	False	False	0	0	0	0
one mile south of Grand Rapids	unmatched	False	False	False	0	0	0	0
one mile south of Jacksonville	unmatched	False	False	False	0	0	0	0
outside Green River	unmatched	False	False	False	0	0	0	0
outside a Las Vegas sports stadium	unmatched	False	False	False	0	0	0	0
outside his New York apartment	unmatched	False	False	False	0	0	0	0
outside his home	unmatched	False	False	False	0	0	0	0
outside the lakefront area near Scranton	unmatched	False	False	False	0	0	0	0
outside their apartment home here	unmatched	False	False	False	0	0	0	0
outskirts of Morgantown	unmatched	False	False	False	0	0	0	0
outskirts of Prineville	unmatched	False	False	False	0	0	0	0
paper mill	mnt	False	True	False	1	2	1	1
parapnage	unmatched	False	False	False	0	0	0	0
parents home in Lillian	unmatched	False	False	False	0	0	0	0
parents residence	unmatched	False	False	False	0	0	0	0
parish house	unmatched	False	False	False	0	0	0	0
parish of Girvan	spelling	False	False	False	0	5	0	0
parking lot of the store	unmatched	False	False	False	0	0	0	0
parlor car on Bayonne Limited express	unmatched	False	False	False	0	0	0	0
parsonage in Hollandale	unmatched	False	False	False	0	0	0	0
parsonage of Christ Lutheran church	unmatched	False	False	False	0	0	0	0
parsonage of Zions Evangelical Lutheran church	unmatched	False	False	False	0	0	0	0
parsonage of one of the Methodist churches	unmatched	False	False	False	0	0	0	0
parsonage of the Caledonia Street M. E. church	unmatched	False	False	False	0	0	0	0
parsonage of the Church of the Brethren	unmatched	False	False	False	0	0	0	0
parsonage of the Methodist Episcopal church Greenfield	unmatched	False	False	False	0	0	0	0
parsonage of the Second Congregational church	unmatched	False	False	False	0	0	0	0
parsonage of the United Brethren Church	unmatched	False	False	False	0	0	0	0
part of the city of New York	unmatched	False	False	False	0	0	0	0
pas	unmatched	False	True	False	1	0	0	1
pasture on his farm near St. Lawrence	unmatched	False	False	False	0	0	0	0
phalowale	unmatched	False	False	False	0	0	0	0
physician's office at 1912 W. 22nd	unmatched	False	False	False	0	0	0	0
plane crash site near Bolivia	unmatched	False	False	False	0	0	0	0
plantation of Dr. J. W. Daniels	unmatched	False	False	False	0	0	0	0
plateau at the west end of the Grand Canyon	unmatched	False	False	False	0	0	0	0
police court	unmatched	False	False	False	0	0	0	0
police headquarters	unmatched	False	False	False	0	0	0	0
pond at Mackay	unmatched	False	False	False	0	0	0	0
pond in Smith street	unmatched	False	False	False	0	0	0	0
power house of the Chicago and North Western road	unmatched	False	False	False	0	0	0	0
prairie three miles from Cheyenne	unmatched	False	False	False	0	0	0	0
preachers home	unmatched	False	False	False	0	0	0	0
presidential cemetery near Rt. 22	unmatched	False	False	False	0	0	0	0
probate	unmatched	False	False	False	0	0	0	0
prominent hotel in Philadelphia	unmatched	False	False	False	0	0	0	0
property room of Millers Hall	unmatched	False	False	False	0	0	0	0
public gardens near Bamberg	unmatched	False	False	False	0	0	0	0
railway station	unmatched	False	False	False	0	0	0	0
ranch home	unmatched	False	False	False	0	0	0	0
ranch home 18 miles north of Townsend	unmatched	False	False	False	0	0	0	0
ranch near Payette	unmatched	False	False	False	0	0	0	0
ranch near the town of Yolo	unmatched	False	False	False	0	0	0	0
ranch style home	unmatched	False	False	False	0	0	0	0
rear of his quarters at Olangapo	unmatched	False	False	False	0	0	0	0
rear of the International Salt Co rail hopper	unmatched	False	False	False	0	0	0	0
rear yard of premises of Charlie D. Chapman	unmatched	False	False	False	0	0	0	0
receiving ward of a hospital	unmatched	False	False	False	0	0	0	0
rectory of St Matthias Anglican Church	unmatched	False	False	False	0	0	0	0
rectory of St. Charles Catholic Church	unmatched	False	False	False	0	0	0	0
rectory of St. Johns Church	unmatched	False	False	False	0	0	0	0
rectory of St. PeteruponCornhill	unmatched	False	False	False	0	0	0	0
rednight district	unmatched	False	False	False	0	0	0	0
residence No. 629 Fourth street	unmatched	False	False	False	0	0	0	0
residence corner of Sixth and Hanover	unmatched	False	False	False	0	0	0	0
residence near Kosanth	unmatched	False	False	False	0	0	0	0
residence of Dr. J. O. Taggart	unmatched	False	False	False	0	0	0	0
residence of Justice Cleveland	unmatched	False	False	False	0	0	0	0
residence of Mr. and Mrs. George Wright	unmatched	False	False	False	0	0	0	0
residence of Mr. and Mrs. John Ford	unmatched	False	False	False	0	0	0	0
residence of Mr. and Mrs. N. H. Price	unmatched	False	False	False	0	0	0	0
residence of Mrs. Hicks	unmatched	False	False	False	0	0	0	0
residence of Mrs. Mary Ragan on North 5th street	unmatched	False	False	False	0	0	0	0
residence of a daughter-in-law	unmatched	False	False	False	0	0	0	0
residence of counselor Spellesy	unmatched	False	False	False	0	0	0	0
residence of granddaughter	unmatched	False	False	False	0	0	0	0
residence of her son	unmatched	False	False	False	0	0	0	0
residence of the brides father	unmatched	False	False	False	0	0	0	0
residence of the brides parents	unmatched	False	False	False	0	0	0	0
residence of the brides parents in Wakarusa township	unmatched	False	False	False	0	0	0	0
rest room of the Municipal park	unmatched	False	False	False	0	0	0	0
river near the Crystal glass works	unmatched	False	False	False	0	0	0	0
river road north of the Ben Laney bridge	unmatched	False	False	False	0	0	0	0
river valley cabin	unmatched	False	False	False	0	0	0	0
road intersection south of Blaine	unmatched	False	False	False	0	0	0	0
road marking the Wayne Washtenaw County line near Willis	unmatched	False	False	False	0	0	0	0
room 13 in a local hotel	unmatched	False	False	False	0	0	0	0
room 6	unmatched	False	False	False	0	0	0	0
room at a Justus boarding house	unmatched	False	False	False	0	0	0	0
rooming house	unmatched	False	False	False	0	0	0	0
rooming house (three-story building)	unmatched	False	False	False	0	0	0	0
rotunda of the state house	unmatched	False	False	False	0	0	0	0
rubber house	unmatched	False	False	False	0	0	0	0
rugged canyon country about 25 miles southeast of downtown San Diego	unmatched	False	False	False	0	0	0	0
rural Bath	transform	False	False	False	0	24	0	0
rural Blandinsville	transform	False	False	False	0	1	0	0
rural Cole Camp	transform	False	False	False	0	1	0	0
rural DeSoto	transform	False	False	False	0	15	0	0
rural Ramona	transform	False	False	False	0	13	0	0
rural area near Afton	unmatched	False	False	False	0	0	0	0
rural crossing on a gravel road	unmatched	False	False	False	0	0	0	0
rural home	transform	False	False	False	0	8	0	0
rural road six miles east of Maxton	unmatched	False	False	False	0	0	0	0
rural route Kokomo	unmatched	False	False	False	0	0	0	0
saackson county	unmatched	False	False	False	0	0	0	0
sanatorium Zevengesternte	unmatched	False	False	False	0	0	0	0
saneytown RD 1	spelling	False	False	False	0	3	0	0
saw mill of Abe McDonald	unmatched	False	False	False	0	0	0	0
sawmill outside Berchtesgaden	unmatched	False	False	False	0	0	0	0
scene near Stout residence	unmatched	False	False	False	0	0	0	0
scene of the accident near Jessop Place exit off Interstate 70	unmatched	False	False	False	0	0	0	0
scene on Route 26	unmatched	False	False	False	0	0	0	0
school room	unmatched	False	False	False	0	0	0	0
sea off St. Augustine	unmatched	False	False	False	0	0	0	0
seven miles south of Ashland	unmatched	False	False	False	0	0	0	0
seven miles south of Terre Haute	unmatched	False	False	False	0	0	0	0
shed in rear of the Kennedy home	unmatched	False	False	False	0	0	0	0
shed near Mirminfords	unmatched	False	False	False	0	0	0	0
shore of Egypt	unmatched	False	False	False	0	0	0	0
shore of Oneida Lake near Wilson Cove Road	unmatched	False	False	False	0	0	0	0
side of a railroad viaduct	unmatched	False	False	False	0	0	0	0
sinking steamer Washington	unmatched	False	False	False	0	0	0	0
six miles northeast of Carlock	unmatched	False	False	False	0	0	0	0
six miles southwest of California	unmatched	False	False	False	0	0	0	0
six miles west of Winton	unmatched	False	False	False	0	0	0	0
small house near Claysville	unmatched	False	False	False	0	0	0	0
small hut	unmatched	False	False	False	0	0	0	0
smoking forest	unmatched	False	False	False	0	0	0	0
soldiers home hospital	mnt	False	True	False	1	1	1	1
son's residence	unmatched	False	False	False	0	0	0	0
south Miami-Dade home	unmatched	False	False	False	0	0	0	0
south of Bonners Ferry	transform	False	False	False	0	1	0	0
south of Castalia	transform	False	False	False	0	6	0	0
south of Cole Camp	transform	False	False	False	0	1	0	0
south of Conn	transform	False	False	False	0	3	0	0
south of Kalispell	transform	False	False	False	0	2	0	0
south of Shelby	transform	False	False	False	0	44	0	0
south of Talmage	transform	False	False	False	0	12	0	0
south of Wyatt	transform	False	False	False	0	17	0	0
south west of Twin Falls	unmatched	False	False	False	0	0	0	0
south western England	unmatched	False	False	False	0	0	0	0
southbound I-196 north of Saugatuck	unmatched	False	False	False	0	0	0	0
southeast area of Charleston	unmatched	False	False	False	0	0	0	0
southeast corner of his cottage	unmatched	False	False	False	0	0	0	0
southeast of Lafayette	transform	False	False	False	0	55	0	0
southern Clermont county	unmatched	False	False	False	0	0	0	0
southwest of a small airfield near Houston	unmatched	False	False	False	0	0	0	0
southwestern Montana	mnt	False	False	False	0	1	0	0
st	mnt	False	False	False	0	1	0	0
st. George	spelling	False	True	False	20	27	14	20
stadium at Ohio State university	unmatched	False	False	False	0	0	0	0
stairwell near police station	unmatched	False	False	False	0	0	0	0
station hospital	unmatched	False	False	False	0	0	0	0
steps of the Holy Innocents rectory	unmatched	False	False	False	0	0	0	0
sth floor	unmatched	False	False	False	0	0	0	0
stock tank on the farm near Hopkinton	unmatched	False	False	False	0	0	0	0
store	spelling	False	False	False	0	61	0	0
store in Albans	unmatched	False	False	False	0	0	0	0
street near the city water filtration plant in Verdun	unmatched	False	False	False	0	0	0	0
street northeast	unmatched	False	False	False	0	0	0	0
suburb of Stockton	unmatched	False	False	False	0	0	0	0
suburban Chamblee	transform	False	False	False	0	3	0	0
suburban Lyndhurst parking lot	unmatched	False	False	False	0	0	0	0
suburban Montebello	transform	False	False	False	0	11	0	0
suburban Philadelphia	mnt	False	False	False	0	1	0	0
summer home in Winnetka	unmatched	False	False	False	0	0	0	0
summer residence in Florida	unmatched	False	False	False	0	0	0	0
sweater shop	unmatched	False	False	False	0	0	0	0
tarary home	unmatched	False	False	False	0	0	0	0
tenement	unmatched	False	False	False	0	0	0	0
tenement building	unmatched	False	False	False	0	0	0	0
the Bluff Hill	unmatched	False	False	False	0	0	0	0
the Brown home at Pelham and Rives	unmatched	False	False	False	0	0	0	0
the Cedars	mnt	False	True	False	1	1	1	1
the Shorts home near Nauvoo	unmatched	False	False	False	0	0	0	0
the bride	spelling	False	False	False	0	1	0	0
the family residence	unmatched	False	False	False	0	0	0	0
the home	spelling	False	False	False	0	2	0	0
the home of her daughter	unmatched	False	False	False	0	0	0	0
the janitors quarters at 11 M street	unmatched	False	False	False	0	0	0	0
the parental Wm. Watkins home	unmatched	False	False	False	0	0	0	0
the residence of the grandmother	unmatched	False	False	False	0	0	0	0
the river near Orths brewery	unmatched	False	False	False	0	0	0	0
the royal residence near Buckingham Palace	unmatched	False	False	False	0	0	0	0
the street	pa_name	False	False	False	0	2	0	0
their home	unmatched	False	False	False	0	0	0	0
their home below College	unmatched	False	False	False	0	0	0	0
their home on Detroit's East Side	unmatched	False	False	False	0	0	0	0
their home on Western avenue	unmatched	False	False	False	0	0	0	0
their home southwest of Carey	unmatched	False	False	False	0	0	0	0
their residence	unmatched	False	False	False	0	0	0	0
third floor apartment near Des Moines north side	unmatched	False	False	False	0	0	0	0
this city	unmatched	False	False	False	0	0	0	0
this city (Cincinnati)	unmatched	False	False	False	0	0	0	0
this county	unmatched	False	False	False	0	0	0	0
three and a half miles west of Richland	unmatched	False	False	False	0	0	0	0
three and one-half miles north of Cambridge City	unmatched	False	False	False	0	0	0	0
three miles from Oxnard	unmatched	False	False	False	0	0	0	0
three miles north of his home	unmatched	False	False	False	0	0	0	0
three miles south of Muscotah home	unmatched	False	False	False	0	0	0	0
three miles south of Westport	unmatched	False	False	False	0	0	0	0
three miles west of here	unmatched	False	False	False	0	0	0	0
thrift shop behind Barnabas Episcopal Church	unmatched	False	False	False	0	0	0	0
tion Catholic Church in Albemarle	unmatched	False	False	False	0	0	0	0
town hall	mnt	False	True	False	1	8	1	1
town of Genesee	mnt	False	False	False	0	10	0	0
town of Richfield	transform	False	False	False	0	8	0	0
town road west of Downsville	unmatched	False	False	False	0	0	0	0
township of Storringiee	unmatched	False	False	False	0	0	0	0
trackside near the depot	unmatched	False	False	False	0	0	0	0
trail near Bontoc	unmatched	False	False	False	0	0	0	0
trailer home	unmatched	False	False	False	0	0	0	0
train crossing in ErieGÇÖs West Side	unmatched	False	False	False	0	0	0	0
two and onehalf miles east of Nachusa	unmatched	False	False	False	0	0	0	0
two and onehalf miles west of Linwood	unmatched	False	False	False	0	0	0	0
two and threetenths miles south of Defiance	unmatched	False	False	False	0	0	0	0
two blocks west at Connecticut Avenue	unmatched	False	False	False	0	0	0	0
two miles east of Clovis	unmatched	False	False	False	0	0	0	0
two miles east of Mantua Station	unmatched	False	False	False	0	0	0	0
two miles north of Nyssa	unmatched	False	False	False	0	0	0	0
two miles north of Wirch	unmatched	False	False	False	0	0	0	0
two miles south of Mascoutah	unmatched	False	False	False	0	0	0	0
two miles south of Salem on M19	unmatched	False	False	False	0	0	0	0
two miles south of Waco	unmatched	False	False	False	0	0	0	0
underground mine area near Oakland City	unmatched	False	False	False	0	0	0	0
unventilated West Side apartment	unmatched	False	False	False	0	0	0	0
vacant lot	unmatched	False	False	False	0	0	0	0
vault in a Dominican cloister (monastery)	unmatched	False	False	False	0	0	0	0
veranda of a Niagara Falls hotel	unmatched	False	False	False	0	0	0	0
veterans hospital	unmatched	False	True	False	1	0	0	1
village cemetery	mnt	False	True	False	1	1	1	1
voting booth	unmatched	False	False	False	0	0	0	0
water near the Lime Kilna adjoining this city	unmatched	False	False	False	0	0	0	0
water near the bridge on Highway 90 between Pascagoula and Gautier	unmatched	False	False	False	0	0	0	0
water-filled rain barrel	unmatched	False	False	False	0	0	0	0
water-filled tank on the farm	unmatched	False	False	False	0	0	0	0
waters of Lake Superior near Isle Royale	unmatched	False	False	False	0	0	0	0
west of Bryan	transform	False	False	False	0	78	0	0
west of Richton	transform	False	False	False	0	13	0	0
western Fayette County	unmatched	False	False	False	0	0	0	0
western part of Richwood	unmatched	False	False	False	0	0	0	0
with Milne Sparks near Graysville	unmatched	False	False	False	0	0	0	0
wood lot	unmatched	False	False	False	0	0	0	0
wooded area on the Southeast side	unmatched	False	False	False	0	0	0	0
wooded area southeast of Chico	unmatched	False	False	False	0	0	0	0
woodland home	spelling	False	False	False	0	1	0	0
woods Shaw Hollow	unmatched	False	False	False	0	0	0	0
woods near Covington	unmatched	False	False	False	0	0	0	0
woods off Interstate 95 in Halifax County	unmatched	False	False	False	0	0	0	0
woods south of Winter Garden	unmatched	False	False	False	0	0	0	0
xt street	unmatched	False	False	False	0	0	0	0
yards of East Tennessee and Western North Carolina railroad in Bristol	unmatched	False	False	False	0	0	0	0
zona	mnt	False	True	False	2	2	2	3
